{"type":"FeatureCollection","features":[{"type":"Feature","geometry":{"geodesic":false,"type":"Polygon","coordinates":[[[-118.65078893943429,34.428324123798276],[-118.65077298613637,34.427512815604565],[-118.65044661853678,34.42751722150866],[-118.65044130196556,34.427246785372226],[-118.65011493534512,34.42725119036902],[-118.6501202508653,34.427521626550366],[-118.64979388313094,34.427526030711725],[-118.64982045655468,34.428878211636444],[-118.6504732024708,34.428869401993204],[-118.65046256868159,34.42832852983712],[-118.65078893943429,34.428324123798276]]]},"id":"2_+2832+4594","properties":{"count":14,"date":"2023-07-12","thr":1,"threshold":"TOP2"}},{"type":"Feature","geometry":{"geodesic":false,"type":"Polygon","coordinates":[[[-118.58132854431481,34.241234267856726],[-118.58132348572178,34.24096381424806],[-118.58034651427478,34.24097641355111],[-118.58035662528941,34.24151732101099],[-118.58100794381848,34.24150892216733],[-118.58100288619563,34.24123846853171],[-118.58132854431481,34.241234267856726]]]},"id":"2_+3035+5286","properties":{"count":5,"date":"2023-07-12","thr":1,"threshold":"TOP2"}},{"type":"Feature","geometry":{"geodesic":false,"type":"Polygon","coordinates":[[[-118.55051800876026,34.23080704065933],[-118.5505130506438,34.230536582604],[-118.5501874289064,34.230540700310584],[-118.55019238598081,34.23081115840184],[-118.55051800876026,34.23080704065933]]]},"id":"2_+3127+5326","properties":{"count":1,"date":"2023-07-12","thr":1,"threshold":"TOP2"}},{"type":"Feature","geometry":{"geodesic":false,"type":"Polygon","coordinates":[[[-118.48063441361836,34.22030892717829],[-118.48062968077242,34.22003845989726],[-118.48030408889501,34.22004239098782],[-118.48029462547586,34.21950145631798],[-118.47996903561068,34.21950538646531],[-118.47996430503748,34.219234919076484],[-118.47898753819076,34.219246704200465],[-118.47899226563783,34.219517171706066],[-118.47834108534153,34.219525024221326],[-118.47835526184366,34.220336426917804],[-118.47868085514041,34.220332500974585],[-118.47868558180595,34.220602968471205],[-118.4803135525567,34.220583325603776],[-118.48030882069891,34.22031285830478],[-118.48063441361836,34.22030892717829]]]},"id":"2_+3345+5371","properties":{"count":27,"date":"2023-07-12","thr":1,"threshold":"TOP2"}},{"type":"Feature","geometry":{"geodesic":false,"type":"Polygon","coordinates":[[[-118.47509058310312,34.31316504728214],[-118.47508585155076,34.31289458344166],[-118.47475990080538,34.312898509070465],[-118.47476463130671,34.313168972964846],[-118.47509058310312,34.31316504728214]]]},"id":"2_+3363+5025","properties":{"count":1,"date":"2023-07-12","thr":1,"threshold":"TOP2"}},{"type":"Feature","geometry":{"geodesic":false,"type":"Polygon","coordinates":[[[-118.32516190920187,33.77272011467169],[-118.32514941351948,33.771908599595974],[-118.32450159660543,33.77191555475714],[-118.32449743352494,33.771645049630095],[-118.32384961841649,33.77165200132377],[-118.32384545742009,33.77138149611587],[-118.32319764412625,33.77138844433307],[-118.32319348522293,33.771117939053305],[-118.32286957951025,33.77112141185036],[-118.32287373739848,33.77139191717504],[-118.32157810992146,33.77140580001792],[-118.32158226379421,33.77167630546836],[-118.32125835576389,33.77167977408825],[-118.32126250867545,33.771950279565644],[-118.32093859957612,33.771953747368066],[-118.32095105557991,33.77276526382719],[-118.32127496772453,33.77276179591697],[-118.32128327404172,33.77330280675497],[-118.3219311022476,33.7732958682306],[-118.32193525752173,33.77356637356426],[-118.3235548321507,33.773549012229005],[-118.32355067178314,33.773278507075005],[-118.3245224128433,33.77326808017679],[-118.32451824948433,33.77299757512161],[-118.32484216204216,33.77299409782399],[-118.324837997722,33.772723592786775],[-118.32516190920187,33.77272011467169]]]},"id":"2_+3803+7034","properties":{"count":83,"date":"2023-07-12","thr":1,"threshold":"TOP2"}},{"type":"Feature","geometry":{"geodesic":false,"type":"Polygon","coordinates":[[[-118.22615120111779,34.008038930112974],[-118.22613953601773,34.00722741474979],[-118.22581472436306,34.00723065251164],[-118.22581861165177,34.007501157683606],[-118.22549379891915,34.007504394619],[-118.22550157158315,34.0080454049809],[-118.22615120111779,34.008038930112974]]]},"id":"2_+4113+6165","properties":{"count":5,"date":"2023-07-12","thr":1,"threshold":"TOP2"}},{"type":"Feature","geometry":{"geodesic":false,"type":"Polygon","coordinates":[[[-118.21926174720873,33.843885041052026],[-118.2192540617442,33.84334401498758],[-118.21828148838593,33.843353630446586],[-118.21828532803698,33.84362414358661],[-118.2186095202224,33.843620939251075],[-118.21861336094246,33.843891452337196],[-118.21926174720873,33.843885041052026]]]},"id":"2_+4129+6771","properties":{"count":5,"date":"2023-07-12","thr":1,"threshold":"TOP2"}},{"type":"Feature","geometry":{"geodesic":false,"type":"Polygon","coordinates":[[[-118.21981339781873,33.99646854531493],[-118.21980179804414,33.99565702649324],[-118.21947702966133,33.99566024656726],[-118.21946929879593,33.99511923388771],[-118.21914453242535,33.995122453036466],[-118.21914066809758,33.99485194665178],[-118.21849113724288,33.99485838230824],[-118.21848727502613,33.99458787585168],[-118.21816251055101,33.994591092359386],[-118.21816637174366,33.99486159885188],[-118.21784160619055,33.99486481454211],[-118.21784546640403,33.99513532106155],[-118.21752069976395,33.99513853592534],[-118.21753613700669,33.99622056200309],[-118.21786090776105,33.99621734700455],[-118.21786862874498,33.996758359908675],[-118.2185181742063,33.99675192721666],[-118.21852203683625,33.99702243358338],[-118.21917158414809,33.9970159974059],[-118.21916771946098,33.99674549110206],[-118.21949249201198,33.99674227175568],[-118.21948862634571,33.99647176547878],[-118.21981339781873,33.99646854531493]]]},"id":"2_+4136+6212","properties":{"count":44,"date":"2023-07-12","thr":1,"threshold":"TOP2"}},{"type":"Feature","geometry":{"geodesic":false,"type":"Polygon","coordinates":[[[-118.212209167284,33.98707463973247],[-118.21220148497254,33.98653362484307],[-118.21187675037537,33.98653682410312],[-118.21186907031868,33.985995809096934],[-118.21154433773374,33.98599900743172],[-118.21154049881032,33.98572849987922],[-118.21121576720454,33.98573169732468],[-118.21122344303915,33.986272712483576],[-118.21154817671105,33.98626951496625],[-118.21155969393945,33.987081037515956],[-118.21123495718632,33.98708423512311],[-118.21123879533718,33.98735474264866],[-118.21188827084669,33.98734834650909],[-118.21188443063868,33.9870778390554],[-118.212209167284,33.98707463973247]]]},"id":"2_+4157+6245","properties":{"count":10,"date":"2023-07-12","thr":1,"threshold":"TOP2"}},{"type":"Feature","geometry":{"geodesic":false,"type":"Polygon","coordinates":[[[-118.19640843250284,34.018342014728496],[-118.19639704590745,34.01753049179252],[-118.1957473369258,34.01753681105427],[-118.19575871734078,34.01834833418788],[-118.19640843250284,34.018342014728496]]]},"id":"2_+4206+6128","properties":{"count":6,"date":"2023-07-12","thr":1,"threshold":"TOP2"}},{"type":"Feature","geometry":{"geodesic":false,"type":"Polygon","coordinates":[[[-118.18903903838186,34.00245132719126],[-118.18902395887524,34.00136929087272],[-118.1886991650701,34.00137243016125],[-118.18871424046246,34.00245446660555],[-118.18903903838186,34.00245132719126]]]},"id":"2_+4227+6188","properties":{"count":4,"date":"2023-07-12","thr":1,"threshold":"TOP2"}},{"type":"Feature","geometry":{"geodesic":false,"type":"Polygon","coordinates":[[[-118.17046610263391,33.998300730115155],[-118.17045868168728,33.99775970799431],[-118.17013389945244,33.99776279797432],[-118.17012648076957,33.99722177574567],[-118.16980170054697,33.99722486480041],[-118.1698054088284,33.997495375955154],[-118.1694806275278,33.99749846419242],[-118.16948433483007,33.997768975365126],[-118.1691595524515,33.997772062775944],[-118.1691743780673,33.99885410747577],[-118.17014873742006,33.99884484229685],[-118.17014131834193,33.998303820158036],[-118.17046610263391,33.998300730115155]]]},"id":"2_+4285+6204","properties":{"count":17,"date":"2023-07-12","thr":1,"threshold":"TOP2"}},{"type":"Feature","geometry":{"geodesic":false,"type":"Polygon","coordinates":[[[-118.16740333064698,34.01185714473084],[-118.167395925349,34.01131612321187],[-118.16674625689934,34.01132228828678],[-118.16674995746425,34.011592799118134],[-118.16642512213899,34.01159588040244],[-118.16643252135536,34.01213690209209],[-118.16675735874675,34.0121338207449],[-118.16676105945538,34.012404331531336],[-118.16708589782593,34.01240124929481],[-118.16707849438747,34.01186022776686],[-118.16740333064698,34.01185714473084]]]},"id":"2_+4295+6152","properties":{"count":8,"date":"2023-07-12","thr":1,"threshold":"TOP2"}},{"type":"Feature","geometry":{"geodesic":false,"type":"Polygon","coordinates":[[[-118.16263441017118,33.99566953597375],[-118.16262703960207,33.99512851211017],[-118.16197749329635,33.99513464944511],[-118.1619738101408,33.99486413743697],[-118.16164903794913,33.994867204788406],[-118.16166008446032,33.9956787408847],[-118.16263441017118,33.99566953597375]]]},"id":"2_+4310+6213","properties":{"count":7,"date":"2023-07-12","thr":1,"threshold":"TOP2"}},{"type":"Feature","geometry":{"geodesic":false,"type":"Polygon","coordinates":[[[-118.16300711214551,33.99918311948201],[-118.16300342517212,33.99891260775235],[-118.16235385014726,33.99891874767444],[-118.16233911096737,33.997836700360516],[-118.16201432750185,33.99783976890671],[-118.16201064386121,33.99756925701534],[-118.16136107883459,33.99757539148466],[-118.16136476041808,33.9978459034389],[-118.16103997679986,33.99784896941591],[-118.16105101875658,33.99866050529661],[-118.16137580546501,33.998657439220786],[-118.16137948724614,33.99892795113011],[-118.16105469951363,33.99893101723289],[-118.1610583803066,33.99920152915121],[-118.16138316907218,33.99919846302148],[-118.16138685095213,33.999468974894874],[-118.16236122002466,33.99945977125953],[-118.1623575350635,33.99918925946698],[-118.16300711214551,33.99918311948201]]]},"id":"2_+4311+6203","properties":{"count":26,"date":"2023-07-12","thr":1,"threshold":"TOP2"}},{"type":"Feature","geometry":{"geodesic":false,"type":"Polygon","coordinates":[[[-118.15400737136461,33.9822234039502],[-118.154000059186,33.98168237724796],[-118.15367533620405,33.9816854225188],[-118.15367168121968,33.98141490911827],[-118.15237279293902,33.98142708150596],[-118.15238009474209,33.98196810854059],[-118.15205537049351,33.981971149562405],[-118.15205902043834,33.9822416630887],[-118.15238374571099,33.98223862203994],[-118.1523873967338,33.9825091355303],[-118.1536863014716,33.98249696263955],[-118.1536826463345,33.98222644927495],[-118.15400737136461,33.9822234039502]]]},"id":"2_+4338+6263","properties":{"count":19,"date":"2023-07-12","thr":1,"threshold":"TOP2"}},{"type":"Feature","geometry":{"geodesic":false,"type":"Polygon","coordinates":[[[-118.15150455802066,34.013359765878384],[-118.15150090556055,34.01308925367261],[-118.15117606277927,34.01309229480222],[-118.15117241139713,34.01282178254255],[-118.14987304391019,34.01283393836531],[-118.14988763325108,34.01391598780824],[-118.15118701721313,34.013903831491405],[-118.15117971420632,34.013362807043926],[-118.15150455802066,34.013359765878384]]]},"id":"2_+4347+6147","properties":{"count":17,"date":"2023-07-12","thr":1,"threshold":"TOP2"}},{"type":"Feature","geometry":{"geodesic":false,"type":"Polygon","coordinates":[[[-118.14227019505624,33.978815807380215],[-118.14226295816543,33.9782747781537],[-118.14193824680767,33.97827779218114],[-118.1419346294627,33.97800727752297],[-118.1409604981832,33.97801631438608],[-118.1409677267556,33.978557343891076],[-118.1416171517708,33.9785513200403],[-118.14162076818153,33.97882183471645],[-118.14227019505624,33.978815807380215]]]},"id":"2_+4373+6276","properties":{"count":9,"date":"2023-07-12","thr":1,"threshold":"TOP2"}},{"type":"Feature","geometry":{"geodesic":false,"type":"Polygon","coordinates":[[[-118.13865144775396,33.999681536251664],[-118.1386478379189,33.99941102222231],[-118.1383230457487,33.99941402835356],[-118.13832665455968,33.99968454240986],[-118.13865144775396,33.999681536251664]]]},"id":"2_+4382+6197","properties":{"count":1,"date":"2023-07-12","thr":1,"threshold":"TOP2"}},{"type":"Feature","geometry":{"geodesic":false,"type":"Polygon","coordinates":[[[-118.1289577415547,34.00355855598041],[-118.12894342330739,34.002476496826695],[-118.12764420331483,34.002488414649804],[-118.12764777869052,34.002758929577475],[-118.12732297254253,34.00276190691772],[-118.12732654693905,34.00303242186335],[-118.12700173971308,34.00303539837715],[-118.127016033643,34.00411745815969],[-118.12766565627858,34.00411150402717],[-118.12766208066034,34.003840989162384],[-118.12798689087771,34.003838010842976],[-118.12798331428031,34.00356749599615],[-118.1289577415547,34.00355855598041]]]},"id":"2_+4415+6186","properties":{"count":26,"date":"2023-07-12","thr":1,"threshold":"TOP2"}},{"type":"Feature","geometry":{"geodesic":false,"type":"Polygon","coordinates":[[[-118.1300133910206,33.985151599944246],[-118.13000264965814,33.98434005346343],[-118.12837897017747,33.98435495563364],[-118.1283753949545,33.98408443996038],[-118.12707645462545,33.9840963461503],[-118.12708359687875,33.98463737772142],[-118.12740833409002,33.984634402393404],[-118.12741190631262,33.98490491812955],[-118.12903559680663,33.98489002851778],[-118.12903917422149,33.98516054408326],[-118.1300133910206,33.985151599944246]]]},"id":"2_+4416+6254","properties":{"count":24,"date":"2023-07-12","thr":1,"threshold":"TOP2"}},{"type":"Feature","geometry":{"geodesic":false,"type":"MultiPolygon","coordinates":[[[[-118.12616291165759,33.98870403509448],[-118.12583815882462,33.98870700744908],[-118.1258417266275,33.988977523149295],[-118.12616648048456,33.98897455076775],[-118.12616291165759,33.98870403509448]]],[[[-118.12616291165759,33.98870403509448],[-118.12648766443667,33.98870106189547],[-118.12647695515304,33.987889514893624],[-118.12615220545518,33.98789248801179],[-118.12616291165759,33.98870403509448]]]]},"id":"2_+4419+6240","properties":{"count":4,"date":"2023-07-12","thr":1,"threshold":"TOP2"}},{"type":"Feature","geometry":{"geodesic":false,"type":"Polygon","coordinates":[[[-118.12617718725289,33.989786097715694],[-118.12617004935643,33.98924506643204],[-118.12584529446632,33.98924803884053],[-118.12584886236802,33.9895185545138],[-118.12552410639992,33.98952152609585],[-118.12552767331347,33.989792041787084],[-118.12617718725289,33.989786097715694]]]},"id":"2_+4420+6235","properties":{"count":3,"date":"2023-07-12","thr":1,"threshold":"TOP2"}},{"type":"Feature","geometry":{"geodesic":false,"type":"Polygon","coordinates":[[[-118.10595455142374,33.98320582939269],[-118.10595104739225,33.9829353115994],[-118.10562631426832,33.982938230171854],[-118.1056228113238,33.982667712333644],[-118.10529807917005,33.98267063001677],[-118.10530508305584,33.98321166572912],[-118.10595455142374,33.98320582939269]]]},"id":"2_+4483+6260","properties":{"count":3,"date":"2023-07-12","thr":1,"threshold":"TOP2"}},{"type":"Feature","geometry":{"geodesic":false,"type":"Polygon","coordinates":[[[-118.11112687267581,34.624869347110796],[-118.11111605483077,34.62405788025664],[-118.11013442559208,34.62406681873626],[-118.11013082292558,34.623796329671094],[-118.1091491964447,34.623805260173675],[-118.10915279593117,34.624075749328675],[-118.10948000587204,34.624072773344885],[-118.10948360646343,34.62434326245498],[-118.10915639546255,34.62434623846571],[-118.10916359467801,34.624887216712835],[-118.11112687267581,34.624869347110796]]]},"id":"2_+4497+3890","properties":{"count":20,"date":"2023-07-12","thr":1,"threshold":"TOP2"}},{"type":"Feature","geometry":{"geodesic":false,"type":"MultiPolygon","coordinates":[[[[-118.057057378456,33.889753787527724],[-118.05705404108895,33.889483261245346],[-118.0567296572839,33.889486044064405],[-118.05673299361787,33.88975657036474],[-118.057057378456,33.889753787527724]]],[[[-118.057057378456,33.889753787527724],[-118.05706071585897,33.890024313783144],[-118.05738510167625,33.89002153006578],[-118.0573817632402,33.88975100382832],[-118.057057378456,33.889753787527724]]]]},"id":"2_+4629+6606","properties":{"count":2,"date":"2023-07-12","thr":1,"threshold":"TOP2"}},{"type":"Feature","geometry":{"geodesic":false,"type":"Polygon","coordinates":[[[-118.05511773136938,33.890311524628004],[-118.05511440005698,33.890040998201904],[-118.05479001393428,33.89004377595445],[-118.05478668369088,33.88977324949242],[-118.05446229854734,33.88977602635564],[-118.05445896937292,33.88950549985768],[-118.05348581674504,33.8895138252461],[-118.05348249068778,33.88924329864931],[-118.05315810741274,33.88924607204504],[-118.05316143244592,33.88951659866877],[-118.0525126637219,33.88952214295393],[-118.05251598675183,33.88979266962257],[-118.05219160129387,33.889795440512],[-118.05220156758094,33.89060702053592],[-118.0528503445964,33.89060147773298],[-118.05285366882109,33.890872004329765],[-118.05447561568513,33.89085813223972],[-118.05447228633106,33.89058760578667],[-118.05479667454685,33.8905848288426],[-118.0547933442226,33.89031430239853],[-118.05511773136938,33.890311524628004]]]},"id":"2_+4640+6607","properties":{"count":37,"date":"2023-07-12","thr":1,"threshold":"TOP2"}},{"type":"Feature","geometry":{"geodesic":false,"type":"Polygon","coordinates":[[[-118.0520765271509,33.9068413697242],[-118.05207320337536,33.906570843765216],[-118.05174875433465,33.90657361469058],[-118.0517520770861,33.906844140676505],[-118.0520765271509,33.9068413697242]]]},"id":"2_+4645+6543","properties":{"count":1,"date":"2023-07-12","thr":1,"threshold":"TOP2"}},{"type":"Feature","geometry":{"geodesic":false,"type":"Polygon","coordinates":[[[-118.05274870916922,33.90872950622664],[-118.05274538303111,33.90845898041139],[-118.0524209269027,33.90846175324118],[-118.05241427681838,33.90792070151186],[-118.05208982270219,33.90792347343435],[-118.052086498747,33.90765294752029],[-118.05143759242803,33.907658488742186],[-118.05144423627804,33.90819954066015],[-118.05111978100302,33.9082023100404],[-118.05112642298454,33.908743361967346],[-118.05145088030771,33.90874059253319],[-118.05145752451705,33.90928164435233],[-118.05210644313395,33.90927610279806],[-118.05210311896316,33.90900557694688],[-118.05242757717566,33.9090028049166],[-118.05242425201672,33.90873227908338],[-118.05274870916922,33.90872950622664]]]},"id":"2_+4646+6539","properties":{"count":19,"date":"2023-07-12","thr":1,"threshold":"TOP2"}},{"type":"Feature","geometry":{"geodesic":false,"type":"Polygon","coordinates":[[[-118.04535554770993,33.914474118634075],[-118.04535224421836,33.91420359243255],[-118.04502776556019,33.9142063461911],[-118.0450310680277,33.91447687242856],[-118.04535554770993,33.914474118634075]]]},"id":"2_+4666+6515","properties":{"count":1,"date":"2023-07-12","thr":1,"threshold":"TOP2"}},{"type":"Feature","geometry":{"geodesic":false,"type":"Polygon","coordinates":[[[-118.04533242417621,33.91258043494492],[-118.04532912099006,33.91230990865356],[-118.04468017797491,33.912315414930994],[-118.0446834791129,33.91258594127625],[-118.04533242417621,33.91258043494492]]]},"id":"2_+4667+6522","properties":{"count":2,"date":"2023-07-12","thr":1,"threshold":"TOP2"}},{"type":"Feature","geometry":{"geodesic":false,"type":"Polygon","coordinates":[[[-118.04430950945401,33.9085307962717],[-118.0443029106006,33.90798974314101],[-118.04397845537949,33.90799249370156],[-118.04396526229004,33.90691038718866],[-118.04364081112033,33.90691313678802],[-118.04363421688427,33.90637208339682],[-118.04298531851539,33.90637757990957],[-118.04300508944665,33.90800074025384],[-118.04268063404587,33.90800348739181],[-118.04268722265847,33.908544540791986],[-118.04301168010741,33.908541793600115],[-118.04301497550516,33.908812320259784],[-118.04398835065473,33.90880407345598],[-118.04398505218474,33.90853354688615],[-118.04430950945401,33.9085307962717]]]},"id":"2_+4672+6544","properties":{"count":29,"date":"2023-07-12","thr":1,"threshold":"TOP2"}},{"type":"Feature","geometry":{"geodesic":false,"type":"Polygon","coordinates":[[[-118.04177835290638,33.887178381675994],[-118.04176519792347,33.88609627074339],[-118.04111645272633,33.886101754535986],[-118.04111973935652,33.8863722823455],[-118.0407953656665,33.88637502298865],[-118.04080193701348,33.88691607861665],[-118.04112631275166,33.8869133379196],[-118.04112959951661,33.887183865693174],[-118.04177835290638,33.887178381675994]]]},"id":"2_+4677+6619","properties":{"count":10,"date":"2023-07-12","thr":1,"threshold":"TOP2"}},{"type":"Feature","geometry":{"geodesic":false,"type":"Polygon","coordinates":[[[-118.04152366181142,34.07927205552069],[-118.04152034996552,34.07900153624517],[-118.04119524377124,34.079004291557816],[-118.04119855458408,34.07927481086926],[-118.04152366181142,34.07927205552069]]]},"id":"2_+4684+5906","properties":{"count":1,"date":"2023-07-12","thr":1,"threshold":"TOP2"}},{"type":"Feature","geometry":{"geodesic":false,"type":"Polygon","coordinates":[[[-118.03174545645633,33.88915669981625],[-118.0317421990753,33.888886171333006],[-118.03141781490193,33.88888888746113],[-118.03141455858987,33.888618358941955],[-118.0304414088905,33.88862650213407],[-118.0304446621393,33.88889703074308],[-118.03076904643842,33.88889431716617],[-118.03077230074724,33.889164845739245],[-118.03174545645633,33.88915669981625]]]},"id":"2_+4710+6610","properties":{"count":6,"date":"2023-07-12","thr":1,"threshold":"TOP2"}},{"type":"Feature","geometry":{"geodesic":false,"type":"Polygon","coordinates":[[[-118.02461220710943,33.8894867872047],[-118.02460897220422,33.88921625812857],[-118.02428458605456,33.88921895549987],[-118.0242878199357,33.88948948461194],[-118.02461220710943,33.8894867872047]]]},"id":"2_+4729+6608","properties":{"count":1,"date":"2023-07-12","thr":1,"threshold":"TOP2"}},{"type":"Feature","geometry":{"geodesic":false,"type":"Polygon","coordinates":[[[-118.02171852811661,33.89167526726569],[-118.02171207608386,33.89113420879901],[-118.02106328864794,33.891139587713305],[-118.02106006473811,33.89086905840361],[-118.02073567197685,33.89087174654921],[-118.0207388948626,33.891142275885855],[-118.02041450103235,33.891144963205015],[-118.02042094487246,33.89168602189627],[-118.02074534074188,33.891683334523215],[-118.0207485637534,33.89195386381495],[-118.02139735742362,33.891948486445756],[-118.02139413236397,33.891677957207925],[-118.02171852811661,33.89167526726569]]]},"id":"2_+4740+6602","properties":{"count":11,"date":"2023-07-12","thr":1,"threshold":"TOP2"}},{"type":"Feature","geometry":{"geodesic":false,"type":"Polygon","coordinates":[[[-118.02257633310943,34.07185585498728],[-118.02256658115141,34.07104429128575],[-118.02126626994833,34.07105510462124],[-118.0212760095006,34.07186666864616],[-118.02192617139484,34.07186126353699],[-118.02192942006224,34.07213178479778],[-118.02225450197504,34.07212908093166],[-118.0222512522656,34.071858559688835],[-118.02257633310943,34.07185585498728]]]},"id":"2_+4745+5936","properties":{"count":13,"date":"2023-07-12","thr":1,"threshold":"TOP2"}},{"type":"Feature","geometry":{"geodesic":false,"type":"Polygon","coordinates":[[[-118.02040161387315,33.89006284568775],[-118.0203919489529,33.88925125742629],[-118.0200675622463,33.889253943703395],[-118.02006434171413,33.888983414232],[-118.01909118441502,33.8889914678531],[-118.01910405450623,33.89007358599919],[-118.01942844441083,33.89007090220143],[-118.01943166306552,33.890341431681804],[-118.02008044479714,33.89033606147218],[-118.0200772240943,33.89006553204571],[-118.02040161387315,33.89006284568775]]]},"id":"2_+4745+6609","properties":{"count":17,"date":"2023-07-12","thr":1,"threshold":"TOP2"}},{"type":"Feature","geometry":{"geodesic":false,"type":"Polygon","coordinates":[[[-117.99993908049497,34.05445643668957],[-117.99993272721402,34.05391538892182],[-117.999607712603,34.05391803251099],[-117.99960453705846,34.05364750858221],[-117.99895450976778,34.05365279313746],[-117.9989608567695,34.05419384109385],[-117.99863584099965,34.05419648214079],[-117.9986421861149,34.05473753009718],[-117.9989672039509,34.054734889005324],[-117.99897037759997,34.055005412943096],[-117.9992953964241,34.05500277096191],[-117.99929222174195,34.05473224705109],[-117.99961723949708,34.054729604234474],[-117.99961406381782,34.054459080341616],[-117.99993908049497,34.05445643668957]]]},"id":"2_+4813+6001","properties":{"count":13,"date":"2023-07-12","thr":1,"threshold":"TOP2"}},{"type":"Feature","geometry":{"geodesic":false,"type":"Polygon","coordinates":[[[-117.99607368741839,34.05746386916716],[-117.99606735797873,34.05692282101314],[-117.99541730498726,34.056928087314624],[-117.99542046762299,34.05719861144104],[-117.99574549516976,34.05719597870352],[-117.99574865888347,34.05746650279401],[-117.99607368741839,34.05746386916716]]]},"id":"2_+4824+5989","properties":{"count":3,"date":"2023-07-12","thr":1,"threshold":"TOP2"}},{"type":"Feature","geometry":{"geodesic":false,"type":"Polygon","coordinates":[[[-117.96699505052442,34.01576060535488],[-117.96698891546221,34.01521954881958],[-117.96633917483292,34.01522465586773],[-117.96634530577185,34.015765712510834],[-117.96699505052442,34.01576060535488]]]},"id":"2_+4912+6144","properties":{"count":4,"date":"2023-07-12","thr":1,"threshold":"TOP2"}},{"type":"Feature","geometry":{"geodesic":false,"type":"Polygon","coordinates":[[[-117.9535548165875,34.52475476491515],[-117.95354865035375,34.52421375124746],[-117.95093396933136,34.52423413706654],[-117.95093704397712,34.524504644115986],[-117.95028337119726,34.524509731877316],[-117.95028644376791,34.52478023896269],[-117.94995960625957,34.52478278155427],[-117.94996882106096,34.5255943028104],[-117.95029566173137,34.52559176013797],[-117.95030180724996,34.526132774200924],[-117.95062864999548,34.52613023060323],[-117.95063172387766,34.52640073758979],[-117.95095856763828,34.52639819309378],[-117.95095549270506,34.52612768613417],[-117.95226286313016,34.52611749949936],[-117.95225978401079,34.52584699262958],[-117.95291346686076,34.525841894115416],[-117.95290422342107,34.52503037358693],[-117.95323106161213,34.52502782309916],[-117.95322797949238,34.52475731625633],[-117.9535548165875,34.52475476491515]]]},"id":"2_+4977+4263","properties":{"count":61,"date":"2023-07-12","thr":1,"threshold":"TOP2"}},{"type":"Feature","geometry":{"geodesic":false,"type":"Polygon","coordinates":[[[-117.9528456901943,34.51989074100396],[-117.95283336929711,34.518808712536696],[-117.95185292735273,34.518816356993156],[-117.95181293016115,34.51529976209849],[-117.95148612982511,34.515302308166554],[-117.9514830544607,34.51503180075778],[-117.95115625513975,34.515034345927525],[-117.95115318087129,34.51476383848283],[-117.95049958421465,34.51476892614534],[-117.95049651210215,34.51449841863775],[-117.9491893225169,34.5145085833896],[-117.94918625467139,34.51423807575625],[-117.94787906866144,34.51424822642252],[-117.94788213228486,34.514518734154684],[-117.94755533462579,34.51452126965856],[-117.94755839723413,34.5147917773997],[-117.94723159847912,34.51479431205916],[-117.94726834032882,34.51804040430612],[-117.94759515175906,34.518037869341235],[-117.94760127808065,34.51857888450014],[-117.94792809158601,34.51857634860999],[-117.94794647787205,34.520199393619556],[-117.9499073960405,34.52018415901879],[-117.94991046690436,34.520454666319765],[-117.95154456952828,34.520441946651445],[-117.95154149338234,34.520171439467255],[-117.95219513203521,34.520166345534506],[-117.95219205382314,34.51989583839523],[-117.9528456901943,34.51989074100396]]]},"id":"2_+4986+4300","properties":{"count":294,"date":"2023-07-12","thr":1,"threshold":"TOP2"}},{"type":"Feature","geometry":{"geodesic":false,"type":"Polygon","coordinates":[[[-117.94544807755582,34.530498940058635],[-117.94544196242724,34.52995792562738],[-117.94478824599824,34.52996298467854],[-117.94479130142902,34.530233491952565],[-117.9451181607215,34.53023096283572],[-117.94512121724824,34.5305014700738],[-117.94544807755582,34.530498940058635]]]},"id":"2_+4996+4242","properties":{"count":3,"date":"2023-07-12","thr":1,"threshold":"TOP2"}},{"type":"Feature","geometry":{"geodesic":false,"type":"Polygon","coordinates":[[[-117.94800164557859,34.525068526016206],[-117.94799551517865,34.5245275115041],[-117.94668816798398,34.524537652055336],[-117.94668510707346,34.524267144673516],[-117.94439725530388,34.5242848567919],[-117.94440030882126,34.52455536435338],[-117.94374663441545,34.52456041713431],[-117.94374968585772,34.52483092473173],[-117.94309600917019,34.52483597407211],[-117.94309905854634,34.52510648170546],[-117.9417917004551,34.52511656999271],[-117.9417947456451,34.52538707771589],[-117.94146790496572,34.52538959762501],[-117.94147094913164,34.52566010536616],[-117.94081726553605,34.52566514261521],[-117.94082030764483,34.52593565038331],[-117.9411471505161,34.52593313217201],[-117.94115019371185,34.52620363991315],[-117.94082334978056,34.5262061581514],[-117.940838561097,34.5275586967673],[-117.94116541031038,34.52755617840329],[-117.94116845374866,34.527826686063584],[-117.94182215416969,34.527821646658566],[-117.94182519976393,34.52809215426497],[-117.94215205096259,34.52808963322397],[-117.94215509765277,34.52836014078545],[-117.94313565419523,34.52835257234444],[-117.94313260433398,34.52808206485482],[-117.94411315733709,34.52807448862541],[-117.94410705139826,34.52753347376296],[-117.94508759769992,34.52752588980803],[-117.94509065381344,34.52779639717189],[-117.94672490211715,34.527783739631055],[-117.94672184071257,34.52751323240195],[-117.94704868918933,34.52751069829047],[-117.94702112890336,34.52507613289613],[-117.94800164557859,34.525068526016206]],[[-117.94473630993602,34.52536435916066],[-117.94473325524184,34.52509385167104],[-117.94407957668581,34.525098906311484],[-117.94408568188801,34.525639921380545],[-117.94441252330401,34.525637394446605],[-117.94440946962494,34.525366886948],[-117.94473630993602,34.52536435916066]]]},"id":"2_+4997+4263","properties":{"count":221,"date":"2023-07-12","thr":1,"threshold":"TOP2"}},{"type":"Feature","geometry":{"geodesic":false,"type":"Polygon","coordinates":[[[-117.9440154818274,34.51941824504998],[-117.94400632688973,34.51860672157501],[-117.9436795128993,34.51860924697284],[-117.94368256344325,34.51887975483076],[-117.94302893323454,34.51888480305723],[-117.94303198171238,34.51915531096007],[-117.94237834922195,34.519160355737014],[-117.94238139563366,34.51943086367579],[-117.94270821295684,34.51942834170055],[-117.94271126045552,34.51969884960339],[-117.94369171534461,34.51969127835064],[-117.9436886646749,34.519420770519666],[-117.9440154818274,34.51941824504998]]]},"id":"2_+4999+4284","properties":{"count":12,"date":"2023-07-12","thr":1,"threshold":"TOP2"}},{"type":"Feature","geometry":{"geodesic":false,"type":"Polygon","coordinates":[[[-117.94241490880349,34.5224064502118],[-117.94241186194262,34.52213594240777],[-117.94208503401931,34.52213846376318],[-117.94208807982017,34.52240897159415],[-117.94241490880349,34.5224064502118]]]},"id":"2_+5004+4271","properties":{"count":1,"date":"2023-07-12","thr":1,"threshold":"TOP2"}},{"type":"Feature","geometry":{"geodesic":false,"type":"Polygon","coordinates":[[[-117.93985497403403,34.5272957388451],[-117.93985193490767,34.527025231059035],[-117.93952508764362,34.527027745874705],[-117.93952204960421,34.52675723804373],[-117.93919520335527,34.52675975196109],[-117.93919824033466,34.527030259810026],[-117.93887139299876,34.52703277288297],[-117.9388774649633,34.52757378859882],[-117.93953116383922,34.52756876148276],[-117.93952812571897,34.52729825368772],[-117.93985497403403,34.5272957388451]]]},"id":"2_+5013+4254","properties":{"count":6,"date":"2023-07-12","thr":1,"threshold":"TOP2"}},{"type":"Feature","geometry":{"geodesic":false,"type":"Polygon","coordinates":[[[-117.93911322020088,34.519456035368364],[-117.93910714855076,34.51891501896979],[-117.93878033288945,34.518917531279165],[-117.93877122888625,34.51810600651062],[-117.93811760378897,34.51811102835357],[-117.9381145713191,34.51784052002852],[-117.93778775976311,34.517843029615996],[-117.93779079118192,34.518113537968],[-117.93746397853896,34.518116046702076],[-117.93747610039642,34.51919808011008],[-117.93780291727046,34.5191955712682],[-117.9378059488959,34.5194660795663],[-117.93911322020088,34.519456035368364]]]},"id":"2_+5017+4287","properties":{"count":22,"date":"2023-07-12","thr":1,"threshold":"TOP2"}},{"type":"Feature","geometry":{"geodesic":false,"type":"Polygon","coordinates":[[[-117.9377750286772,34.429108122533606],[-117.93776596487362,34.428296585592896],[-117.93678657668002,34.42830409193338],[-117.93679563102434,34.42911562910765],[-117.93712209695354,34.429113127784674],[-117.93712511620019,34.429383640125195],[-117.93745158313551,34.429381137912884],[-117.93744856283783,34.429110625599314],[-117.9377750286772,34.429108122533606]]]},"id":"2_+5017+4618","properties":{"count":10,"date":"2023-07-12","thr":1,"threshold":"TOP2"}},{"type":"Feature","geometry":{"geodesic":false,"type":"Polygon","coordinates":[[[-117.93720382084516,34.524069736404364],[-117.93719776049585,34.52352872012257],[-117.93654409274654,34.52353373423103],[-117.93655014887378,34.52407475062062],[-117.93720382084516,34.524069736404364]]]},"id":"2_+5021+4266","properties":{"count":4,"date":"2023-07-12","thr":1,"threshold":"TOP2"}},{"type":"Feature","geometry":{"geodesic":false,"type":"Polygon","coordinates":[[[-117.93376418508801,34.420752205358895],[-117.93376117763624,34.42048169238057],[-117.93343474495369,34.420484184181404],[-117.93343775134545,34.42075469718668],[-117.93376418508801,34.420752205358895]]]},"id":"2_+5027+4647","properties":{"count":1,"date":"2023-07-12","thr":1,"threshold":"TOP2"}},{"type":"Feature","geometry":{"geodesic":false,"type":"Polygon","coordinates":[[[-117.93556056599647,34.52327074055587],[-117.93555754119822,34.52300023225777],[-117.93523070925944,34.52300273532348],[-117.9352216382873,34.52219121027646],[-117.93489480947466,34.52219371239894],[-117.93488876447755,34.52165269558714],[-117.93423511095756,34.5216576971102],[-117.934244172174,34.52246922245366],[-117.93457100212751,34.522466722055945],[-117.93457704525612,34.523007738840796],[-117.93490387727574,34.5230052375268],[-117.93490689995397,34.523275745869825],[-117.93556056599647,34.52327074055587]]]},"id":"2_+5028+4273","properties":{"count":13,"date":"2023-07-12","thr":1,"threshold":"TOP2"}},{"type":"Feature","geometry":{"geodesic":false,"type":"Polygon","coordinates":[[[-117.93423209062395,34.52138718863243],[-117.93422907034423,34.52111668014569],[-117.9339022456279,34.52111917954627],[-117.93390526486557,34.52138968805996],[-117.93423209062395,34.52138718863243]]]},"id":"2_+5029+4275","properties":{"count":1,"date":"2023-07-12","thr":1,"threshold":"TOP2"}},{"type":"Feature","geometry":{"geodesic":false,"type":"Polygon","coordinates":[[[-117.93487063043844,34.52002964486429],[-117.93486458608811,34.519488627863836],[-117.93453776779475,34.51949112885444],[-117.93453474673349,34.519220620313796],[-117.93420792946421,34.519223120406075],[-117.9342049094989,34.51895261182052],[-117.93387809323572,34.518955111023466],[-117.93387507436636,34.51868460240197],[-117.93354825912726,34.518687100697626],[-117.93354524135384,34.5184165920402],[-117.93289161286093,34.51842158596351],[-117.93288859723448,34.518151077243196],[-117.9322349706909,34.518156067618165],[-117.93223798419731,34.51842657638339],[-117.93191116981163,34.51842907028628],[-117.93191418230295,34.51869957906947],[-117.9315873668213,34.51870207211896],[-117.93159338980968,34.519243089703316],[-117.9306129367801,34.51925056376733],[-117.93062497056673,34.52033259907976],[-117.93258590161703,34.5203176424896],[-117.93258891650686,34.52058815113804],[-117.93389620728732,34.52057816249192],[-117.93389922644414,34.520848671023586],[-117.93422605009147,34.52084617164996],[-117.93422302988361,34.520575663145245],[-117.934549852444,34.52057316291821],[-117.93454381004301,34.52003214591777],[-117.93487063043844,34.52002964486429]]]},"id":"2_+5034+4286","properties":{"count":79,"date":"2023-07-12","thr":1,"threshold":"TOP2"}},{"type":"Feature","geometry":{"geodesic":false,"type":"Polygon","coordinates":[[[-117.93186261136995,34.42590689049005],[-117.93185360577719,34.42509535175271],[-117.93087425326469,34.4251028101501],[-117.93087725193094,34.425373323146395],[-117.93055079996155,34.42537580756307],[-117.93055979305875,34.42618734656991],[-117.93023333790035,34.42618983018709],[-117.93023633462623,34.42646034319237],[-117.92958342207262,34.42646530786653],[-117.92958641674137,34.426735820898756],[-117.928933501933,34.42674078214136],[-117.92893948717418,34.42728180828665],[-117.92861302760504,34.42728428764582],[-117.92861601923748,34.42755480072296],[-117.92763663714345,34.427562233662094],[-117.92764261420996,34.42810325993315],[-117.92731615132604,34.428105735887705],[-117.92731913887116,34.42837624902773],[-117.92699267490028,34.428378724128876],[-117.92700462126287,34.42946077667099],[-117.92667815305194,34.42946325100858],[-117.92668711009075,34.43027479036576],[-117.92734005279182,34.43026984067549],[-117.92733706496824,34.42999932761632],[-117.92766353520936,34.42999685149109],[-117.92766054637966,34.42972633844988],[-117.92863995370737,34.429718904908874],[-117.92863696176052,34.42944839193055],[-117.92896342973788,34.42944591237375],[-117.92896043677592,34.429175399404414],[-117.92928690366632,34.42917291899422],[-117.92928390968929,34.428902406033856],[-117.92961037548373,34.428899924779245],[-117.92960738050058,34.42862941183685],[-117.93058677449729,34.42862196292567],[-117.93058377639699,34.42835145004616],[-117.93091023993667,34.428348965351],[-117.93090424175975,34.42780793960995],[-117.93123070314347,34.427805454097324],[-117.93122170302145,34.426993915458795],[-117.93154816122515,34.42699142915565],[-117.9315361574153,34.425909377565745],[-117.93186261136995,34.42590689049005]]]},"id":"2_+5035+4630","properties":{"count":122,"date":"2023-07-12","thr":1,"threshold":"TOP2"}},{"type":"Feature","geometry":{"geodesic":false,"type":"MultiPolygon","coordinates":[[[[-117.92909376076882,34.55903017960498],[-117.92876678736336,34.55903266764187],[-117.92876979424919,34.559303174862],[-117.92844281974777,34.559305662045496],[-117.92844582560953,34.55957616928358],[-117.92877280117096,34.559573682073136],[-117.92877580812866,34.559844189275296],[-117.92910278470518,34.55984170116654],[-117.92909376076882,34.55903017960498]]],[[[-117.92909376076882,34.55903017960498],[-117.9304016539685,34.559020218725784],[-117.93041069060703,34.55983173998192],[-117.93008371419221,34.5598342315941],[-117.9300867254259,34.56010473867948],[-117.93041370289176,34.56010224704034],[-117.93042274001537,34.56091376815274],[-117.9300957593605,34.56091625986374],[-117.93009877075588,34.5611867669042],[-117.93042575246177,34.56118427516625],[-117.9304287649531,34.56145478217078],[-117.93075574768308,34.56145228953451],[-117.93076177490254,34.56199330345373],[-117.93043479006151,34.561995796134916],[-117.93045889209414,34.56415985150638],[-117.9307858853973,34.56415735861859],[-117.9307888993888,34.56442786546141],[-117.93111589371604,34.564425371675306],[-117.93110986365791,34.563884358025575],[-117.93143685582919,34.563881863413016],[-117.93143383979852,34.563611356597136],[-117.93241481288976,34.56360386758516],[-117.93241179372396,34.563333360832154],[-117.93339276327585,34.56332586400483],[-117.93338974097492,34.5630553573237],[-117.93371672968769,34.5630528566565],[-117.93371068309158,34.56251184328524],[-117.93338369649884,34.56251434390753],[-117.93338067432367,34.562243837181484],[-117.93305368874603,34.56224633689648],[-117.93304462562516,34.561434816565615],[-117.93337160802277,34.561432316922485],[-117.93336556403177,34.56089130336259],[-117.9330385837452,34.56089380295182],[-117.93303254202695,34.560352789293106],[-117.93270556381549,34.560355287957066],[-117.93268744598198,34.558732246522794],[-117.93236047408568,34.55873474416268],[-117.93235745564752,34.55846423719408],[-117.92908774501188,34.55848916517372],[-117.92909376076882,34.55903017960498]]]]},"id":"2_+5045+4137","properties":{"count":168,"date":"2023-07-12","thr":1,"threshold":"TOP2"}},{"type":"Feature","geometry":{"geodesic":false,"type":"Polygon","coordinates":[[[-117.92950630034903,34.50789664417972],[-117.92950329684984,34.50762613473177],[-117.92852297930418,34.50763358983235],[-117.9285259796323,34.50790409935216],[-117.92885275324348,34.50790161516904],[-117.92885575466755,34.50817212465292],[-117.92820220529823,34.50817709220169],[-117.92821720246529,34.50952963970193],[-117.9285439824545,34.50952715623746],[-117.92854998371264,34.510068175097416],[-117.92887676577696,34.51006569071667],[-117.92887376406541,34.50979518131364],[-117.9292005450338,34.509792696079494],[-117.92917952681871,34.50789913011456],[-117.92950630034903,34.50789664417972]]]},"id":"2_+5045+4325","properties":{"count":22,"date":"2023-07-12","thr":1,"threshold":"TOP2"}},{"type":"Feature","geometry":{"geodesic":false,"type":"Polygon","coordinates":[[[-117.9290238984029,34.523320636346455],[-117.92901789110809,34.52277961873515],[-117.92836422768868,34.52278458897887],[-117.92836722920258,34.523055097842914],[-117.92869406198578,34.523052613129785],[-117.92869706459562,34.523323121957894],[-117.9290238984029,34.523320636346455]]]},"id":"2_+5046+4269","properties":{"count":3,"date":"2023-07-12","thr":1,"threshold":"TOP2"}},{"type":"Feature","geometry":{"geodesic":false,"type":"Polygon","coordinates":[[[-117.92695683962137,34.42513256533472],[-117.92695385360341,34.42486205201504],[-117.92662740325997,34.42486452593041],[-117.92663038822691,34.42513503926806],[-117.92695683962137,34.42513256533472]]]},"id":"2_+5048+4631","properties":{"count":1,"date":"2023-07-12","thr":1,"threshold":"TOP2"}},{"type":"Feature","geometry":{"geodesic":false,"type":"Polygon","coordinates":[[[-117.92695086763035,34.42459153869535],[-117.92694489580101,34.424050512011064],[-117.92661844861068,34.4240529858456],[-117.92662441833795,34.424594012583775],[-117.92695086763035,34.42459153869535]]]},"id":"2_+5048+4634","properties":{"count":2,"date":"2023-07-12","thr":1,"threshold":"TOP2"}},{"type":"Feature","geometry":{"geodesic":false,"type":"Polygon","coordinates":[[[-117.92494342253329,34.50901340678],[-117.92494043365868,34.50874289703561],[-117.92461365640035,34.508745370807254],[-117.9246106686127,34.50847486101795],[-117.92428389236946,34.508477333891285],[-117.92429285267815,34.509288863286145],[-117.92461963208345,34.509286390340954],[-117.92461664422393,34.509015880578595],[-117.92494342253329,34.50901340678]]]},"id":"2_+5058+4322","properties":{"count":4,"date":"2023-07-12","thr":1,"threshold":"TOP2"}},{"type":"Feature","geometry":{"geodesic":false,"type":"Polygon","coordinates":[[[-117.92526894132376,34.567986719200114],[-117.92526294833013,34.56744570497546],[-117.92460893490912,34.567450660693424],[-117.92460594059071,34.567180153509234],[-117.92427893487283,34.56718263002973],[-117.92428192814022,34.56745313724087],[-117.9239549213264,34.567455612907956],[-117.92396389817307,34.5682671345324],[-117.92461791810688,34.56826218216515],[-117.92461492367168,34.56799167501689],[-117.92526894132376,34.567986719200114]]]},"id":"2_+5060+4105","properties":{"count":11,"date":"2023-07-12","thr":1,"threshold":"TOP2"}},{"type":"Feature","geometry":{"geodesic":false,"type":"Polygon","coordinates":[[[-117.93189610795689,34.517076526181675],[-117.93188707132734,34.51626499958057],[-117.93156026534986,34.51626749240549],[-117.9315572542689,34.51599698348755],[-117.93123044930653,34.51599947541415],[-117.93122743933048,34.51572896646027],[-117.93090063538321,34.515731457488556],[-117.93089762649413,34.51546094848977],[-117.93057082356195,34.51546343861974],[-117.9305678157778,34.51519292958502],[-117.9299142119077,34.515197907176955],[-117.92991120627052,34.51492739807935],[-117.9295844053326,34.51492988554133],[-117.92958140079138,34.51465937640779],[-117.92925460086855,34.51466186296246],[-117.9292485940229,34.514120844614546],[-117.9289217961662,34.514123330252936],[-117.92891579159327,34.5135823118062],[-117.92924258733893,34.513579826221715],[-117.92923658081666,34.51303880777498],[-117.92890978718205,34.51304129331456],[-117.92890378293252,34.51250027476901],[-117.928576991373,34.512502759374335],[-117.92856798845723,34.511691231398814],[-117.92824120002386,34.511693715051926],[-117.9282382001898,34.51142320567585],[-117.92791141278052,34.51142568843963],[-117.92790541534022,34.51088466959764],[-117.92757862999704,34.51088715143616],[-117.92757563239081,34.510616641970245],[-117.92626849483598,34.510626560484894],[-117.92626550149674,34.510356050911184],[-117.92495836752619,34.51036595534025],[-117.92495537844496,34.51009544564976],[-117.92364824806768,34.51010533600222],[-117.92366317274069,34.511457884814],[-117.92398996067101,34.511455413413906],[-117.92400787792867,34.51307847143108],[-117.92368108366524,34.51308094298389],[-117.923690039662,34.51389247190264],[-117.9240168370965,34.51389000027797],[-117.92402281007567,34.51443101944336],[-117.92434960958526,34.5144285469024],[-117.92435857251704,34.515240075488784],[-117.92501217775258,34.5152351276221],[-117.92501516758838,34.51550563707902],[-117.92632238179645,34.515495730754516],[-117.92632537589027,34.51576624009466],[-117.9266521804035,34.51576376131042],[-117.92665517560225,34.51603427061463],[-117.92632837002903,34.51603674942582],[-117.92633435843227,34.51657776805222],[-117.92600755071207,34.51658024604595],[-117.92600455755249,34.51630973671478],[-117.92567775084738,34.516312213801214],[-117.92568074295593,34.51658272315933],[-117.92502712732689,34.51658767477199],[-117.92502413732937,34.51631716536896],[-117.92437052364967,34.516322113433276],[-117.92437351153615,34.5165926228902],[-117.9237198955837,34.51659756750499],[-117.92372586724235,34.51713858648173],[-117.9233990570967,34.517141057522494],[-117.92340801171905,34.51795258597413],[-117.92373482503575,34.51795011485251],[-117.92373781104475,34.51822062428249],[-117.92406462537654,34.518218152262556],[-117.92406761248147,34.518488661656605],[-117.92472124313933,34.51848371493976],[-117.92472423239124,34.51875422427092],[-117.9250510487173,34.518751749583],[-117.92505403907414,34.51902225887823],[-117.92538085641529,34.519019783283],[-117.9253868393478,34.519560801792615],[-117.92571365876407,34.51955832527212],[-117.92571665134872,34.51982883447752],[-117.92963849386604,34.51979904778899],[-117.92962947821215,34.51898752102619],[-117.93028311173565,34.51898254448528],[-117.93027709727227,34.518441526676355],[-117.9306039118556,34.518439037148255],[-117.93060090363127,34.51816852825727],[-117.9312545305791,34.51816354662291],[-117.93124851001616,34.51762252889483],[-117.93157532132064,34.517620036815515],[-117.93156929880836,34.51707901908744],[-117.93189610795689,34.517076526181675]]]},"id":"2_+5060+4316","properties":{"count":583,"date":"2023-07-12","thr":1,"threshold":"TOP2"}},{"type":"Feature","geometry":{"geodesic":false,"type":"Polygon","coordinates":[[[-117.92269216276544,34.4232710628384],[-117.9226891906983,34.423000549123465],[-117.92170986006876,34.42300793374222],[-117.9217128289828,34.42327844753801],[-117.92105993959674,34.42328336631725],[-117.92106290645366,34.42355388014897],[-117.9207364606557,34.423556338254],[-117.9207394264975,34.423826852103694],[-117.92008653267378,34.42383176575355],[-117.92008949644946,34.42410227963019],[-117.91976304842369,34.424104735175014],[-117.91976601119326,34.42437524906962],[-117.91943956208051,34.42437770376105],[-117.91945140934097,34.425459759321505],[-117.9197778626668,34.425457304531264],[-117.91978082563399,34.42572781836299],[-117.92010727996595,34.42572536267443],[-117.92011320811919,34.42626639025703],[-117.92043966450828,34.4262639336432],[-117.92045745622639,34.42788701595082],[-117.92143684409659,34.42787964044098],[-117.92141606515678,34.42598604489452],[-117.92174252034212,34.425983584822184],[-117.92173658175045,34.425442557464166],[-117.92206303479782,34.42544009657436],[-117.92205115388649,34.424358041804425],[-117.9223776026848,34.42435558014206],[-117.92236571821614,34.4232735252823],[-117.92269216276544,34.4232710628384]]]},"id":"2_+5063+4638","properties":{"count":92,"date":"2023-07-12","thr":1,"threshold":"TOP2"}},{"type":"Feature","geometry":{"geodesic":false,"type":"Polygon","coordinates":[[[-117.92271101867276,34.54365834497112],[-117.92270803314885,34.54338783659217],[-117.92238112034373,34.54339030654598],[-117.92237813591578,34.543119798131094],[-117.92205122412575,34.54312226718658],[-117.9220542074937,34.54339277562842],[-117.92172729460772,34.54339524383949],[-117.92173027696057,34.54366575229929],[-117.92271101867276,34.54365834497112]]]},"id":"2_+5066+4194","properties":{"count":4,"date":"2023-07-12","thr":1,"threshold":"TOP2"}},{"type":"Feature","geometry":{"geodesic":false,"type":"Polygon","coordinates":[[[-117.91970676332073,34.41896496884189],[-117.91970083940754,34.418423940558604],[-117.91904798738241,34.41842884799212],[-117.91905094722348,34.41869936219216],[-117.9187245201015,34.41870181461983],[-117.91873635563893,34.419783871402],[-117.9184099242769,34.4197863230661],[-117.91841288221353,34.42005683725715],[-117.91906574700371,34.42005193301266],[-117.91905686701341,34.41924039055629],[-117.91938329620152,34.41923793720335],[-117.91938033522857,34.41896742304823],[-117.91970676332073,34.41896496884189]]]},"id":"2_+5071+4655","properties":{"count":11,"date":"2023-07-12","thr":1,"threshold":"TOP2"}},{"type":"Feature","geometry":{"geodesic":false,"type":"Polygon","coordinates":[[[-117.92050900359656,34.55152035925778],[-117.92050602432495,34.55124985105849],[-117.92017908056388,34.55125231561342],[-117.9201761023882,34.5509818073782],[-117.9198491596512,34.55098427102583],[-117.91985511392745,34.55152528754119],[-117.92050900359656,34.55152035925778]]]},"id":"2_+5073+4165","properties":{"count":3,"date":"2023-07-12","thr":1,"threshold":"TOP2"}},{"type":"Feature","geometry":{"geodesic":false,"type":"Polygon","coordinates":[[[-117.92143615984085,34.54664381213982],[-117.92143317810785,34.546373303787824],[-117.92110625350784,34.54637577052566],[-117.92110029227864,34.54583475374081],[-117.92011952458718,34.54584214853748],[-117.920116547211,34.54557164005074],[-117.91978962562035,34.545574103204295],[-117.91978664934012,34.5453035946906],[-117.91945972877356,34.54530605694584],[-117.91945675358927,34.545035548387226],[-117.91912983403779,34.54503800974416],[-117.91913280817106,34.54530851832074],[-117.91880588752365,34.54531097883325],[-117.9188177802119,34.54639301313058],[-117.9184908552885,34.54639547286156],[-117.91849679975515,34.54693648998777],[-117.91882372678958,34.54693403021188],[-117.9188267001413,34.54720453872557],[-117.92013441209689,34.547194690764606],[-117.9201373897156,34.54746519917051],[-117.92046431866346,34.54746273496592],[-117.92046133998473,34.54719222658697],[-117.92111519564361,34.54718729559963],[-117.92110923418085,34.54664627889563],[-117.92143615984085,34.54664381213982]]]},"id":"2_+5075+4187","properties":{"count":47,"date":"2023-07-12","thr":1,"threshold":"TOP2"}},{"type":"Feature","geometry":{"geodesic":false,"type":"Polygon","coordinates":[[[-117.91919527406046,34.55098919569802],[-117.91917445015098,34.549095637171135],[-117.91884751469932,34.549098098025006],[-117.91884156748384,34.54855708114135],[-117.91786076723743,34.548564458304085],[-117.91786373765166,34.548834966817786],[-117.91753680309833,34.548837424150264],[-117.91754274193254,34.5493784412046],[-117.91688886847801,34.54938335332733],[-117.91689183583797,34.549653861885936],[-117.9152571462189,34.549666127006724],[-117.91526010832372,34.549936635673134],[-117.91558704738661,34.549934184377335],[-117.91559001059635,34.550204693007814],[-117.91526307047346,34.55020714433056],[-117.9152719571652,34.551018670230974],[-117.91559890045914,34.55101621883637],[-117.9156018638216,34.55128672741294],[-117.91658269664093,34.5512793679021],[-117.91658566321935,34.55154987639783],[-117.91691260846264,34.55154742145487],[-117.916915576146,34.55181792991467],[-117.91658862983371,34.55182038488457],[-117.91659159649299,34.55209089335335],[-117.91626464909375,34.552093347478845],[-117.91628837531619,34.5542574150135],[-117.91661533118653,34.55425496069936],[-117.91661829820514,34.554525469060344],[-117.9169452550906,34.55452301383891],[-117.91694228701198,34.55425250550488],[-117.9172692428015,34.55425004943903],[-117.91726330465899,34.55370903277096],[-117.91759025829253,34.55370657587866],[-117.9175843181917,34.55316555921059],[-117.9179112696693,34.55316310149183],[-117.91789344397691,34.55154005135288],[-117.91822038906749,34.5515375929065],[-117.91821741719798,34.551267084536526],[-117.9185443611926,34.55126462523674],[-117.91853841545934,34.55072360849681],[-117.918865357298,34.55072114837956],[-117.9188683311977,34.55099165672257],[-117.91919527406046,34.55098919569802]]]},"id":"2_+5079+4174","properties":{"count":133,"date":"2023-07-12","thr":1,"threshold":"TOP2"}},{"type":"Feature","geometry":{"geodesic":false,"type":"Polygon","coordinates":[[[-117.9149746281192,34.553726206529],[-117.9149657434217,34.55291468092502],[-117.91431184183196,34.5529195796898],[-117.91431776069662,34.553460596869904],[-117.9146447136205,34.55345814787379],[-117.91464767417123,34.553728656423424],[-117.9149746281192,34.553726206529]]]},"id":"2_+5090+4158","properties":{"count":5,"date":"2023-07-12","thr":1,"threshold":"TOP2"}},{"type":"Feature","geometry":{"geodesic":false,"type":"Polygon","coordinates":[[[-117.90901433169427,34.00186345124489],[-117.90901144956646,34.00159291787481],[-117.9086866257576,34.001595317849855],[-117.90868374469878,34.00132478443486],[-117.90835892188706,34.001327183529554],[-117.90836180192179,34.001597716962515],[-117.90803697804105,34.00160011522178],[-117.90803985707866,34.001870648663726],[-117.90771503212893,34.00187304608755],[-117.90772078827277,34.002414112998395],[-117.90837044225056,34.00240931718954],[-117.90836756209904,34.00213878379251],[-117.90869238800099,34.00213638462595],[-117.90868950686132,34.00186585124688],[-117.90901433169427,34.00186345124489]]]},"id":"2_+5090+6197","properties":{"count":9,"date":"2023-07-12","thr":1,"threshold":"TOP2"}},{"type":"Feature","geometry":{"geodesic":false,"type":"Polygon","coordinates":[[[-117.91328073913662,34.54832827200093],[-117.91327778360747,34.54805776310994],[-117.91295085167722,34.548060208108545],[-117.91295380614636,34.54833071702649],[-117.91328073913662,34.54832827200093]]]},"id":"2_+5094+4176","properties":{"count":1,"date":"2023-07-12","thr":1,"threshold":"TOP2"}},{"type":"Feature","geometry":{"geodesic":false,"type":"Polygon","coordinates":[[[-117.91087265658891,34.41713732268981],[-117.91086678997027,34.41659629290634],[-117.91021395053953,34.416601152962706],[-117.91021101939064,34.4163306379991],[-117.90988460066792,34.41633306670227],[-117.90988167060601,34.41606255170274],[-117.90955525288939,34.416064979507595],[-117.90955818190027,34.41633549452509],[-117.90923176309668,34.41633792148553],[-117.90923469110146,34.416608436520995],[-117.90956111094708,34.41660600953361],[-117.90956404003882,34.416876524533144],[-117.91021688172432,34.41687166790834],[-117.91021981295405,34.41714218285397],[-117.91087265658891,34.41713732268981]]]},"id":"2_+5100+4664","properties":{"count":10,"date":"2023-07-12","thr":1,"threshold":"TOP2"}},{"type":"Feature","geometry":{"geodesic":false,"type":"Polygon","coordinates":[[[-117.91152568109955,34.56727853124993],[-117.91152272916366,34.56700802306862],[-117.91119572293374,34.56701046453684],[-117.9111927720938,34.566739956319594],[-117.91086576687,34.56674239688052],[-117.9108716664658,34.567283413359945],[-117.91152568109955,34.56727853124993]]]},"id":"2_+5101+4107","properties":{"count":3,"date":"2023-07-12","thr":1,"threshold":"TOP2"}},{"type":"Feature","geometry":{"geodesic":false,"type":"Polygon","coordinates":[[[-117.91246828938182,34.56375459517904],[-117.91246533478692,34.56348408690789],[-117.912138342427,34.56348653068479],[-117.91213538891905,34.5632160223777],[-117.91180839758321,34.5632184652473],[-117.91181135002215,34.563488973581336],[-117.91115736510467,34.56349385675136],[-117.91115441478576,34.56322334837241],[-117.91017344028415,34.5632306664799],[-117.9101822818625,34.56404219179642],[-117.91050927656703,34.56403975322974],[-117.91051517326127,34.56458076999663],[-117.91084217005887,34.564578330504695],[-117.91083922062928,34.56430782215269],[-117.91182020759052,34.56430049849361],[-117.91181725502581,34.56402999019551],[-117.91214424954168,34.56402754725404],[-117.91214129596189,34.563757038973904],[-117.91246828938182,34.56375459517904]]]},"id":"2_+5103+4120","properties":{"count":22,"date":"2023-07-12","thr":1,"threshold":"TOP2"}},{"type":"Feature","geometry":{"geodesic":false,"type":"Polygon","coordinates":[[[-117.90984350265384,34.562962595607615],[-117.90984055664683,34.562692087111884],[-117.90951356714355,34.56269452381006],[-117.90951651209953,34.562965032332734],[-117.90984350265384,34.562962595607615]]]},"id":"2_+5105+4122","properties":{"count":1,"date":"2023-07-12","thr":1,"threshold":"TOP2"}},{"type":"Feature","geometry":{"geodesic":false,"type":"Polygon","coordinates":[[[-117.91033854125496,34.578379120887874],[-117.91032969343331,34.577567597520705],[-117.91000264573717,34.57757003643771],[-117.90999674951006,34.57702902073983],[-117.90901561254813,34.57703633209199],[-117.90902150242415,34.57757734792463],[-117.90934855023708,34.57757491163968],[-117.90935738851861,34.57838643523142],[-117.90968443947564,34.57838399799426],[-117.90969033397799,34.578925013611304],[-117.91001738701013,34.57892257544887],[-117.91001149037878,34.578381559876746],[-117.91033854125496,34.578379120887874]]]},"id":"2_+5107+4069","properties":{"count":17,"date":"2023-07-12","thr":1,"threshold":"TOP2"}},{"type":"Feature","geometry":{"geodesic":false,"type":"MultiPolygon","coordinates":[[[[-117.9209194137653,34.559092117770085],[-117.92157336244475,34.559087182857105],[-117.92157037888815,34.55881667507104],[-117.92091643232874,34.55882160993911],[-117.9209194137653,34.559092117770085]]],[[[-117.88491528476293,34.52500084503827],[-117.88458844040045,34.52500321272787],[-117.88459130063632,34.52527372477194],[-117.88491814604981,34.52527135706438],[-117.88491528476293,34.52500084503827]]],[[[-117.9160008653503,34.52801804331691],[-117.91632771866,34.52801559139229],[-117.91632475552213,34.52774508182756],[-117.91665160773587,34.52774262904955],[-117.9166486435829,34.52747211950279],[-117.91697549470071,34.52746966587137],[-117.9169665992953,34.52665813723109],[-117.91663975133957,34.52666059078166],[-117.91663382338396,34.52611957157136],[-117.91630697750333,34.52612202420565],[-117.91630401463493,34.525851514560074],[-117.91597716977839,34.52585396628706],[-117.91596828458682,34.52504243719763],[-117.9156414428654,34.52504488798138],[-117.91563552171003,34.52450386848362],[-117.91628920090386,34.524498966143554],[-117.91628623827802,34.524228456417134],[-117.91661307675653,34.52422600396251],[-117.91661900416418,34.524767023343486],[-117.9169458447178,34.5247645699636],[-117.91694880954451,34.525035079609175],[-117.91727565111323,34.525032625330965],[-117.91727861702691,34.52530313494061],[-117.91760545961971,34.525300679755105],[-117.91760842662933,34.525571189328815],[-117.91793527023722,34.525568733253984],[-117.91794120649327,34.52610975231157],[-117.91859489780538,34.52610483743102],[-117.91858895732724,34.52556381847225],[-117.91891580080939,34.52556135977433],[-117.91890391609817,34.524479321802886],[-117.91923075532229,34.52447686233242],[-117.91922778318329,34.524206352830575],[-117.91988145939472,34.524201431302494],[-117.9198784851896,34.52393092184557],[-117.92020532217691,34.523928459796934],[-117.9202023469477,34.52365795034899],[-117.92052918284806,34.52365548744696],[-117.92052620660375,34.523384978007996],[-117.92085304139917,34.52338251426155],[-117.92085006413978,34.523112004840556],[-117.92117689783926,34.52310954024071],[-117.92116796313256,34.522298011968736],[-117.91986064076733,34.52230786482552],[-117.9198576668317,34.52203735527876],[-117.9188771778156,34.522044735666455],[-117.91887420708696,34.52177422602986],[-117.91822054965931,34.52177914186263],[-117.91821758108662,34.521508632172136],[-117.9175639256083,34.52151354445655],[-117.9175609591826,34.52124303470318],[-117.91723413244506,34.521245489511394],[-117.91723116711529,34.52097497972209],[-117.91657751562549,34.52097988666153],[-117.91657455246066,34.52070937680934],[-117.91624772770841,34.52071182894956],[-117.91622995585205,34.51908876941423],[-117.91590313739698,34.51909122053036],[-117.91589425516986,34.51827969052464],[-117.91556743984991,34.51828214068857],[-117.91556448024241,34.51801163063875],[-117.91458403720209,34.51801897582147],[-117.91458699363854,34.51828948594315],[-117.9142601781569,34.51829193261263],[-117.91426313358724,34.51856244275227],[-117.91393631700964,34.51856488856835],[-117.9139392714159,34.51883539871698],[-117.91361245374237,34.51883784368864],[-117.91361836056062,34.51937886399488],[-117.91329154074012,34.51938130814009],[-117.91330335062166,34.520463348716646],[-117.91363017466425,34.52046090447262],[-117.91365085087273,34.52235447483032],[-117.91397768227252,34.52235202954425],[-117.91398359223487,34.52289304949117],[-117.91300309156763,34.52290038287901],[-117.91299128448883,34.52181834265279],[-117.91201079615546,34.52182566787495],[-117.91200784765114,34.52155515771733],[-117.9110273621205,34.521562474998376],[-117.91102441683215,34.52129196475093],[-117.91037076173113,34.52129683852458],[-117.91037370490844,34.52156734881694],[-117.91004687624851,34.521569784419164],[-117.91004981841073,34.52184029472949],[-117.90972298864587,34.52184272947832],[-117.9097465189188,34.52400681170043],[-117.90909284238397,34.52401167897027],[-117.90909578172548,34.524282189235684],[-117.90876894233966,34.52428462158601],[-117.90876600404918,34.524014111284664],[-117.90843916567847,34.52401654273668],[-117.90843035421165,34.5232050116979],[-117.90810351897605,34.5232074421977],[-117.90810058294932,34.52293693179754],[-117.90613957703343,34.522951496282055],[-117.90615129600546,34.52403353837676],[-117.90647813464568,34.524031113051265],[-117.90649278951868,34.525383665267654],[-117.90616594559637,34.52538609070994],[-117.90616301559734,34.52511558027385],[-117.90550932974699,34.52512042849042],[-117.90550640190392,34.524849917991446],[-117.90517955997588,34.52485234076573],[-117.90517077984228,34.52404080910711],[-117.90484394104936,34.52404323092919],[-117.90483223897463,34.5229611884482],[-117.90515907355446,34.52295876672494],[-117.90515614707682,34.52268825609122],[-117.90548298055172,34.522685833514565],[-117.905480053059,34.52241532289881],[-117.90580688543795,34.52241289946875],[-117.90580395693013,34.52214238887096],[-117.9054771256022,34.52214481227407],[-117.90547127081436,34.521603790988664],[-117.90514444156155,34.521606213466505],[-117.90513858903748,34.52106519208228],[-117.90481176185976,34.521067613643844],[-117.90480883671164,34.52079710290233],[-117.90448201054902,34.52079952356557],[-117.90447908649683,34.520529012797105],[-117.9041522613583,34.52053143255305],[-117.90414641548176,34.51999041092628],[-117.90447323851824,34.51998799121525],[-117.90447031458284,34.519717480401866],[-117.90512395841898,34.519712638401636],[-117.9051064029578,34.51808957357523],[-117.90543321847538,34.5180871514118],[-117.90543614534826,34.518357662225185],[-117.90608977838666,34.518352815221334],[-117.90607806269348,34.51727077210255],[-117.90575125041882,34.51727319594583],[-117.90575417822596,34.517543706768194],[-117.90510055144881,34.5175485518766],[-117.90510347718084,34.5178190627349],[-117.90477666267837,34.51782148400002],[-117.90478251214817,34.5183625057256],[-117.9031484284787,34.5183745991963],[-117.90315134799438,34.518645110162396],[-117.90282453008729,34.5186475262622],[-117.90282744858789,34.518918037246266],[-117.90184699146198,34.518925280353415],[-117.90184990682745,34.519195791400364],[-117.90054262590151,34.51920543673733],[-117.90053971475812,34.518934925600554],[-117.89988607616813,34.51893974297796],[-117.8998831671807,34.518669231778304],[-117.89922953054904,34.51867404561635],[-117.89922662370857,34.51840353435381],[-117.89889980638539,34.51840593993434],[-117.89889690064086,34.518135428635865],[-117.89857008434176,34.51813783331808],[-117.89856717969319,34.51786732199266],[-117.89693310289582,34.51787933216258],[-117.8969360022623,34.51814984362275],[-117.89628236916101,34.518154641614515],[-117.89628526646138,34.51842515311062],[-117.89595844879682,34.51842755082191],[-117.89595555255649,34.51815703930784],[-117.89530191922164,34.518161832062425],[-117.89530481335095,34.51843234362141],[-117.8949779955696,34.51843473870962],[-117.89498088868382,34.51870525028657],[-117.89465406980653,34.518707644521385],[-117.89465696190564,34.51897815610732],[-117.89498378183394,34.51897576184556],[-117.89498667502002,34.51924627338658],[-117.8946598540317,34.51924866767529],[-117.89466274620267,34.51951917923427],[-117.8940091020072,34.51952396524251],[-117.89400332192326,34.51898294200776],[-117.89433014193243,34.51898054949771],[-117.89432725089333,34.51871003788483],[-117.89400043194419,34.51871243037691],[-117.89399754200103,34.518441918737075],[-117.893670724067,34.51844431033084],[-117.8936678352108,34.51817379864609],[-117.89334101830083,34.51817618934154],[-117.89334390608803,34.518446701044255],[-117.89301708808212,34.51844909088631],[-117.89301997485421,34.518719602606986],[-117.89269315574337,34.51872199159563],[-117.8926989273023,34.519263015045986],[-117.89237210604449,34.51926540320819],[-117.89237499082233,34.51953591493785],[-117.89139452365326,34.51954307426812],[-117.89139164203749,34.51927256246659],[-117.8907379991805,34.519277330939715],[-117.8907351197207,34.5190068190753],[-117.89008147882204,34.519011584000076],[-117.8900958659342,34.520364143420956],[-117.88976904014888,34.52036652468409],[-117.88977191663527,34.520637036557495],[-117.88911826282782,34.52064179652357],[-117.88912401167734,34.52118282032426],[-117.88879718260418,34.52118519903618],[-117.8888000560363,34.52145571094551],[-117.8884732258672,34.52145808881302],[-117.88847609827523,34.52172860073133],[-117.88814926701917,34.52173097774544],[-117.88815213841211,34.52200148968172],[-117.8874984736542,34.52200624114075],[-117.88749560438129,34.52173572915955],[-117.88684194158171,34.52174047707923],[-117.88683907445576,34.52146996503515],[-117.88651224406209,34.5214723376565],[-117.88650651202904,34.52093131350546],[-117.88683334031167,34.52092894092903],[-117.88683047330251,34.520658428849025],[-117.8871573004892,34.52065605542818],[-117.88715156445866,34.520115031295106],[-117.88747838949837,34.52011265703883],[-117.88746978257794,34.51930112081677],[-117.88714296070927,34.5193034949922],[-117.88714009286468,34.51903298287626],[-117.88681327202009,34.519035356153374],[-117.88681040527145,34.518764843992514],[-117.88648358543297,34.5187672163803],[-117.88648071978027,34.51849670418351],[-117.88615390096587,34.51849907567298],[-117.88615676555857,34.51876958788773],[-117.88582994564823,34.5187719585238],[-117.88583280922582,34.519042470756524],[-117.88550598821953,34.519044840539195],[-117.88550885078205,34.5193153527809],[-117.88518202867981,34.519317721710166],[-117.88518489022722,34.51958823396984],[-117.88453124380392,34.5195929692592],[-117.88453410326724,34.51986348154582],[-117.88420727893718,34.519865847905905],[-117.88421013739439,34.52013636021049],[-117.88388331196839,34.52013872571718],[-117.8838861694015,34.52040923803075],[-117.88355934288856,34.52041160268404],[-117.8835621992976,34.52068211500659],[-117.88388902687056,34.52067975032636],[-117.88389474192546,34.521220774890615],[-117.88422157157353,34.5212184092941],[-117.88425015969388,34.523923531136234],[-117.88457699986122,34.5239211644258],[-117.88458272005448,34.524462188603785],[-117.88490956230592,34.5244598209591],[-117.88491528476293,34.52500084503827],[-117.8852421290805,34.524998476477315],[-117.88524785381023,34.52553950046665],[-117.88557470020291,34.525537130980425],[-117.88558615433364,34.52661917870757],[-117.88591300492143,34.52661680825117],[-117.88591586960396,34.52688732013355],[-117.88624272120687,34.52688494877883],[-117.88624558698534,34.52715546062527],[-117.88657243961232,34.52715308837224],[-117.88657530648673,34.52742360018275],[-117.8875558672872,34.5274164781146],[-117.88756734784636,34.52849852492547],[-117.88724049006305,34.52850089991836],[-117.88724622845618,34.529041923296845],[-117.8869193685169,34.529044297463294],[-117.8869365782884,34.53066736744603],[-117.8872634445608,34.53066499313585],[-117.88727492273942,34.53174703946163],[-117.88760179320694,34.53174466418127],[-117.88760753463637,34.53228568721839],[-117.887934407179,34.53228331102175],[-117.88794015087218,34.53282433396006],[-117.8882670254989,34.532821956838156],[-117.88826989845491,34.53309246827138],[-117.88859677409673,34.533090090242176],[-117.88860827055608,34.5341721357415],[-117.88893515038404,34.5341697567511],[-117.88893802564873,34.53444026806754],[-117.88926490650077,34.53443788817882],[-117.8892677828614,34.534708399468315],[-117.88959466472853,34.5347060186723],[-117.8895975421851,34.534976529925856],[-117.88992442506735,34.53497414824051],[-117.88992730361986,34.535244659449155],[-117.89058107138759,34.53523989340148],[-117.89058395209605,34.535510404547246],[-117.89189149139544,34.53550086186076],[-117.8918943763709,34.5357713729077],[-117.89254814790257,34.5357665962689],[-117.89255103503399,34.53603710725296],[-117.89287792179695,34.536034717590574],[-117.89288081001534,34.53630522853871],[-117.89320769780238,34.53630283798699],[-117.89320480852399,34.536032327065804],[-117.8941854684805,34.536025150218386],[-117.89418836092995,34.536295661067705],[-117.89582279869734,34.536283682051355],[-117.8958199009658,34.53601317131882],[-117.89647367368325,34.536008373632484],[-117.89647077387659,34.53573786293588],[-117.89679765912139,34.53573546280812],[-117.89679475829965,34.53546495212949],[-117.89777541062946,34.535457746562926],[-117.89777831463124,34.5357282571697],[-117.89875896979075,34.535721043662036],[-117.89876187699952,34.53599155417898],[-117.89974253497974,34.53598433272122],[-117.89974544540448,34.5362548431663],[-117.90007233237405,34.536252434235045],[-117.90007524388575,34.53652294464419],[-117.9004021318794,34.53652053481463],[-117.90040504448706,34.53679104518783],[-117.9007319334958,34.53678863445995],[-117.90074358855271,34.53787067571025],[-117.90107048175659,34.53786826401219],[-117.90107922663131,34.53867979475453],[-117.90075233025637,34.53868220651547],[-117.90076107231037,34.539493737221875],[-117.90043417272845,34.53949614818331],[-117.9004370857583,34.539766658421776],[-117.89978328436663,34.53977147777548],[-117.89978619533036,34.54004198804987],[-117.89913239166597,34.54004680395404],[-117.89913530055459,34.54031731425539],[-117.89880839760399,34.54031972092288],[-117.89882293733093,34.54167227238469],[-117.8994767537604,34.54166745793579],[-117.8994796639336,34.5419379681473],[-117.9004603914524,34.54193073984438],[-117.90046330484158,34.54220124996607],[-117.90111712511583,34.54219642666876],[-117.90112004065199,34.542466936736545],[-117.90144695178624,34.54246452375389],[-117.90145278509536,34.54300554379064],[-117.90112587185006,34.54300795681821],[-117.901128787503,34.54327846685006],[-117.9004749587756,34.543283290336014],[-117.9004778723624,34.54355380039481],[-117.89982404136227,34.543558620431234],[-117.89982695286498,34.543829130534945],[-117.89950003625101,34.543831539259585],[-117.89949712579931,34.543561029137905],[-117.89917021020942,34.54356343696422],[-117.89916730085368,34.54329292680661],[-117.89785964231191,34.54330254928146],[-117.8978625474366,34.543573059537884],[-117.89557413608846,34.543589865345986],[-117.8955712383659,34.54331935491887],[-117.89491740832696,34.543324148661604],[-117.8949203039295,34.54359465913363],[-117.89295880651837,34.54360901948498],[-117.89296169582371,34.54387953008277],[-117.89165402588233,34.54388908624398],[-117.8916597961387,34.54443010761024],[-117.89198671578897,34.54442771983432],[-117.8920069202921,34.54632129405477],[-117.89233384730858,34.546318905236795],[-117.89234539781955,34.54740094728659],[-117.89267232903116,34.54739855749844],[-117.89267810662675,34.547939578397575],[-117.89300503992244,34.54793718768416],[-117.89303394080024,34.55064229122761],[-117.89238005302659,34.55064707225918],[-117.89237716488006,34.55037656191292],[-117.89139633610316,34.55038372682173],[-117.8913934511726,34.55011321639462],[-117.89106650922614,34.550115602921885],[-117.89106939310567,34.55038611337594],[-117.8904155069849,34.55039088386129],[-117.89041838878033,34.55066139435129],[-117.88976450039581,34.55066616137812],[-117.88976162071143,34.55039565083423],[-117.88943467751629,34.55039803301365],[-117.88942892038432,34.54985701185401],[-117.8891019792643,34.549859393108164],[-117.88909046968057,34.54877735053734],[-117.89007128022168,34.54877020443926],[-117.89006839975575,34.54849969384147],[-117.89039533546791,34.54849731008102],[-117.89038957252383,34.54795628888544],[-117.89104343960031,34.547951518840264],[-117.89106362539152,34.549845092458845],[-117.89139056627799,34.549842705949544],[-117.8913876814193,34.549572195495486],[-117.89171462120981,34.54956980813279],[-117.89170884949819,34.54902878723365],[-117.89203578713274,34.54902639905349],[-117.89202135322734,34.547673846711334],[-117.89169442088385,34.54767623477472],[-117.89169153527058,34.54740572423981],[-117.8913646039422,34.547408111404884],[-117.89135883496144,34.546867090263206],[-117.89168576417879,34.54686470314305],[-117.89167999323072,34.54632368200137],[-117.89037228460789,34.546333225029215],[-117.8903751658284,34.546603735698866],[-117.88939438079046,34.54661088385409],[-117.88939725887586,34.54688139458663],[-117.88808954071291,34.54689091329708],[-117.88809241461215,34.54716142411046],[-117.88776548392157,34.547163801627626],[-117.88776261108235,34.54689329078729],[-117.88743568140686,34.54689566739716],[-117.88743855318607,34.54716617826444],[-117.88678469160729,34.54717092891499],[-117.88679043105144,34.54771195070345],[-117.8864634980971,34.547714324771086],[-117.88646636681307,34.54798483566532],[-117.88581249866759,34.547989581213436],[-117.8858067654847,34.547448559308194],[-117.88547983346461,34.54745093071681],[-117.88547410255447,34.54690990871275],[-117.8858010324635,34.54690753734904],[-117.88579243321469,34.54609600432499],[-117.88513857971175,34.546100746028316],[-117.88513285129892,34.54555972385358],[-117.88447900188332,34.545564461972624],[-117.88447327784527,34.54502343965415],[-117.88610789054161,34.54501158804587],[-117.88609928892123,34.54420005483316],[-117.88642620817626,34.5441976819513],[-117.88641760372619,34.543386148702666],[-117.88510993918369,34.54339563466952],[-117.88510707533659,34.54312512346986],[-117.88478016015992,34.54312749274948],[-117.88477729741776,34.5428569815049],[-117.88445038325618,34.5428593498862],[-117.88444752160996,34.54258883861467],[-117.88477443470255,34.542586470260325],[-117.88477157203225,34.54231595899778],[-117.88509848403787,34.54231358978105],[-117.88509562034349,34.54204307853648],[-117.88542253125317,34.54204070847533],[-117.88541966654368,34.541770197230754],[-117.88574657634844,34.54176782632519],[-117.88574371062387,34.5414973150896],[-117.88607061934165,34.54149494333063],[-117.88607635294676,34.54203596572996],[-117.8867301744966,34.54203121948115],[-117.88672730555608,34.54176070833539],[-117.88705421521709,34.541758333926396],[-117.88704847533278,34.541217311652844],[-117.88737538283783,34.541214936408416],[-117.88736389931422,34.54013289179842],[-117.8876908025523,34.54013051578145],[-117.88766782887552,34.53796642617519],[-117.88799472361552,34.53796404946651],[-117.88799185102782,34.5376935382399],[-117.88766495733884,34.537695914912646],[-117.88765347157845,34.53661386976366],[-117.88732658207562,34.536616245475216],[-117.88731797132836,34.53580471140911],[-117.88699108496964,34.53580708617743],[-117.88698534677415,34.5352660633559],[-117.88665846248155,34.53526843719896],[-117.88664125515348,34.533645368312165],[-117.88631437717603,34.53364774113114],[-117.88631151048128,34.533377229581134],[-117.88598463350996,34.53337960150179],[-117.88598749915369,34.53365011307875],[-117.8856606210954,34.53365248414601],[-117.8856692150711,34.5344640188589],[-117.88534233380584,34.534466389126656],[-117.88535665258316,34.535818946858704],[-117.8856835391395,34.53581657646518],[-117.88568926902558,34.53635759943044],[-117.88536238035819,34.536359969859895],[-117.88536524430408,34.53663048134702],[-117.88307701517023,34.53664705006276],[-117.88307987175894,34.53691756169361],[-117.8781765014766,34.536952922087124],[-117.87817934223699,34.537223434068316],[-117.8752373064653,34.53724455602983],[-117.87523447520908,34.53697404384202],[-117.87490758321793,34.53697638632489],[-117.87491041340515,34.53724689854863],[-117.87458352031804,34.5372492401781],[-117.87458069118186,34.53697872793639],[-117.87163866118634,34.536999763075734],[-117.87164148080936,34.53727027553303],[-117.87098769383566,34.53727494043041],[-117.87098487632367,34.53700442792819],[-117.86902352085534,34.53701840149193],[-117.86902070972138,34.536747888837],[-117.86836692637688,34.53675253964878],[-117.8683697353908,34.53702305234863],[-117.867389056929,34.53703002206251],[-117.8673918628078,34.537300534825235],[-117.86641118083358,34.53730749674174],[-117.86641398357727,34.537578009549385],[-117.866087088451,34.53758032846046],[-117.86608989017958,34.537850841286065],[-117.86576299396634,34.53785315935273],[-117.86576579467085,34.53812367218732],[-117.86511200000757,34.53812830573349],[-117.86510640285657,34.537587279956504],[-117.86477950758656,34.537589595364146],[-117.86477671012497,34.53731908243074],[-117.86412292157921,34.53732371058702],[-117.86412012627358,34.53705319759971],[-117.86281255296397,34.537062443312145],[-117.86281534404752,34.53733295639827],[-117.86183466051024,34.53733988157367],[-117.86183187259773,34.537069368415686],[-117.86117808549827,34.537073980779574],[-117.86117529974173,34.536803467567694],[-117.85856015831477,34.53682188182727],[-117.85856293561818,34.53709239522781],[-117.8579091477731,34.53709699008353],[-117.8579119230014,34.53736750352],[-117.85758502796494,34.537369799658784],[-117.85759057640931,34.537910826531714],[-117.85693678200653,34.53791541628501],[-117.85693400987743,34.53764490280363],[-117.85660711368216,34.53764719634628],[-117.856604342649,34.53737668283795],[-117.85627744746883,34.537378975482284],[-117.85627467753162,34.537108461938026],[-117.85594778336653,34.53711075367506],[-117.85594501452526,34.53684024009486],[-117.85561812138427,34.53684253094257],[-117.85561535362996,34.53657201732644],[-117.85528846151304,34.53657430727583],[-117.85528569485467,34.53630379362377],[-117.85495880375285,34.53630608267485],[-117.85495603819044,34.536035568995835],[-117.85364847765487,34.53604471636071],[-117.85364571635945,34.535774202564916],[-117.85103060196282,34.53579245511877],[-117.85103886059743,34.53660399700021],[-117.85136575319945,34.5366017184235],[-117.85137126124656,34.53714274623965],[-117.85169815592367,34.537140466746656],[-117.85171744266299,34.53903406355974],[-117.8520443447063,34.53903178302469],[-117.8520471011598,34.53930229678455],[-117.8523740042182,34.53930001536017],[-117.85238227697432,34.540111556487034],[-117.85270918316785,34.54010927411942],[-117.852731253912,34.54227338308438],[-117.85338508310652,34.54226881534879],[-117.85338784423126,34.542539328866106],[-117.85371475983014,34.54253704365982],[-117.85371752205083,34.542807557150184],[-117.8540444386738,34.54280527104558],[-117.85404720198143,34.54307578450001],[-117.85437411962847,34.5430734974971],[-117.85438794202372,34.54442606444586],[-117.85471486491693,34.5444237764548],[-117.85471763056917,34.544694289792446],[-117.85504455447747,34.54469200090307],[-117.8550583885598,34.546044567258946],[-117.85473145936042,34.54604685625612],[-117.85473422522827,34.5463173695219],[-117.85506115548765,34.546315080488796],[-117.85506392245144,34.546585593709665],[-117.8553908537349,34.54658330378722],[-117.85541853597616,34.549288435115564],[-117.85574547779686,34.54928614407922],[-117.85574824727594,34.54955665712042],[-117.8554213044042,34.54955894817474],[-117.85542407286817,34.54982946123391],[-117.85509712889152,34.54983175143483],[-117.85509159411951,34.54929072527157],[-117.85476465222695,34.549293014547224],[-117.85476188594588,34.54902250142517],[-117.85443494507739,34.54902478980251],[-117.85443217989227,34.548754276644516],[-117.85410524004786,34.548756564132525],[-117.8540858922231,34.54686297151458],[-117.85375895973588,34.54686525796952],[-117.85375067153771,34.54605371801945],[-117.85342374218563,34.54605600352218],[-117.85341821901986,34.54551497679298],[-117.85309129175187,34.54551726137044],[-117.85308577084088,34.54497623454243],[-117.85275884564798,34.544978518203614],[-117.85275056774451,34.544166977795406],[-117.85209672359304,34.54417154235994],[-117.85209948074723,34.544442055886236],[-117.85177255755758,34.54444433687044],[-117.85177531368768,34.54471485041471],[-117.8514483894021,34.54471713054551],[-117.85147043131032,34.54688123859418],[-117.85179736404906,34.54687895827473],[-117.8518056335443,34.54769049852124],[-117.85213256942714,34.54768821724958],[-117.85214360016391,34.54877027065408],[-117.8524705402329,34.54876798842122],[-117.85247605793691,34.549309015006685],[-117.85280300008999,34.54930673184856],[-117.85281404016924,34.55038878477695],[-117.85314098651745,34.55038650064865],[-117.85314650889269,34.55092752699157],[-117.85347345731601,34.550925241955966],[-117.8534817443284,34.551736781304164],[-117.85446259890493,34.55172992072661],[-117.85446536449429,34.552000433749846],[-117.85479231699597,34.551998145111995],[-117.85480338394382,34.553080196998344],[-117.85513034064961,34.55307790739031],[-117.85513864441559,34.55388944610969],[-117.8554656042565,34.55388715556741],[-117.85547114240616,34.554428181263546],[-117.85579810432218,34.55442588979601],[-117.85580364473559,34.55496691541129],[-117.85613060872672,34.554964623018485],[-117.85613338004734,34.55523513578122],[-117.85646034507153,34.55523284249009],[-117.8564658899316,34.555773867934704],[-117.8567928570309,34.5557715737273],[-117.85679563057934,34.55604208640918],[-117.85810350283928,34.55603290072217],[-117.85809239195483,34.55495085029109],[-117.85841935569442,34.55494855178076],[-117.85841657700762,34.554678039161765],[-117.85808961431906,34.55468033765413],[-117.85808128165428,34.55386879967137],[-117.8584082411628,34.55386650125087],[-117.85840268412159,34.55332547591406],[-117.85872964147416,34.553323176658125],[-117.85872686195192,34.55305266399421],[-117.85938077443824,34.553048062904175],[-117.8593835560715,34.55331857552317],[-117.85971051331629,34.553316273635176],[-117.8597132960545,34.55358678621824],[-117.86004025431437,34.55358448344091],[-117.86005138985759,34.55466653355757],[-117.86037835232158,34.55466422981006],[-117.86038113735947,34.554934742285326],[-117.86005417383547,34.5549370460508],[-117.86006531012428,34.556019095924924],[-117.86104621326372,34.556012181708965],[-117.86104342596207,34.55574166933251],[-117.86137039254035,34.5557393628631],[-117.861373180902,34.55600987522159],[-117.86202711607078,34.55600525961478],[-117.86203269713296,34.556546284197005],[-117.86170572744652,34.55654859248101],[-117.86170851697598,34.556819104785596],[-117.86138154620258,34.5568214122162],[-117.86138712324929,34.55736243681639],[-117.86236804182178,34.55735551174878],[-117.86236525010042,34.557084999525046],[-117.86269222182605,34.557082689435425],[-117.86268663638009,34.55654166499693],[-117.86497542258621,34.556525470213906],[-117.8649810228364,34.55706649433799],[-117.86530799426558,34.557064177241514],[-117.86531079550909,34.55733468925864],[-117.86629171273411,34.557327732669144],[-117.86628890831057,34.557057220723884],[-117.8685777064553,34.557040958207885],[-117.86858051828095,34.55731146999145],[-117.86890749034794,34.55730914324707],[-117.86890467747125,34.55703863149045],[-117.86988559028555,34.55703164607402],[-117.86988840634227,34.55730215776775],[-117.87086932198626,34.55729516440123],[-117.87087214125894,34.55756567601412],[-117.87119911412543,34.55756334311627],[-117.87119629380172,34.55729283153034],[-117.87217720899655,34.55728582766251],[-117.8721743855377,34.55701531613946],[-117.87380923815608,34.55700362563503],[-117.87381206691498,34.557274137041304],[-117.8741390383801,34.557271796292184],[-117.87414186823493,34.55754230766252],[-117.87479581317739,34.557537623487306],[-117.8747929812115,34.55726711216188],[-117.8754469238812,34.557262424537136],[-117.87544408984022,34.55699191324764],[-117.87577106006565,34.556989568141695],[-117.8757682249916,34.55671905686119],[-117.877076101276,34.55670966777764],[-117.87707894057213,34.55698017895933],[-117.87740591060891,34.55697782947858],[-117.877408751001,34.55724834063333],[-117.87838966404885,34.55724128685511],[-117.87838682048573,34.55697077578121],[-117.87871379036082,34.55696842279704],[-117.87869387903187,34.55507484507316],[-117.8790208414689,34.55507249137931],[-117.87901230543453,34.554260957951016],[-117.8793392646646,34.55425860345767],[-117.87933641833465,34.55398809231191],[-117.87966337645977,34.55398573696517],[-117.87966052911473,34.55371522582839],[-117.8799874861529,34.55371286962825],[-117.87999033455795,34.553983380738075],[-117.88031729261121,34.553981023630634],[-117.88032869083978,34.555063067845374],[-117.88065565308817,34.55506070976775],[-117.8806585038019,34.55533122076978],[-117.88131243029295,34.55532650195553],[-117.88131528316264,34.55559701289467],[-117.88196921162098,34.555592290523094],[-117.88197492169921,34.55613331227563],[-117.88230188799002,34.55613094972439],[-117.882307600332,34.55667197137811],[-117.88296153703689,34.55666724357172],[-117.88296439537731,34.55693775432222],[-117.88329136473139,34.55693538908503],[-117.88329422416776,34.55720589980858],[-117.88362119453691,34.55720353366409],[-117.8836240550782,34.55747404435171],[-117.88427799781978,34.557469309394726],[-117.88428086051702,34.55773982002845],[-117.88460783288944,34.557737451206975],[-117.88461069667365,34.55800796180477],[-117.88297582914323,34.55801979724338],[-117.88297868768129,34.558290307939984],[-117.8826517130002,34.558292672422596],[-117.88265457051418,34.55856318312818],[-117.88232759473715,34.558565546766374],[-117.88233045123603,34.55883605748993],[-117.88200347436306,34.55883842026574],[-117.8820006189242,34.558567909524214],[-117.88003876324696,34.558582067682764],[-117.88003591419512,34.55831155677954],[-117.87807406349455,34.55832568328146],[-117.8780769061953,34.55859619431943],[-117.87774992988827,34.55859854569562],[-117.87775277157392,34.55886905674256],[-117.87677183924822,34.55887610568785],[-117.87677467778977,34.559146616797676],[-117.87612072060328,34.55915131176166],[-117.87612355706973,34.559421822907424],[-117.87579657735809,34.55942416910033],[-117.87579941280943,34.55969468026406],[-117.87547243200184,34.55969702560357],[-117.87547810088333,34.56023804793102],[-117.87580508381093,34.56023570253761],[-117.87581359059617,34.5610472358671],[-117.8751596183629,34.561051925908316],[-117.87515678484293,34.56078141476255],[-117.87450281457697,34.560786101255424],[-117.87449998322195,34.560515590055765],[-117.87417299909059,34.56051793196371],[-117.8741673385904,34.55997690947456],[-117.87449432061071,34.559974567611526],[-117.87448865814319,34.55943354512238],[-117.87416167825188,34.55943588693151],[-117.87415884813653,34.55916537564202],[-117.87285093239812,34.55917473405709],[-117.87286223615088,34.56025677950251],[-117.87253525289088,34.560259117017694],[-117.87253807786787,34.56052962837007],[-117.87221109351194,34.56053196502287],[-117.87221391746485,34.560802476393214],[-117.87188693201297,34.560804812192615],[-117.8718897549418,34.561075323571934],[-117.87156276839399,34.56107765852692],[-117.87156559030771,34.56134816991523],[-117.87025763949907,34.561357501057444],[-117.87026045721768,34.5616280125266],[-117.86960647946876,34.56163267288748],[-117.86960929511226,34.56190318439256],[-117.86928230512387,34.56190551328392],[-117.86928793438966,34.56244653631206],[-117.86961492649806,34.5624442073668],[-117.86961774224935,34.562714718835956],[-117.87092571451873,34.562705394233475],[-117.87092853454601,34.56297590559483],[-117.87158252257166,34.56297123799354],[-117.8715853447459,34.56324174930099],[-117.8732203194543,34.56323006485121],[-117.87322314695557,34.56350057602392],[-117.87355014284587,34.563498236487526],[-117.87355297145206,34.5637687476243],[-117.87387996835746,34.56376640718061],[-117.8738827980506,34.56403691829044],[-117.87486379172225,34.56402989164134],[-117.87486662464035,34.56430040266133],[-117.87519362351306,34.56429805867828],[-117.87519645751811,34.56456856966234],[-117.8755234574149,34.564566224771994],[-117.87552629251591,34.56483673572012],[-117.87618029431273,34.56483204326244],[-117.8761774570917,34.56456153236821],[-117.87650445687171,34.56455918484579],[-117.87649878042642,34.56401816305733],[-117.87715277563858,34.56401346548823],[-117.87714709510595,34.56347244374468],[-117.87682009963785,34.56347479291999],[-117.8768059042711,34.56212223821527],[-117.87647891405814,34.56212458639346],[-117.87647323828658,34.56158356438041],[-117.87712721445446,34.5615788672425],[-117.87713005443332,34.5618493782086],[-117.8774570435144,34.56184702829667],[-117.87745988458919,34.56211753922683],[-117.87778687469435,34.562115188425565],[-117.8777897168651,34.5623856993198],[-117.87811670799432,34.56238334761123],[-117.87812239456363,34.56292436930987],[-117.87910337405987,34.562917308803264],[-117.87910052757721,34.56264679802581],[-117.87975451160536,34.562642086685536],[-117.87975736019905,34.56291259740909],[-117.88073833912935,34.562905523760136],[-117.88074119093902,34.56317603440284],[-117.88139517882094,34.56317131421416],[-117.88139803278656,34.56344182479398],[-117.88172502772466,34.56343946336565],[-117.88172788278622,34.56370997390953],[-117.88205487874839,34.563707611582885],[-117.8820691599402,34.565060164023855],[-117.88239616114853,34.565057800691086],[-117.88239901856369,34.56532831111819],[-117.88305302299257,34.565323581793656],[-117.88305874216174,34.56586460251312],[-117.8833857464423,34.56586223648541],[-117.88338288577525,34.565591726157116],[-117.88370988895987,34.565589359276004],[-117.88370702727772,34.56531884895669],[-117.88632304287324,34.56529988260152],[-117.88633165344083,34.5661114129486],[-117.88600464844161,34.56611378688149],[-117.88600751765165,34.56638429700317],[-117.88633452370189,34.56638192304333],[-117.88633739400787,34.566652433129086],[-117.88895344949756,34.56663340975784],[-117.88895057072048,34.566362899869716],[-117.88927757642936,34.56636051803166],[-117.88926317784572,34.5650079685192],[-117.88959017821861,34.56500558592655],[-117.88958153635372,34.56419405614541],[-117.88925453916086,34.564196438666194],[-117.88925165967409,34.56392592868824],[-117.88794367472947,34.56393544992296],[-117.88793792434384,34.56339442974247],[-117.88826491851837,34.56339205079699],[-117.88826204231944,34.56312154071124],[-117.88793504920493,34.56312391963876],[-117.88793217410195,34.562853409517075],[-117.88825916616543,34.56285103061651],[-117.88825629004735,34.562580520512796],[-117.88858328100591,34.56257814075882],[-117.8885775267665,34.562037120551395],[-117.88890451557808,34.562034739970976],[-117.88890739373534,34.562305250056724],[-117.88988836309858,34.562298102997445],[-117.88989412588096,34.56283912298029],[-117.89022111771088,34.56283673883356],[-117.89022400022496,34.56310724878456],[-117.89055099306998,34.56310486373054],[-117.89055387668,34.563375373645606],[-117.8908808705491,34.56337298769326],[-117.89088375524608,34.5636434975724],[-117.89121075013925,34.56364111072174],[-117.89121652177005,34.56418213039916],[-117.89154351873832,34.56417974262324],[-117.89154640567212,34.56445025242152],[-117.89220040161193,34.564445474192695],[-117.89220329070167,34.5647159839281],[-117.89318428749048,34.56470880994631],[-117.89318139522967,34.564438300282774],[-117.8935083930244,34.564435907224755],[-117.89350549973953,34.56416539757019],[-117.89415949309219,34.564160608884976],[-117.89415659773219,34.56389009926635],[-117.89382960212934,34.563892494022184],[-117.8938267078653,34.56362198437661],[-117.89415370240813,34.56361958963875],[-117.89415080712,34.563349080002155],[-117.89447780056689,34.56334668441089],[-117.89447490425468,34.563076174783276],[-117.8957828734159,34.56306658377642],[-117.89578577395918,34.563337093314196],[-117.89611276720842,34.56333469334813],[-117.89611857052279,34.56387571232487],[-117.8954645797483,34.56388051147546],[-117.89546747934834,34.56415102099527],[-117.8951404828382,34.56415341928148],[-117.89514338142314,34.56442392881028],[-117.89481638381706,34.564426326243094],[-117.8948308719897,34.56577887384214],[-117.89450386905659,34.56578127052037],[-117.89450676575508,34.566051780022214],[-117.89385275765208,34.566056570800505],[-117.89384986307363,34.565786061244765],[-117.89319585693795,34.56579084847471],[-117.89319296452443,34.56552033885609],[-117.89286596245371,34.56552273113257],[-117.89286307112715,34.56525222148699],[-117.89188206787048,34.56525939298045],[-117.891884956017,34.56552990270688],[-117.89155795379358,34.56553229147993],[-117.89156372808337,34.56607331093277],[-117.89090971929765,34.566078085945634],[-117.89091260438093,34.56634859570799],[-117.89058559886966,34.56635098192085],[-117.89058848292885,34.56662149169218],[-117.89026147632164,34.56662387706062],[-117.89027300874055,34.56770591611004],[-117.89060001957881,34.56770353065178],[-117.89060578813736,34.5682445500597],[-117.89093280105972,34.56824216367617],[-117.89094434286602,34.5693242022405],[-117.8906173257126,34.56932658872285],[-117.89062021020298,34.56959709835944],[-117.89029319194462,34.56959948398839],[-117.8903018424603,34.57041101289816],[-117.89062886389868,34.570408627197345],[-117.89063174854178,34.57067913678004],[-117.89095877099527,34.57067675018091],[-117.89095588529216,34.57040624061618],[-117.8912829066497,34.570403853163654],[-117.89128579340384,34.57067436270143],[-117.89292090489872,34.570662412179644],[-117.89291801284452,34.57039190276763],[-117.8932450339685,34.570389510059954],[-117.89323924785687,34.56984849122695],[-117.89291222885292,34.56985088388971],[-117.89290933691551,34.56958037443278],[-117.89192828284114,34.569587547085064],[-117.89191383960222,34.568234999261435],[-117.89224085237187,34.56823260937447],[-117.89223507323118,34.56769159020909],[-117.89288909442263,34.56768680790191],[-117.89289198609053,34.567957317448666],[-117.89321899768339,34.56795492495659],[-117.89322189044725,34.56822543445843],[-117.89452994068142,34.56821585563272],[-117.89452704367751,34.56794534622969],[-117.89550807777336,34.56793815298802],[-117.89551097794832,34.56820866232817],[-117.89616500260726,34.56820386240503],[-117.89616790493818,34.56847437168229],[-117.89649491826479,34.56847197037774],[-117.89650072516343,34.56901298885142],[-117.89748177126975,34.56900577955685],[-117.89747595801103,34.568464761226906],[-117.89780297118492,34.56846235642791],[-117.89779424841775,34.567650828928485],[-117.89844826829766,34.567646016842154],[-117.89843953952973,34.56683448937867],[-117.89876654622677,34.56683208209134],[-117.89875781463815,34.56602055458294],[-117.89810380754126,34.56602536813352],[-117.89809508264509,34.565213840373595],[-117.89842208303594,34.56521143411034],[-117.89841917376106,34.564940924860025],[-117.89940017152004,34.56493370088699],[-117.89940308397497,34.56520421006544],[-117.89973008421312,34.56520180029876],[-117.8997359113508,34.565742818574805],[-117.89940890900162,34.565745228386405],[-117.89942055952203,34.5668272648936],[-117.89909355289686,34.566829673932645],[-117.8990993762706,34.567370692154796],[-117.89877236748947,34.56737310036739],[-117.89877818889592,34.56791411858955],[-117.89943221066228,34.56790930120315],[-117.89942929782107,34.56763879214149],[-117.89975630758137,34.56763638215921],[-117.8997504798957,34.567095364053834],[-117.90007748750004,34.56709295324511],[-117.90007165784706,34.566551935139735],[-117.90105267408441,34.56654469759315],[-117.90105559206398,34.56681520657398],[-117.90170960481126,34.56681037712321],[-117.90171252495577,34.56708088605013],[-117.90203953232654,34.567078469977275],[-117.90204245355801,34.56734897886827],[-117.90236946195287,34.56734656190608],[-117.90237822906987,34.56815808842633],[-117.90139719424639,34.56816533691439],[-117.90140011351953,34.56843584580538],[-117.90107310076786,34.568438260243305],[-117.90108185564979,34.56924978690729],[-117.90140887157253,34.569247372397506],[-117.90141762997587,34.570058898881825],[-117.9010906108731,34.570061313463476],[-117.90109644788328,34.570602331101725],[-117.90076942663353,34.57060474485693],[-117.90077526168537,34.57114576250416],[-117.90044823827068,34.57114817542393],[-117.90045698796037,34.571959701872316],[-117.90111104109592,34.57195487499972],[-117.90111395985701,34.572225383737994],[-117.90144098742192,34.572222968967694],[-117.90143806760979,34.57195246024739],[-117.90209212051177,34.57194762811066],[-117.90208919861553,34.571677119435265],[-117.903070274501,34.571669864739846],[-117.90306734946067,34.57139935611835],[-117.90372139773633,34.57139451532186],[-117.90370968951713,34.57031248091673],[-117.9040367093655,34.57031005930127],[-117.90402792543203,34.569498533436786],[-117.90435494206444,34.56949611102182],[-117.90435201310746,34.56922560240033],[-117.90467902863493,34.56922317913197],[-117.90467609866285,34.56895267052844],[-117.90500311309438,34.56895024640668],[-117.90499138934331,34.56786821194765],[-117.90466437914283,34.56787063596161],[-117.90466144935941,34.5676001272952],[-117.90400743096171,34.567604972664114],[-117.90400157575168,34.567063955187564],[-117.90367456860548,34.56706637650658],[-117.90366871566818,34.5665253589402],[-117.90301470550804,34.566530198856334],[-117.90300885696351,34.56598918113723],[-117.90333585994152,34.565986761668746],[-117.90332708423662,34.56517523506765],[-117.90365408400766,34.56517281479067],[-117.90365115779052,34.56490230592664],[-117.90397815645662,34.56489988480525],[-117.9039752292244,34.56462937595019],[-117.90430222679456,34.56462695396642],[-117.90429929854724,34.56435644512933],[-117.90462629502144,34.564354022301146],[-117.90462336574107,34.56408351347304],[-117.90495036111933,34.56408108979145],[-117.90493864017999,34.56299905444309],[-117.90461164904177,34.56300147803484],[-117.90459407514716,34.56137842450924],[-117.90426709031512,34.56138084706794],[-117.90426416252593,34.56111033807813],[-117.90491813003406,34.561105492125314],[-117.90491520016978,34.56083498318043],[-117.9045882174937,34.56083740656557],[-117.90457064547657,34.55921435245606],[-117.90424366911563,34.55921677481712],[-117.90423781420203,34.558675756639886],[-117.90325689121882,34.558683018342165],[-117.90325396699595,34.558412509154735],[-117.90292699364437,34.558414927949485],[-117.902932840015,34.5589559463513],[-117.90260586450746,34.5589583643196],[-117.90260878669115,34.559228873525],[-117.90326273978131,34.55922403667212],[-117.90327151290805,34.56003556407272],[-117.90294453321437,34.5600379830112],[-117.90295038004312,34.56057900126929],[-117.9032773618658,34.56057658227691],[-117.90328613557644,34.56138810949785],[-117.90295915059168,34.56139052856209],[-117.90296207418572,34.561661037632746],[-117.90263508809605,34.56166345584359],[-117.90263801066601,34.56193396492323],[-117.90165704900133,34.56194121437249],[-117.90165996843616,34.562211723515006],[-117.90100599167539,34.5622165521483],[-117.90100890903513,34.562487061326756],[-117.90068191954083,34.56248947435432],[-117.90068483588547,34.562759983550734],[-117.90003085466007,34.562764807027705],[-117.90003376892061,34.563035316251074],[-117.8990527936195,34.5630425449762],[-117.89904988253001,34.56277203567198],[-117.89872289174214,34.562774443471355],[-117.89871416189625,34.56196291541498],[-117.89904114950409,34.56196050768747],[-117.89902950601747,34.560878470210106],[-117.89837553921902,34.560883284587135],[-117.89837263056395,34.56061277513919],[-117.89869961291664,34.56061036840882],[-117.89869379360329,34.56006934952191],[-117.89902077380901,34.56006694196508],[-117.8990120419419,34.55925541362125],[-117.89868506491622,34.55925782110621],[-117.8986763365795,34.55844629257373],[-117.89834936268893,34.55844869910648],[-117.89834354610645,34.55790767997703],[-117.89801657429099,34.55791008558451],[-117.89801366711816,34.55763957597487],[-117.8989945792677,34.55763235659222],[-117.89899748962057,34.55790286612999],[-117.89932446131925,34.55790045789045],[-117.89932737275909,34.55817096739229],[-117.90096223595961,34.558158912944414],[-117.9009593192287,34.557888403568334],[-117.90161326212299,34.557883575716566],[-117.90161034330798,34.55761306637642],[-117.90193731363223,34.55761065115696],[-117.90191687562103,34.55571708559627],[-117.9015899126989,34.55571950064505],[-117.90158115730492,34.55490797229223],[-117.90190811704701,34.554905557315315],[-117.90190227820428,34.554364538401465],[-117.9022292357994,34.5543621225981],[-117.90222631536743,34.554091613141175],[-117.90255327186661,34.55408919649339],[-117.90255035042853,34.55381868705444],[-117.90320426118109,34.55381385117173],[-117.90320718474818,34.55408436056578],[-117.90386109746805,34.55407952112574],[-117.90385817178992,34.5538090117856],[-117.90451208223706,34.55380416890502],[-117.90450915448382,34.55353365959182],[-117.90483610859349,34.553531236862455],[-117.90485075303704,34.55488378314996],[-117.90615859023575,34.55487408297983],[-117.90616445675558,34.55541510121995],[-117.90583749539651,34.555417527623426],[-117.90584922466324,34.556499564040784],[-117.90650315579857,34.55649471016483],[-117.90650022130798,34.556224201121125],[-117.90682718576623,34.55622177289406],[-117.90681250860602,34.554869227648595],[-117.90648554943886,34.5548716557499],[-117.90647674679349,34.554060128385224],[-117.90680370278062,34.55405770034681],[-117.90680076758035,34.553787191231244],[-117.90712772247154,34.553784762339426],[-117.90712185008572,34.55324374410829],[-117.90744880282095,34.55324131439901],[-117.90744586562641,34.552970805292425],[-117.90842672042751,34.5529635109813],[-117.90842966080207,34.55323402001602],[-117.90941051842388,34.553226717754804],[-117.90941346200545,34.55349722670868],[-117.90974041552221,34.55349479084594],[-117.9097433602087,34.553765299763874],[-117.91007031474057,34.55376286300282],[-117.91007915219565,34.55457438960392],[-117.9110600250978,34.55456707384103],[-117.91105707607245,34.55429656505784],[-117.91203794544421,34.554289241497564],[-117.9120408976496,34.554559750208895],[-117.91236785509201,34.55455730724048],[-117.9123649018266,34.5542867985561],[-117.9126918581641,34.55428435474327],[-117.91268594964802,34.55374333739248],[-117.91301290383853,34.5537408927532],[-117.91300108303348,34.55265885799773],[-117.913328032948,34.55265641257691],[-117.91332507679003,34.55238590388355],[-117.91365202560861,34.55238345761832],[-117.9136461112984,34.551842440240584],[-117.91397305796103,34.551839993148896],[-117.91395530961358,34.550216940871955],[-117.91330142893662,34.55022183388751],[-117.91330438478018,34.55049234267969],[-117.91297744332778,34.55049478790287],[-117.91298335302065,34.551035805496205],[-117.91265640941229,34.55103824989294],[-117.9126593632616,34.55130875870309],[-117.9123324185573,34.55131120224642],[-117.91233537138251,34.55158171105656],[-117.91135453385603,34.551589036512276],[-117.91135158420185,34.551318527621284],[-117.91102463934484,34.55132096767018],[-117.91102169078661,34.551050458734274],[-117.91004085913511,34.55105777354495],[-117.91004380452227,34.551328282543736],[-117.90971685950358,34.55133071908021],[-117.90971391517641,34.55106021005448],[-117.90938697118179,34.55106264570163],[-117.90938402795057,34.550792136639956],[-117.90905708497104,34.550794571379804],[-117.90905414283577,34.5505240622822],[-117.90872720087133,34.55052649612373],[-117.9087183778881,34.54971496867821],[-117.9090453166725,34.549712534908544],[-117.90904237469893,34.54944202576603],[-117.9100231876565,34.54943471928273],[-117.91002613281012,34.54970522835338],[-117.9103530714418,34.549702791080286],[-117.91035012523716,34.549432282036584],[-117.9106770627729,34.54942984391009],[-117.91067411554418,34.54915933487537],[-117.91100105198399,34.54915689590446],[-117.91099810374017,34.54888638687872],[-117.91197890965495,34.5488790647827],[-117.91197595827602,34.548608555819854],[-117.91230289244308,34.54860611339941],[-117.91229994004904,34.54833560444553],[-117.91262687311118,34.54833316117169],[-117.91262391970204,34.548062652235785],[-117.9113161914151,34.548072419977196],[-117.91131324227297,34.547801910933494],[-117.91098631116017,34.54780435065899],[-117.910983363114,34.54753384157038],[-117.91065643302528,34.54753628038857],[-117.91065348607505,34.547265771273004],[-117.91032655700144,34.547268209192886],[-117.91031771956432,34.5464566816755],[-117.91064464546687,34.54645424382748],[-117.91063875191674,34.545913225470585],[-117.91096567566333,34.545910786796114],[-117.91096272789564,34.545640277617665],[-117.91161657315203,34.54563539769057],[-117.91161362330922,34.54536488855703],[-117.91226746630187,34.54536000517142],[-117.91226451437495,34.545089496073814],[-117.91259143475288,34.54508705309642],[-117.91258848181087,34.544816544007794],[-117.91291540109286,34.544814100177],[-117.91291244713575,34.54454359110635],[-117.91323936532179,34.54454114642215],[-117.9132364103406,34.544270637360476],[-117.9135633274307,34.54426819183187],[-117.91356037143441,34.54399768278816],[-117.91388728742857,34.54399523640615],[-117.91387250275798,34.542642691097804],[-117.91452632404733,34.54263779595324],[-117.91452928301703,34.54290830498796],[-117.91485619465435,34.54290585608168],[-117.91486211483054,34.54344687407027],[-117.9145352010732,34.54344932303045],[-117.91454703766166,34.54453135895373],[-117.91487395565007,34.544528909894744],[-117.91487987630238,34.545069927739604],[-117.91586063636714,34.545062575172736],[-117.91585767285197,34.54479206633564],[-117.91683842939534,34.544784705971395],[-117.91683249613966,34.54424368839603],[-117.91715941278957,34.54424123323748],[-117.9171564451691,34.543970724463264],[-117.9178102762411,34.543965811576975],[-117.91780730653655,34.54369530282972],[-117.91813422095863,34.54369284510199],[-117.91813719171422,34.54396335382229],[-117.91846410715141,34.54396089518726],[-117.91845816356512,34.54341987779156],[-117.91813125023897,34.54342233637269],[-117.91812827955523,34.54315182763442],[-117.91780136725318,34.543154285317236],[-117.9177983976654,34.54288377653404],[-117.9168176636877,34.54289114426447],[-117.91681469731589,34.54262063540043],[-117.91648778696316,34.54262308953491],[-117.91646999590981,34.541000035946425],[-117.91712380387715,34.540995127093574],[-117.9171267710754,34.54126563601152],[-117.9174536760562,34.541263180251086],[-117.91745664434143,34.54153368912411],[-117.9177835503463,34.541531232465374],[-117.91778948915356,34.542072250130566],[-117.91942402914026,34.54205995346096],[-117.91942997868239,34.54260097082971],[-117.92008379862426,34.54259604594193],[-117.92008677556925,34.542866554554436],[-117.92074059746945,34.54286162611831],[-117.92073761841343,34.542591117550714],[-117.92139143804089,34.54258618565608],[-117.92138845690975,34.542315677124414],[-117.92204227425549,34.54231074178024],[-117.92203929104924,34.54204023329349],[-117.92302001360935,34.5420328237914],[-117.92302299999564,34.54230333220628],[-117.92367681694611,34.54229838811252],[-117.92367980548835,34.542568896473504],[-117.92433362439716,34.5425639488314],[-117.92433661508637,34.5428344571295],[-117.9253173463242,34.5428270290233],[-117.92531435246394,34.542556520806045],[-117.92564126173869,34.542554043045875],[-117.92564425665896,34.54282455124517],[-117.92662498742068,34.54281711264664],[-117.92662798555692,34.54308762074711],[-117.92695489679,34.5430851394386],[-117.92695789601319,34.54335564751212],[-117.92728480827034,34.5433531653053],[-117.92729080896255,34.54389418136251],[-117.92696389459435,34.543896663614255],[-117.92696689394333,34.54416717165184],[-117.9263130629881,34.544172133595126],[-117.92631606026197,34.54444264165967],[-117.92500839362638,34.54445255514375],[-117.92500540058359,34.544182046971414],[-117.92467848488589,34.54418452313258],[-117.92467549293006,34.54391401492431],[-117.92434857824746,34.54391649017818],[-117.92434558739656,34.54364598193397],[-117.9236917600256,34.54365092977371],[-117.923700726353,34.544462454623094],[-117.92337380944258,34.54446492730778],[-117.92339173682426,34.546087976817915],[-117.92371866008578,34.546085503989495],[-117.92373061669814,34.54716753666088],[-117.92340368920556,34.54717000958811],[-117.92340667740643,34.54744051775146],[-117.92307974881791,34.54744298982529],[-117.92308273599471,34.547713498006615],[-117.92210194681556,34.54772090907178],[-117.92210493085723,34.547991417306996],[-117.92177799999597,34.5479938859313],[-117.92178993234484,34.54907591885421],[-117.92211686743717,34.54907345012211],[-117.92212283596069,34.5496144664578],[-117.9224497731371,34.54961199680942],[-117.92245574393337,34.5501530130463],[-117.92278268318489,34.55015054246367],[-117.92278865626288,34.550691558610716],[-117.92311559758053,34.550689087102825],[-117.92311858524242,34.55095959513143],[-117.92344552757517,34.55095712272522],[-117.923448516333,34.5512276307179],[-117.92377545968982,34.55122515741338],[-117.92378143943331,34.55176617330889],[-117.92345449395646,34.55176864665833],[-117.92346047174162,34.552309662553846],[-117.9237874193385,34.55230718915051],[-117.92379339939639,34.55284820494721],[-117.92444729868646,34.55284325540966],[-117.92444430652401,34.5525727475697],[-117.92477125504615,34.55257027151633],[-117.92476826185963,34.552299763685355],[-117.9250952092948,34.55229728678757],[-117.92510119781483,34.55283830237766],[-117.9254281473251,34.55283582455461],[-117.92543114270353,34.55310633230474],[-117.92575809322891,34.55310385357439],[-117.92576108970327,34.55337436129757],[-117.92543413812686,34.553376840045885],[-117.92544012908132,34.55391785550123],[-117.92511317534895,34.55392033342309],[-117.92512215890603,34.55473185658365],[-117.92544911581844,34.55472937858094],[-117.92545510717714,34.55527039390153],[-117.92414727083184,34.55528030086384],[-117.92415026233851,34.55555080860499],[-117.92382330209337,34.55555328318512],[-117.92383825493754,34.55690582184594],[-117.92449218596508,34.55690087157176],[-117.92449517877432,34.5571713792141],[-117.92514911176019,34.55716642539158],[-117.9251521067164,34.55743693297103],[-117.92547907421095,34.55743445471679],[-117.92549105868906,34.55851648482797],[-117.92516408696343,34.55851896318103],[-117.92516708212625,34.55878947070658],[-117.9248401092957,34.558791948206235],[-117.92484310344344,34.559062455740765],[-117.9241891555635,34.55906740817089],[-117.92419214762712,34.55933791574136],[-117.92288424715109,34.55934781019014],[-117.922890222942,34.55988882549277],[-117.92158231336603,34.55989870613444],[-117.92157634604624,34.559357690625205],[-117.92092239525576,34.55936262559208],[-117.9209194137653,34.559092117770085],[-117.92026546493315,34.559097049179634],[-117.92026248560762,34.558826541303745],[-117.91960853872482,34.55883146916495],[-117.91961151593931,34.55910197709474],[-117.91928454138399,34.55910443973626],[-117.91929347008096,34.55991596353462],[-117.91896649230968,34.55991842537664],[-117.91897541818594,34.560729949139066],[-117.91864843719868,34.560732410181586],[-117.9186514115116,34.561002918102396],[-117.91799744730928,34.561007837600286],[-117.91799150295043,34.56046682165087],[-117.9176645229064,34.560469280034376],[-117.91766155184538,34.56019877201475],[-117.91733457281646,34.56020122949994],[-117.91733160285139,34.55993072144438],[-117.91700462484654,34.55993317803126],[-117.91699274963052,34.558851145584455],[-117.91666577581182,34.55885360120115],[-117.91665984056189,34.55831258485647],[-117.9163328688183,34.55831503953892],[-117.91632990231174,34.55804453133065],[-117.91600293159223,34.55804698511478],[-117.91599996617263,34.5577764768616],[-117.91534602673686,34.55778138176186],[-117.91534899002745,34.558051890068946],[-117.91502201919117,34.55805434123],[-117.91502794378708,34.55859535784417],[-117.91470097079483,34.55859780817877],[-117.91470393209117,34.55886831649483],[-117.914376957994,34.55887076597603],[-117.91437991827523,34.55914127431007],[-117.91372596785305,34.559146170694305],[-117.91372892605919,34.55941667906427],[-117.9134019497342,34.55941912596731],[-117.91340490691624,34.559689634346256],[-117.91275095202944,34.55969452558315],[-117.91275390713639,34.55996503399803],[-117.91308088565327,34.559962588792814],[-117.91308384185616,34.56023309717176],[-117.91341082139712,34.56023065105924],[-117.91341377870494,34.56050115940226],[-117.913740759261,34.56049871240041],[-117.91374667610445,34.56103972898763],[-117.91440064133984,34.56103483225305],[-117.91440360193549,34.56130534048827],[-117.91538455266767,34.561297988738865],[-117.91538158889199,34.56102748058449],[-117.91603555373212,34.561022575091336],[-117.9160325878903,34.5607520669729],[-117.91635956919197,34.560749612937244],[-117.91636253609379,34.56102012102873],[-117.91668951841953,34.561017666094756],[-117.91670139066213,34.5620996982541],[-117.91637440411431,34.56210215328689],[-117.91637737121376,34.56237266131549],[-117.916050383561,34.56237511550387],[-117.91605334964535,34.56264562354146],[-117.91572636089666,34.56264807687643],[-117.91572932596591,34.562918584931985],[-117.91507534622274,34.56292348902377],[-117.9150723832735,34.562652980914315],[-117.91441840549763,34.56265788144877],[-117.91442136632685,34.56292838960314],[-117.9140943763205,34.56293083858128],[-117.9140914165513,34.562660330399964],[-117.91311044946978,34.562667672007386],[-117.91311340606794,34.56293818026057],[-117.91376738627824,34.562933286688065],[-117.91377034503233,34.56320379487837],[-117.91344335389412,34.56320624213174],[-117.91345222721894,34.564017766711636],[-117.91312523285576,34.56402021315653],[-117.91313114648325,34.56456122952816],[-117.91280414997311,34.56456367515559],[-117.91282484150685,34.56645723225415],[-117.9124978375407,34.566459677171906],[-117.91250374764678,34.56700069342675],[-117.91217674152466,34.567003137518064],[-117.91218560380021,34.56781466187338],[-117.91251261310235,34.5678122177102],[-117.91251556833507,34.568082725783725],[-117.91284257864332,34.568080280713254],[-117.91283962235958,34.56780977266668],[-117.91316663158089,34.56780732675179],[-117.91316367427308,34.567536818714196],[-117.91349068238945,34.56753437194591],[-117.91348772405756,34.567263863926286],[-117.91381473108697,34.567261416304596],[-117.91381177173997,34.56699090829396],[-117.91413877766446,34.566988459827854],[-117.91415061951705,34.568070491690754],[-117.9138236093615,34.568072940264656],[-117.9138265688612,34.5683434482214],[-117.91415358007677,34.56834099962953],[-117.91415654068139,34.56861150755034],[-117.91448355292104,34.568609058051166],[-117.91448947635813,34.56915007382092],[-117.91481649067288,34.56914762339649],[-117.91481945350533,34.569418131236446],[-117.91514646884416,34.5694156799137],[-117.91514943278153,34.56968618771773],[-117.91547644913545,34.56968373549667],[-117.91547941416879,34.56995424325578],[-117.9158064315378,34.5699517901364],[-117.91581236384127,34.57049280558276],[-117.91417726600078,34.5705050626726],[-117.91418022691983,34.570775570503585],[-117.91352618539051,34.57078046725613],[-117.91352914422546,34.571050975123036],[-117.91287510042342,34.57105586841707],[-117.91286918701154,34.57051485258444],[-117.91254216717215,34.5705172978705],[-117.91253921158909,34.57024678991376],[-117.91155815499046,34.57025412044496],[-117.91156110740245,34.570524628473564],[-117.91123408740137,34.570527070265186],[-117.91123703878928,34.57079757831176],[-117.91091001768326,34.570800019241],[-117.9109129680561,34.571070527296555],[-117.91058594585414,34.57107296738138],[-117.91058889520288,34.5713434754549],[-117.91091591846484,34.57134103534313],[-117.91091886890953,34.57161154338072],[-117.91124589318659,34.57160910237962],[-117.9112488447362,34.57187961037229],[-117.9122299205049,34.571872282024],[-117.9122328752615,34.572142789935825],[-117.91321395385988,34.57213545363744],[-117.91322282791232,34.57294697707648],[-117.91256876919824,34.57295186896914],[-117.91257763724995,34.57376339245309],[-117.91290466980949,34.57376094687058],[-117.91290762696458,34.57403145464765],[-117.91323466053024,34.574029008157844],[-117.91323761879026,34.574299515898986],[-117.91356465337999,34.57429706851985],[-117.91356761272698,34.57456757622506],[-117.91389464834079,34.57456512793862],[-117.91389168792479,34.57429462026035],[-117.91421872244266,34.57429217112051],[-117.91422760696946,34.575103694047506],[-117.91455464462244,34.57510124396443],[-117.91457242109614,34.576724289342316],[-117.9152265089875,34.57671938624766],[-117.91522947399388,34.576989893719315],[-117.91555651893219,34.5769874408335],[-117.91556541735594,34.57779896309574],[-117.91523836923758,34.57780141605342],[-117.91524133439667,34.57807192348015],[-117.9149142851734,34.578074375584436],[-117.91492021349731,34.57861539044689],[-117.91459316211807,34.57861784172472],[-117.9145961252829,34.578888349160444],[-117.91426907279873,34.57889079959386],[-117.91427203494847,34.57916130703856],[-117.91394498136836,34.57916375661857],[-117.91394202028762,34.57889324914692],[-117.91296086249376,34.57890059255097],[-117.91296382040345,34.57917110009449],[-117.91329087410034,34.57916865314654],[-117.91329975122503,34.57998017563336],[-117.91199152350173,34.57998995846647],[-117.91199447838409,34.58026046603693],[-117.91166742029444,34.58026290958027],[-117.91167628200402,34.581074432291665],[-117.91233040449849,34.58106954418091],[-117.9123392729185,34.5818810666318],[-117.9120122085137,34.581883511199216],[-117.91201811887132,34.582424526151506],[-117.91234518539615,34.58242208153917],[-117.91235109803547,34.58296309640163],[-117.9133323037275,34.582955757147786],[-117.91333526328111,34.58322626448469],[-117.91366233283327,34.58322381628808],[-117.91366529348281,34.58349432358905],[-117.91497357550928,34.58348452194522],[-117.91497061061968,34.58321401474307],[-117.91660595696112,34.58320174310052],[-117.91661189738535,34.583742757244316],[-117.91693896865328,34.583740300235235],[-117.91694491135026,34.584281314280226],[-117.91792613128058,34.5842739378541],[-117.917929105863,34.58454444478676],[-117.91825618014927,34.5845419841934],[-117.91825320450684,34.584271477287686],[-117.91858027769717,34.58426901584991],[-117.91857730103067,34.58399850896216],[-117.91955851718807,34.58399111945657],[-117.91955553738644,34.5837206126317],[-117.92020967916773,34.58371568195877],[-117.92020669728201,34.58344517516984],[-117.92053376705874,34.58344270854879],[-117.92053078415793,34.58317220175985],[-117.92085785282974,34.5831697342854],[-117.92085486890484,34.58289922752341],[-117.9211819364807,34.582896759195556],[-117.92117298176852,34.58208523889164],[-117.92150004612841,34.58208276976429],[-117.92148810283807,34.58100074261755],[-117.92181516292199,34.580998272708655],[-117.92181217613145,34.580727765919725],[-117.92148511711655,34.58073023579268],[-117.92148213143095,34.58045972896782],[-117.92115507343112,34.58046219794246],[-117.9211580580567,34.58073270480325],[-117.92050393981128,34.58073764017438],[-117.92050095730572,34.58046713327765],[-117.91984684102759,34.58047206510042],[-117.91984982141314,34.58074257205105],[-117.91952276215567,34.580745036668866],[-117.91951978283015,34.58047452969129],[-117.91853860799525,34.5804819182267],[-117.9185356318857,34.58021141116827],[-117.91755445986253,34.58021879173563],[-117.91754851412027,34.579677777421146],[-117.91722145882439,34.57968023581364],[-117.91721848706267,34.57940972861148],[-117.91885375787376,34.57939742802521],[-117.91885078085691,34.579126920939835],[-117.91950488678644,34.57912199461475],[-117.91950190769448,34.57885148756531],[-117.91982895954085,34.578849023118174],[-117.9198259794338,34.57857851607771],[-117.92015303017523,34.57857605077718],[-117.92015004904408,34.57830554375469],[-117.92047709869856,34.57830307760076],[-117.92047411654335,34.57803257058725],[-117.9208011650929,34.57803010357991],[-117.92079519879718,34.577489089570854],[-117.92112224519077,34.57748662173707],[-117.9211192610413,34.57721611473255],[-117.92177335158269,34.5772111764958],[-117.9217703653581,34.57694066953619],[-117.92242445361777,34.57693572784093],[-117.92242146531808,34.57666522091725],[-117.92372963712126,34.576655327115255],[-117.92372664462643,34.57638482027242],[-117.92438072816995,34.576379868165695],[-117.92437773359103,34.57610936136778],[-117.92470477424438,34.57610688402084],[-117.92470177865037,34.5758363772319],[-117.92502881820778,34.575833899040546],[-117.92501683197796,34.57475187185787],[-117.92534386725939,34.57474939288498],[-117.9253378722625,34.574208379271184],[-117.9250108391011,34.57421085819916],[-117.92500784272556,34.573940351347346],[-117.92533487482694,34.573937872446315],[-117.92532888007261,34.57339685876066],[-117.92336669956457,34.573411718701074],[-117.9233696905682,34.573682225696615],[-117.92304265928426,34.57368469931555],[-117.9230456492728,34.57395520632007],[-117.92337268160774,34.573952732683175],[-117.92337567269222,34.57422323966075],[-117.92370270605124,34.57422076511656],[-117.92371766735755,34.575573299681054],[-117.92339062870745,34.575575774351016],[-117.92339661138843,34.57611678813549],[-117.92306957057338,34.576119261979],[-117.92306658027044,34.57584875506431],[-117.92273954047947,34.575851228000516],[-117.92273057298426,34.5750397071127],[-117.92240353632842,34.5750421790967],[-117.92240054829821,34.57477167208319],[-117.92207351266644,34.574774143168874],[-117.9220705257322,34.57450363611943],[-117.92174349111552,34.5745061063068],[-117.92173751950179,34.57396509211808],[-117.92206455199843,34.57396262198461],[-117.92205559169874,34.57315110069255],[-117.92172856237313,34.57315357075415],[-117.92172557675042,34.5728830636059],[-117.92074449171112,34.572890468454716],[-117.92074150930438,34.57261996122561],[-117.92008745452492,34.57262489336279],[-117.92009043482062,34.5728954006458],[-117.91878232056352,34.5729052545087],[-117.9187852966641,34.57317576188154],[-117.91780420737575,34.57318314315856],[-117.91780123445523,34.572912635713855],[-117.91682014799659,34.57292000903181],[-117.91681717829202,34.57264950149728],[-117.91649015044864,34.57265195749127],[-117.91648421327632,34.572110942350335],[-117.91681123899967,34.57210848640126],[-117.91680529986901,34.57156747125135],[-117.91713232342744,34.57156501448481],[-117.91712935286947,34.57129450691434],[-117.91745637533194,34.571292049285425],[-117.91745340374989,34.571021541732925],[-117.91843446774166,34.57101416368085],[-117.9184225690886,34.56993213363255],[-117.91874958610728,34.56992967262596],[-117.91874661048281,34.56965916510939],[-117.91907362639657,34.56965670325839],[-117.91907064975702,34.56938619575081],[-117.91939766457482,34.56938373304641],[-117.91938575417178,34.568301702998106],[-117.9197127647226,34.56829923952115],[-117.91970978616064,34.568028732004585],[-117.91938277666985,34.56803119546357],[-117.91937979921282,34.56776068791107],[-117.91970680763463,34.56775822447005],[-117.91970382915352,34.56748771693552],[-117.92003083648835,34.56748525265008],[-117.92002189810755,34.56667373002851],[-117.92034890221744,34.56667126493459],[-117.92034592177801,34.56640075740006],[-117.92001891872813,34.56640322245805],[-117.92000700159672,34.56532119207737],[-117.92033400041554,34.565318727118196],[-117.92033102018272,34.565048219511795],[-117.92098501558353,34.565043287006304],[-117.92098203326661,34.564772779444816],[-117.92196302289585,34.56476537419176],[-117.9219660083928,34.565035881681375],[-117.92229300590905,34.56503341149401],[-117.92229599250194,34.56530391894769],[-117.92294998954668,34.56529897588699],[-117.92294401217474,34.56475796106945],[-117.9232710085142,34.56475548826799],[-117.92326801883111,34.5644849808682],[-117.92359501407462,34.56448250722232],[-117.92359202336745,34.564211999831514],[-117.92391901751502,34.56420952533224],[-117.92391602579275,34.5639390179594],[-117.92489700482186,34.56393158928726],[-117.92489400996448,34.5636610819773],[-117.92652896892541,34.563648683465686],[-117.92652596881287,34.56337817626353],[-117.92685295942108,34.56337569395789],[-117.92684995829345,34.5631051867737],[-117.92717694780572,34.56310270361465],[-117.927173945654,34.562832196439444],[-117.92750093407032,34.56282971243599],[-117.92748591863153,34.56147717648809],[-117.92683195234511,34.56148214337211],[-117.92682895149596,34.561211636098086],[-117.92650196934987,34.5612141182061],[-117.92649896959666,34.56094361088716],[-117.92617198846568,34.560946092096856],[-117.92616898980842,34.560675584741986],[-117.92649596987938,34.56067310356822],[-117.92649297020702,34.56040259622234],[-117.92616599119607,34.560405077378135],[-117.92616299261965,34.560134570005296],[-117.92583601463276,34.5601370502538],[-117.9258330171523,34.55986654284503],[-117.92615999408814,34.559864062614494],[-117.92615699559258,34.55959355522369],[-117.92648397143248,34.55959107413976],[-117.92647797244707,34.55905005935816],[-117.92680494612205,34.55904757744777],[-117.92680194563222,34.55877707006595],[-117.92647497300828,34.558779551949385],[-117.9264659749524,34.557968029642225],[-117.92613900546357,34.557970510564466],[-117.92613600724648,34.55770000308383],[-117.92777084899524,34.55768758981289],[-117.92777685604752,34.55822860451365],[-117.92810382639871,34.55822611918967],[-117.9281008217946,34.55795561186174],[-117.92842779104087,34.557953125684364],[-117.92842478542165,34.557682618374415],[-117.9290787216774,34.557677643432505],[-117.9290757139741,34.55740713615848],[-117.92940268099255,34.55740464740293],[-117.92939967227414,34.5571341401379],[-117.92972663818767,34.55713165052895],[-117.92972061875662,34.556590636025824],[-117.93200936421515,34.55657318459853],[-117.93201238131483,34.5568436916839],[-117.93233934584495,34.55684119509505],[-117.93234538228111,34.55738220917597],[-117.93267234889532,34.55737971166185],[-117.93267536823181,34.55765021866638],[-117.9330023358611,34.55764772024496],[-117.93299629511303,34.55710670628981],[-117.9333232605774,34.55710420705092],[-117.933317217871,34.55656319310475],[-117.93364418118838,34.556560693039415],[-117.93364115884255,34.55629018606184],[-117.933968121055,34.556287685152085],[-117.9339439352365,34.554123629151796],[-117.93230916607162,34.55413612396281],[-117.93229709529236,34.55305409516317],[-117.93164319580467,34.553059086759845],[-117.93163716488417,34.552518072193834],[-117.93229106014078,34.552513080695974],[-117.93229407768962,34.552783587934066],[-117.93327492344469,34.55277609405322],[-117.93328096501921,34.55331710834973],[-117.9336079156434,34.55331460858084],[-117.93361395949965,34.55385562277854],[-117.93459481746282,34.55384811809096],[-117.93459784262039,34.55411862509549],[-117.9342708889509,34.55412112755933],[-117.93427391309338,34.55439163458182],[-117.93460086782287,34.55438913209104],[-117.9346038930613,34.55465963906861],[-117.93493084881486,34.55465713567951],[-117.93493387514923,34.55492764262116],[-117.93460691834461,34.55493014603721],[-117.93462507088903,34.556553187588264],[-117.93527899715549,34.556548179588354],[-117.93528202483733,34.556818686413216],[-117.93887862805701,34.55679107950469],[-117.93887558873301,34.55652057294932],[-117.93952951394846,34.5565155421861],[-117.93952038988587,34.555704022591854],[-117.93984734925967,34.55570150597057],[-117.93982301174266,34.553537453401844],[-117.9401499626094,34.55353493610683],[-117.94013170482735,34.55191189632545],[-117.93882392649526,34.551921959639536],[-117.93882088790788,34.55165145286857],[-117.93849394428156,34.5516539664805],[-117.93847268267693,34.54976041853577],[-117.93945349122377,34.54975287558894],[-117.93945045083976,34.54948236877306],[-117.93977738588717,34.5494798527267],[-117.93976522053329,34.548397825418256],[-117.94009215130471,34.548395308599346],[-117.94007998236654,34.54731328119209],[-117.93975305582619,34.54731579791219],[-117.93974697371068,34.5467747840828],[-117.94007389814001,34.54677226741659],[-117.94007085608513,34.546501760510886],[-117.9403977794185,34.54649924300026],[-117.94038865033436,34.54568772228313],[-117.94006173018101,34.54569023972188],[-117.94005868828782,34.54541973276227],[-117.93973176914959,34.54542224929372],[-117.93972872836133,34.54515174230716],[-117.93940181023818,34.5451542579403],[-117.93939877054586,34.544883750908824],[-117.93907185343782,34.54488626564365],[-117.93906273777449,34.544074744405485],[-117.9393896517115,34.544072229742525],[-117.93938661217189,34.54380172266613],[-117.93971352501295,34.543799207158756],[-117.93971048445826,34.54352870009135],[-117.94003739619438,34.54352618373058],[-117.9400313131087,34.54298516960474],[-117.94068513223311,34.54298013436791],[-117.94068208863314,34.542709627336436],[-117.9439511712296,34.5426843988883],[-117.94394811709239,34.54241389209937],[-117.94427502407642,34.54241136446473],[-117.94427196892411,34.54214085769377],[-117.94459887480322,34.54213832921472],[-117.94458053842757,34.54051528846317],[-117.94490743792865,34.54051275926547],[-117.94490132401279,34.53997174563371],[-117.94522822134893,34.53996921560955],[-117.94522210548372,34.53942820197779],[-117.94554900067288,34.53942567112719],[-117.94554288285833,34.53888465750441],[-117.94586977589154,34.538882125827364],[-117.94586671598714,34.538611619020465],[-117.94521293199584,34.5386166814493],[-117.9452098742474,34.53834617457952],[-117.94455609221441,34.53835123346001],[-117.94454998106538,34.5378102195857],[-117.9435693140481,34.53781780118704],[-117.94357541884607,34.53835881521406],[-117.94324852764542,34.5383613407107],[-117.94326073351333,34.53944336871982],[-117.94228004698465,34.539450940286976],[-117.94228309538164,34.53972144732744],[-117.94097550853442,34.53973153060209],[-117.9409724643685,34.53946102345383],[-117.9406455686134,34.539463542051415],[-117.94064252554342,34.539193034867225],[-117.94031563080343,34.53919555257547],[-117.94029129615205,34.537031494437194],[-117.94061818242993,34.53702897693556],[-117.94061513972825,34.536758469634584],[-117.94094202491019,34.536755951288534],[-117.94093898118444,34.53648544400553],[-117.94126586527042,34.5364829247971],[-117.94126282052959,34.536212417532056],[-117.94191658647372,34.53620737655499],[-117.94191049288675,34.535666362078814],[-117.94223737368489,34.53566384032815],[-117.94223432588979,34.535393333099044],[-117.94256120559199,34.53539081049498],[-117.94255815678177,34.53512030328384],[-117.94288503538803,34.53511777983535],[-117.94288198556272,34.53484727262422],[-117.94386261794095,34.53483969711346],[-117.94385956498951,34.534569189974185],[-117.94418644131406,34.53456666307617],[-117.94418338734752,34.53429615594588],[-117.9445102625761,34.53429362820345],[-117.94450415264878,34.533752613960836],[-117.94483102572141,34.53375008539196],[-117.94482185796478,34.53293856401007],[-117.94514872782145,34.532936034641686],[-117.94514261407626,34.5323950203811],[-117.94546948178596,34.532392490186275],[-117.94546030829808,34.53158096877743],[-117.94513344375943,34.531583498891415],[-117.945130387071,34.531312991707225],[-117.94480352355644,34.53131552092289],[-117.94480046796394,34.531045013702766],[-117.94447360546448,34.53104754201114],[-117.94447665999697,34.53131804926719],[-117.94349606907598,34.53132562903596],[-117.94348691509951,34.53051410702525],[-117.94381377561369,34.53051158138488],[-117.9438076710493,34.5299705666931],[-117.94348081265514,34.52997309228856],[-117.94347471037246,34.52943207749797],[-117.94314785404443,34.52943460216816],[-117.94314480402149,34.529164094723455],[-117.94183738254513,34.52917418453785],[-117.94184347418278,34.52971519959793],[-117.94151661659708,34.52971771992028],[-117.94151966141878,34.52998822745481],[-117.94119280273715,34.52999074692375],[-117.9412019342737,34.53080226954532],[-117.94087507237612,34.530804788214766],[-117.94087811524847,34.53107529575828],[-117.94120497819708,34.53107277706189],[-117.94120802216537,34.531343284560485],[-117.94153488613807,34.531340764965776],[-117.9415379312023,34.53161127243743],[-117.94186479618112,34.531608751944404],[-117.94187698107338,34.53269078157948],[-117.94155011186349,34.532693302180306],[-117.94155620244112,34.5332343169709],[-117.94122933108426,34.53323683674527],[-117.94123846408507,34.53404835892666],[-117.94091158950327,34.53405087789255],[-117.94091463286071,34.53432138529233],[-117.94058775719193,34.53432390341381],[-117.94058471489451,34.534053395996054],[-117.94025784024085,34.534055913219206],[-117.94025479903038,34.53378540576552],[-117.9399279253918,34.53378792208138],[-117.93992184522565,34.53324690708418],[-117.9392681020538,34.53325193700299],[-117.93926506414016,34.53298142943252],[-117.9382844522525,34.532988967681156],[-117.93828141754584,34.53271846002086],[-117.93762767820081,34.53272348110024],[-117.9376246456501,34.53245297337706],[-117.93729777697023,34.532455482578264],[-117.93729171411462,34.53191446705105],[-117.93761858068345,34.53191195790375],[-117.9376155482585,34.53164145014464],[-117.93859614454243,34.53163391752844],[-117.93859918013843,34.531904425206704],[-117.93957977922508,34.53189688464041],[-117.93957674045805,34.53162637703401],[-117.9399036056794,34.531623861787146],[-117.93988536759743,34.53000081604994],[-117.94021222644075,34.52999830008443],[-117.94020614529543,34.52945728479078],[-117.93987928856315,34.5294598007024],[-117.9398762491044,34.52918929301515],[-117.93693454621243,34.529211896702805],[-117.936937576167,34.529482404623614],[-117.93628386184903,34.52948741809427],[-117.93628688972849,34.52975792605101],[-117.9359600314511,34.52976043149725],[-117.93595700464064,34.52948992351356],[-117.93399586049199,34.52950493769471],[-117.93399888096933,34.52977544582213],[-117.93269144651232,34.52978543789083],[-117.93268843025706,34.52951492965561],[-117.93236157259952,34.529517425462934],[-117.9323555423258,34.528976408911646],[-117.93202868674335,34.52897890378472],[-117.93202567272489,34.52870839546865],[-117.93169881815756,34.52871088945239],[-117.93169580523504,34.52844038109141],[-117.9313689516828,34.52844287417683],[-117.93136292807458,34.52790185737402],[-117.93201663091206,34.5278968704396],[-117.93201060323447,34.527355853690686],[-117.9323374524838,34.52735335896134],[-117.93233142285686,34.52681234221242],[-117.93200457572756,34.526814836896854],[-117.9320015620325,34.52654432848197],[-117.93134786975021,34.52654931516486],[-117.9313448582111,34.526278806678114],[-117.93101801306709,34.52628129868556],[-117.93102102355516,34.52655180719027],[-117.93036733103932,34.526556788627],[-117.93036432267127,34.52628628007737],[-117.93003747741047,34.526288769452755],[-117.93004048472748,34.52655927803831],[-117.9293867919691,34.52656425422888],[-117.92938979721102,34.526834762841396],[-117.92906294971341,34.52683724964759],[-117.92906895821197,34.52737826689957],[-117.93004950691213,34.527370803696186],[-117.93005251439085,34.52764131222785],[-117.9307062154407,34.52763633234521],[-117.93070922507538,34.527906840805],[-117.93103607658846,34.527904349525194],[-117.93103908731908,34.52817485795804],[-117.930712234746,34.5281773492648],[-117.93071524445254,34.52844785770664],[-117.92842726789799,34.528465272536565],[-117.92843027025631,34.52873578114009],[-117.92744970509901,34.52874323159638],[-117.92745270432222,34.52901374027177],[-117.9271258481379,34.52901622202944],[-117.92712884634601,34.52928673071382],[-117.92680198906577,34.52928921161809],[-117.92680498625877,34.529559720320435],[-117.92582441099543,34.52956715787691],[-117.92582141697346,34.529296649111686],[-117.92549455953151,34.52929912652151],[-117.9254915666055,34.52902861771137],[-117.92483785370688,34.52903356986302],[-117.92484084452185,34.52930407872706],[-117.92451398695414,34.5293065535138],[-117.92451697675402,34.52957706237784],[-117.92419011809035,34.52957953632017],[-117.92419310687514,34.529850045202174],[-117.92386624711553,34.5298525182911],[-117.92386923487624,34.53012302718209],[-117.92354237402068,34.5301254994266],[-117.92354536076628,34.53039600833556],[-117.92387222268185,34.530393536064096],[-117.9238752105234,34.53066404493712],[-117.92420207344507,34.53066157177633],[-117.92420506238257,34.53093208060444],[-117.92453192632833,34.53092960654533],[-117.92454089654542,34.5317411328949],[-117.92421402943761,34.531743607025874],[-117.9242170185368,34.53201411580907],[-117.92389015032404,34.53201658910461],[-117.92389313839915,34.532287097896784],[-117.92356626909944,34.53228957033892],[-117.92356925615945,34.532560079149064],[-117.92226177430733,34.53256996025786],[-117.9222587914694,34.532299451348905],[-117.92095131321054,34.53230931836314],[-117.9209483346396,34.5320388093374],[-117.92029459738765,34.532043737548946],[-117.92028864459361,34.53150271937171],[-117.91996177802478,34.53150518212103],[-117.91995880274168,34.531234672987495],[-117.92028566825948,34.531232210274105],[-117.92028269196129,34.53096170114956],[-117.92060955638316,34.53095923758277],[-117.92060657906985,34.530688728476186],[-117.92093344239576,34.530686264056],[-117.9209304640584,34.530415754967386],[-117.92125732628837,34.530413289702786],[-117.92125434694488,34.53014278062315],[-117.92190806916801,34.5301378475068],[-117.92190508774044,34.5298673384631],[-117.92223194773361,34.52986487062033],[-117.92221703594244,34.52851232534792],[-117.92254389061758,34.52850985675955],[-117.92253792406136,34.52796883860926],[-117.92286477658054,34.527966369194445],[-117.9228617923053,34.52769586012379],[-117.92384234645823,34.52768844669606],[-117.92384533390452,34.52795895569485],[-117.92417218626201,34.5279564827766],[-117.92417517480425,34.52822699173047],[-117.92450202817683,34.52822451791391],[-117.92449903858356,34.52795400898699],[-117.9248258908602,34.527951534317026],[-117.92482290025184,34.52768102539909],[-117.92514975143254,34.52767854988471],[-117.92513479368355,34.52632600524112],[-117.92448110184144,34.52633095514698],[-117.92448409120114,34.52660146415475],[-117.92317670280974,34.52661135357297],[-117.92317968798329,34.52688186266158],[-117.92252599143401,34.52688680217394],[-117.92252300838048,34.52661629303142],[-117.92186931378951,34.52662122899543],[-117.92186633288296,34.52635071979003],[-117.92153948658012,34.52635318643804],[-117.92153352700382,34.525812167946384],[-117.92120668278505,34.52581463366913],[-117.92120370410632,34.52554412438288],[-117.92087686090267,34.52554658920731],[-117.9208798385124,34.525817098520506],[-117.9202261498683,34.52582202559119],[-117.92023210099146,34.526363044280465],[-117.91990525449098,34.52636550655368],[-117.91993797689183,34.529341108729355],[-117.91961111874022,34.5293435704007],[-117.91961706666538,34.52988458887438],[-117.9192902063578,34.52988704971927],[-117.91930209846214,34.530969086612735],[-117.91962896300079,34.53096662566903],[-117.91963491141104,34.53150764399],[-117.9180005777494,34.53151994021045],[-117.91799760880839,34.53124943093319],[-117.91767074301211,34.531251887529045],[-117.91766777516706,34.53098137821585],[-117.91734091039486,34.53098383391339],[-117.9173320102733,34.5301723058121],[-117.91700514862723,34.53017476056642],[-117.91699921752752,34.529633741724425],[-117.91667235795656,34.529636195544484],[-117.91666346477,34.52882466711981],[-117.91633660832517,34.528827119996635],[-117.91633364506153,34.52855661047683],[-117.91600678964079,34.52855906244636],[-117.9160008653503,34.52801804331691]],[[-117.92583601463276,34.5601370502538],[-117.92518205852426,34.5601420081367],[-117.92518505392064,34.560412515590386],[-117.92485807474799,34.56041499323377],[-117.92486106912928,34.56068550069644],[-117.92453408886068,34.560687977495405],[-117.92453708222686,34.56095848497604],[-117.92421010085334,34.56096096092161],[-117.92421907801442,34.56177248334555],[-117.92454606255001,34.561770007328114],[-117.9245490560779,34.56204051474587],[-117.92520302716132,34.56203556002503],[-117.92520602283618,34.56230606738889],[-117.92585999587793,34.56230110911073],[-117.92585100261006,34.561489587135945],[-117.926177985897,34.5614871067527],[-117.92617498715889,34.56121659943376],[-117.92584800493195,34.561219079781075],[-117.92583601463276,34.5601370502538]],[[-117.91799744730928,34.561007837600286],[-117.91767046514524,34.561010296037686],[-117.91767343632303,34.56128080402138],[-117.9180004195381,34.56127834555702],[-117.91799744730928,34.561007837600286]],[[-117.91646999590981,34.541000035946425],[-117.9164670308675,34.540729526965606],[-117.9167939338181,34.54072707301079],[-117.91678503577165,34.5399155460863],[-117.91809263447664,34.53990572178696],[-117.91808966431392,34.539635212886985],[-117.91841656283583,34.539632754656196],[-117.91841359164904,34.539362245765204],[-117.92004807837463,34.53934994158568],[-117.92005105484351,34.539620450350895],[-117.92135864773638,34.53961059115201],[-117.92136162848125,34.539881099809435],[-117.92201542680067,34.539876164914425],[-117.9220184096925,34.54014667349998],[-117.92332601008631,34.54013679310984],[-117.92332003588544,34.539595776118375],[-117.92397383161772,34.53959083077596],[-117.92397084246463,34.53932032230718],[-117.92429773921685,34.53931784834688],[-117.92429474903967,34.539047339896065],[-117.92527543587379,34.53903991284089],[-117.92526645608064,34.53822838763218],[-117.92461267124493,34.538233339720946],[-117.92460968016944,34.537962831243185],[-117.92395589728307,34.53796777979259],[-117.92395290836355,34.53769727125194],[-117.92362601791748,34.53769974418815],[-117.92361705458148,34.53688821842248],[-117.92394394185648,34.53688574555814],[-117.92392600991136,34.53526269384714],[-117.92359912897847,34.53526516655877],[-117.92359614151421,34.53499465787439],[-117.92326926160538,34.53499712968771],[-117.92327224800964,34.53526763839904],[-117.92294536699589,34.535270109358954],[-117.92294835238503,34.53554061808825],[-117.92262147027535,34.53554308819477],[-117.92263042350531,34.536354614373664],[-117.92230353817965,34.536357083680684],[-117.92230652161048,34.53662759240998],[-117.92165274874033,34.53663252845483],[-117.92164976742055,34.536362019680624],[-117.92099599650871,34.53636695218612],[-117.92100195495314,34.53690796982437],[-117.92034817964856,34.53691289892525],[-117.92035115681813,34.53718340777132],[-117.91937049039375,34.537190794932314],[-117.91936751639523,34.53692028601437],[-117.91740618881958,34.53693503657592],[-117.91740322119911,34.5366645274873],[-117.9167494471342,34.53666943730135],[-117.91674648166968,34.53639892814985],[-117.9157658234559,34.53640628622339],[-117.91576286120736,34.536135776991046],[-117.91445532058744,34.53614557540992],[-117.91445236260589,34.53587506606977],[-117.91412547840312,34.535877513466886],[-117.91412843533365,34.53614802283398],[-117.91347466470928,34.53615291504105],[-117.91350717025682,34.539128517809615],[-117.91383406721566,34.53912607186778],[-117.91384589282671,34.54020810877921],[-117.91417279398068,34.54020566186719],[-117.91417575153103,34.54047617103666],[-117.91450265370011,34.54047372322632],[-117.9145056123554,34.540744232359856],[-117.91483251553956,34.54074178365121],[-117.9148354752908,34.54101229274881],[-117.91516237949904,34.54100984313286],[-117.91516534034622,34.54128035219453],[-117.9161460558815,34.54127299803764],[-117.91614309186326,34.54100248905682],[-117.91646999590981,34.541000035946425]],[[-117.9160008653503,34.52801804331691],[-117.91599494122151,34.52747702413356],[-117.91501438739198,34.52748437451752],[-117.91502030517866,34.52802539385359],[-117.9160008653503,34.52801804331691]],[[-117.90649278951868,34.525383665267654],[-117.90650744537085,34.526736217178616],[-117.90683429453931,34.52673379073022],[-117.90683722688294,34.52700430105852],[-117.90716407706651,34.527001873711804],[-117.90716701050609,34.52727238399518],[-117.90749386171373,34.52726995575914],[-117.9074997308207,34.52781097623606],[-117.9081534373323,34.527806117033094],[-117.90814756400324,34.527265096646],[-117.90847441508512,34.52726266578688],[-117.90847147742348,34.52699215559333],[-117.9087983274094,34.5269897238808],[-117.90879245008284,34.52644870352066],[-117.9091192979218,34.52644627098169],[-117.9091251773594,34.52698729128793],[-117.90945202727347,34.52698485782369],[-117.90945790898381,34.5275258780401],[-117.9091310569587,34.52752831155824],[-117.90913693671072,34.52806933176567],[-117.90815637405971,34.52807662720868],[-117.90815931082307,34.52834713737527],[-117.908486166136,34.52834470640835],[-117.90848910400427,34.52861521653003],[-117.90881596033232,34.528612784673776],[-117.90881889928755,34.528883294759524],[-117.91045318562594,34.528871122210134],[-117.91045024138862,34.52860061224116],[-117.91077709748309,34.52859817513875],[-117.91075942652552,34.52697511522612],[-117.91108627624195,34.52697267738709],[-117.91108333016308,34.52670216738219],[-117.9133712696711,34.5266850782185],[-117.91335945616935,34.525603038764835],[-117.9127057678127,34.52560792556405],[-117.91269986552196,34.52506690567103],[-117.91237302339628,34.5250693477052],[-117.91237007337381,34.524798837709284],[-117.91204323226323,34.52480127885411],[-117.91203733443712,34.52426025878143],[-117.91171049540164,34.52426269900101],[-117.91170459983928,34.52372167883849],[-117.9113777628879,34.52372411812381],[-117.91137481621614,34.52345360800213],[-117.91104798027985,34.523456046389136],[-117.91105092588262,34.52372655654675],[-117.91072408885039,34.52372899408934],[-117.91072114429865,34.523458483913764],[-117.91006747221948,34.52346335632196],[-117.91008512743858,34.525086417483244],[-117.90975828499849,34.52508885251954],[-117.90976122661273,34.52535936269511],[-117.90878069589685,34.525366662647656],[-117.90878363438496,34.52563717288612],[-117.90682256555105,34.52565174932722],[-117.90681963340505,34.52538123894502],[-117.90649278951868,34.525383665267654]],[[-117.94164453406148,34.54107902602208],[-117.94164148757791,34.54080851899061],[-117.94131458662157,34.540811039465666],[-117.94131154123394,34.54054053238927],[-117.94033084127545,34.5405480885054],[-117.94033692575351,34.54108910280192],[-117.94066382789563,34.54108658491401],[-117.94066687124409,34.54135709201735],[-117.9413206775136,34.54135205358252],[-117.94131763204513,34.54108154653308],[-117.94164453406148,34.54107902602208]],[[-117.93652015733343,34.550587001871214],[-117.93650197203644,34.54896395961049],[-117.93584810532828,34.548968973206904],[-117.93585416270417,34.549509987449525],[-117.93552722718066,34.5495124929856],[-117.93554236602999,34.55086502848434],[-117.93521542517048,34.55086753327481],[-117.9352184520079,34.551138040369175],[-117.93554539391845,34.55113553555175],[-117.9355484218518,34.551406042601194],[-117.93587536478643,34.55140353689444],[-117.93587233579305,34.55113302986296],[-117.93619927763172,34.55113052330281],[-117.93619321765969,34.55058950925782],[-117.93652015733343,34.550587001871214]],[[-117.9324490295752,34.53736215994543],[-117.93243998072856,34.53655063616504],[-117.93211309555562,34.53655313174778],[-117.93211008041426,34.53628262377307],[-117.93178319624744,34.5362851184575],[-117.93178018220203,34.536014610437874],[-117.9311264158806,34.536019597129744],[-117.93112340399114,34.535749089056225],[-117.93046963961007,34.53575407219077],[-117.93047866906208,34.5365655965371],[-117.9301517836466,34.5365680868647],[-117.93015780137085,34.53710910308361],[-117.93048468890636,34.53710661270211],[-117.9304876988824,34.53737712076665],[-117.9311414759387,34.53737213732668],[-117.9311444880707,34.53764264532833],[-117.93179826708533,34.53763765834002],[-117.93179525283331,34.537367150383275],[-117.9324490295752,34.53736215994543]],[[-117.93176511257687,34.53466207018704],[-117.931762098774,34.53439156210454],[-117.93143522197336,34.534394055737934],[-117.93142919659545,34.53385303947411],[-117.93110232186991,34.53385553218224],[-117.93109931030385,34.53358502400092],[-117.92946494133842,34.53359747429143],[-117.92946794763138,34.533867982589534],[-117.9288141976503,34.533872956633125],[-117.92882020611292,34.53441397329221],[-117.92914708323696,34.53441148665669],[-117.92915008858667,34.53468199494581],[-117.92980384482901,34.53467701900677],[-117.9298068523257,34.53494752723301],[-117.93046061051739,34.53494254774562],[-117.93046362017901,34.535213055899995],[-117.93079050026749,34.53521056481781],[-117.93078748955483,34.53494005668141],[-117.93144124751295,34.534935071947864],[-117.93143823472519,34.534664563847386],[-117.93176511257687,34.53466207018704]],[[-117.92492460343894,34.53687832172792],[-117.92492161151006,34.53660781321422],[-117.92459472541185,34.5366102886747],[-117.92459771628971,34.536880797215346],[-117.92492460343894,34.53687832172792]],[[-117.92325731638367,34.53391509471664],[-117.92325433017704,34.533644585951414],[-117.9229274555054,34.533647056758625],[-117.92292148532898,34.53310603912936],[-117.92259461273245,34.53310850902028],[-117.92259759674718,34.53337901786635],[-117.9222707230547,34.53338148690388],[-117.92227370604535,34.53365199576792],[-117.92194683125693,34.53365446395205],[-117.92194981323249,34.53392497282507],[-117.92325731638367,34.53391509471664]],[[-117.92097514318839,34.53447339007496],[-117.92097216430304,34.53420288115702],[-117.9203184101358,34.53420780976383],[-117.92032138691012,34.534478318735665],[-117.92097514318839,34.53447339007496]],[[-117.91966168119751,34.53394222583248],[-117.9196587066151,34.53367171678878],[-117.91900495636453,34.53367663829889],[-117.91900792882691,34.533947147396496],[-117.91966168119751,34.53394222583248]],[[-117.9190617200719,34.56857467316517],[-117.91905279074611,34.56776315046276],[-117.9183987736959,34.567768072952035],[-117.91840472230378,34.56830908820077],[-117.91873173297137,34.56830662733791],[-117.91873470838921,34.56857713491736],[-117.9190617200719,34.56857467316517]],[[-117.91621060870102,34.5769825324298],[-117.9162076405236,34.576712025039],[-117.91588059671716,34.57671447964958],[-117.91588356384356,34.576984987067334],[-117.91621060870102,34.5769825324298]],[[-117.91428388390673,34.58024333670058],[-117.91428092160429,34.5799728293008],[-117.91395386485311,34.57997527895268],[-117.91395682609556,34.580245786379415],[-117.91428388390673,34.58024333670058]],[[-117.91202318501917,34.55293669777924],[-117.91201432923846,34.552125171402714],[-117.91168738128225,34.5521276132662],[-117.91169623389192,34.55293913971459],[-117.91202318501917,34.55293669777924]],[[-117.90982300963879,34.53104007354363],[-117.90981124010956,34.52995803379352],[-117.90883065550373,34.52996533499472],[-117.90884535166332,34.53131788501024],[-117.90949908533997,34.531313018180576],[-117.90949614391437,34.53104250824754],[-117.90982300963879,34.53104007354363]],[[-117.90633888452075,34.541346185230125],[-117.90633595222204,34.54107567551269],[-117.90568214165857,34.54108052660387],[-117.90568800206985,34.54162154613756],[-117.90601490948508,34.541619120973756],[-117.90601197820146,34.54134861124734],[-117.90633888452075,34.541346185230125]],[[-117.9061145963676,34.550816444674254],[-117.90610286615764,34.549734407322646],[-117.9057759270139,34.54973683321409],[-117.9057729956135,34.54946632382004],[-117.9047921811288,34.54947359617634],[-117.90479510934917,34.549744105633266],[-117.90446817005272,34.54974652803026],[-117.904471097258,34.55001703750516],[-117.90512497793496,34.550012191803866],[-117.90512790729619,34.55028270121588],[-117.90414708305579,34.55028996853263],[-117.90415000928189,34.550560478007526],[-117.90382306672457,34.55056289872467],[-117.90382599193558,34.55083340821753],[-117.9034990482913,34.550835828072294],[-117.90351074528155,34.551917866007805],[-117.9038376931569,34.55191544604524],[-117.90384061855656,34.552185955475224],[-117.90514841391173,34.55217626678556],[-117.90515427329893,34.55271728541195],[-117.90548122414772,34.552714861002734],[-117.90547243195874,34.55190333311704],[-117.90481853655838,34.551908180920385],[-117.90480975106185,34.55109665278316],[-117.90579058459083,34.551089379986685],[-117.9057876529928,34.550818870655526],[-117.9061145963676,34.550816444674254]],[[-117.90595336074864,34.535938413988],[-117.90595043028249,34.535667904001066],[-117.90562354612464,34.53567032862588],[-117.90562061675443,34.53539981859404],[-117.90529373361169,34.53540224232054],[-117.90529666192188,34.53567275237035],[-117.90496977769216,34.535675175252436],[-117.90497270497828,34.53594568531124],[-117.90595336074864,34.535938413988]],[[-117.9041697999132,34.52215449715488],[-117.90416103046059,34.52134296491236],[-117.90383420210608,34.521345383868805],[-117.90382251426965,34.520263340615266],[-117.9028420416568,34.52027059195997],[-117.90283912296755,34.52000008103879],[-117.9021854764724,34.52000491084888],[-117.90220005975864,34.52135746556259],[-117.90252688831077,34.521355050971955],[-117.9025327240094,34.52189607272449],[-117.90318638520999,34.5218912408303],[-117.90318930522874,34.522161751634705],[-117.90351613683514,34.52215933434912],[-117.90351905794984,34.52242984511759],[-117.90384589056235,34.522427426933696],[-117.90384296838765,34.52215691619217],[-117.9041697999132,34.52215449715488]],[[-117.9040680896833,34.54298620803026],[-117.90406223945892,34.54244518837979],[-117.90373532863009,34.542447608369294],[-117.90373240463181,34.54217709849914],[-117.90307858498637,34.5421819357922],[-117.9030873507559,34.542993465501475],[-117.9040680896833,34.54298620803026]],[[-117.90301723441829,34.53650122471911],[-117.90301139239551,34.535960204332014],[-117.9026845068363,34.53596262111454],[-117.90268158694332,34.53569211087608],[-117.9013740485153,34.535701769130824],[-117.90138279561782,34.53651330008876],[-117.90301723441829,34.53650122471911]],[[-117.90152571461509,34.5497682901582],[-117.90151987935663,34.5492272707323],[-117.90119294178496,34.54922968431682],[-117.90119877492339,34.54977070379662],[-117.90152571461509,34.5497682901582]],[[-117.89971551703366,34.56384925439752],[-117.89970969043496,34.563308235941804],[-117.89938269760792,34.56331064554679],[-117.89938852208658,34.56385166403844],[-117.89971551703366,34.56384925439752]],[[-117.89809217442122,34.56494333109633],[-117.89808926624227,34.56467282181008],[-117.89743526957483,34.564677631605704],[-117.89743236355183,34.564407122256576],[-117.89710536622422,34.564409525824885],[-117.89710246128818,34.564139016430836],[-117.89677546498466,34.56414141910083],[-117.89678127276365,34.56468243790689],[-117.89645427429518,34.564684839741446],[-117.89645717718305,34.56495534915346],[-117.89809217442122,34.56494333109633]],[[-117.89538296943068,34.52573615113262],[-117.89537717913291,34.52519512866144],[-117.89472349071337,34.525199919170234],[-117.89472927678908,34.52574094174023],[-117.89538296943068,34.52573615113262]],[[-117.89404378571778,34.52277010358203],[-117.89403222386107,34.521688057660505],[-117.8933785626066,34.52169284055159],[-117.89338145089685,34.521963352092605],[-117.8930546191557,34.521965742249066],[-117.89306905591775,34.52331829991823],[-117.893395892941,34.52331590964499],[-117.8933930044621,34.52304539815787],[-117.8937198403894,34.52304300703123],[-117.89371695088643,34.52277249555309],[-117.89404378571778,34.52277010358203]],[[-117.89104055607113,34.54768100827841],[-117.89103767257788,34.547410497698586],[-117.89071074117763,34.54741288311194],[-117.89071362361086,34.547683393709725],[-117.89104055607113,34.54768100827841]],[[-117.89049909475496,34.55823568313927],[-117.89049332904408,34.55769466282404],[-117.88951241387619,34.557701813925746],[-117.88952681256764,34.55905436496534],[-117.88919983547908,34.55905674703697],[-117.88921135089288,34.56013878774827],[-117.88888436953731,34.56014116902937],[-117.88888724742507,34.560411679204954],[-117.88856026496458,34.560414059641644],[-117.88856889569037,34.56122559015042],[-117.8888958813309,34.56122320964187],[-117.88889300331738,34.5609526995112],[-117.88921998785297,34.560950318149246],[-117.88921710883334,34.560679808027565],[-117.88954409227298,34.560677425812216],[-117.8895383322125,34.560136405577836],[-117.8898653134962,34.560134022545014],[-117.8898509087501,34.55878147186474],[-117.89017788470679,34.558779088068356],[-117.89017212095423,34.55823806776211],[-117.89049909475496,34.55823568313927]],[[-117.8837041656315,34.5650483386284],[-117.88370130402122,34.56477782828214],[-117.88337430401663,34.56478019509139],[-117.88337716456691,34.56505070545561],[-117.8837041656315,34.5650483386284]],[[-117.88364980163867,34.559908639983334],[-117.88364407991828,34.559367618823686],[-117.883317101078,34.559369985147846],[-117.88331424132723,34.55909947452311],[-117.88233330777084,34.55910656819551],[-117.88234187759983,34.55991810024939],[-117.88364980163867,34.559908639983334]],[[-117.8831484412156,34.54340983736654],[-117.88314272625952,34.542868814661794],[-117.88183506864303,34.54287826544164],[-117.88183221544996,34.54260775397248],[-117.88150530200703,34.54261011445759],[-117.8815024499099,34.5423396029525],[-117.88117553749106,34.5423419625393],[-117.88117268648988,34.54207145099828],[-117.88084577508613,34.54207380968675],[-117.88084292518089,34.5418032981098],[-117.88018910437663,34.54180801280977],[-117.88019195217082,34.54207852443164],[-117.87986504065029,34.54208088048805],[-117.8798678874294,34.5423513921189],[-117.87888714948116,34.54235845512282],[-117.87888430588208,34.54208794342011],[-117.87823048250864,34.54209264766369],[-117.87823900708052,34.54290418287065],[-117.87921975159544,34.54289712498713],[-117.8792169068645,34.542626613329325],[-117.88019764786702,34.54261954763046],[-117.880200495778,34.54289005921639],[-117.88052741042466,34.542887702207764],[-117.8805302594226,34.54315821375777],[-117.88281866830935,34.54314169004762],[-117.88282152475433,34.54341220141796],[-117.8831484412156,34.54340983736654]],[[-117.88285580502253,34.54665833690084],[-117.8828386642057,34.54503526937948],[-117.88251174135742,34.54503763270327],[-117.88250888574788,34.544767121386826],[-117.88152812015848,34.54477420602218],[-117.88152526775592,34.54450369462489],[-117.88119834687495,34.54450605439134],[-117.88120119822648,34.54477656582456],[-117.88087427624956,34.5447789247466],[-117.88087142595803,34.54450841329542],[-117.88054450500519,34.54451077131015],[-117.88056160095117,34.54613383998135],[-117.8802346736113,34.54613619726845],[-117.88024037044836,34.546677220107945],[-117.87991344095254,34.5466795765686],[-117.87991628836944,34.54695008799284],[-117.88024321891629,34.546947731505234],[-117.88024606742914,34.54721824289354],[-117.88057299900007,34.547215885507626],[-117.88057584860887,34.547486396859995],[-117.88221051117966,34.54747459668924],[-117.88220765628877,34.54720408546263],[-117.88253458762614,34.54720172282157],[-117.88252887583214,34.54666070036835],[-117.88285580502253,34.54665833690084]],[[-117.88255458010889,34.54909530103952],[-117.88255172392444,34.548824789902746],[-117.88222478623598,34.548827152678555],[-117.88221622109619,34.54801561912449],[-117.8815623519446,34.5480203419093],[-117.88156520484122,34.54829085315387],[-117.88123826915601,34.54829321326169],[-117.88124682489943,34.54910474699542],[-117.88255458010889,34.54909530103952]],[[-117.88235330457448,34.561000142811224],[-117.88235044777018,34.56072963218649],[-117.8820234634951,34.560731995132976],[-117.88202060778674,34.56046148448129],[-117.88136664123083,34.56046620769729],[-117.88136378767842,34.56019569698272],[-117.88070982308983,34.56020041665037],[-117.8807126745222,34.56047092741884],[-117.8803856911095,34.56047328596358],[-117.880391391971,34.56101430750052],[-117.88071837750373,34.56101194891086],[-117.88072122905288,34.561282459643394],[-117.88104821560071,34.56128010014644],[-117.88105106823683,34.56155061084304],[-117.88170504334471,34.561545889181126],[-117.88170218857958,34.56127537853842],[-117.88202917501961,34.56127301641838],[-117.88202631923939,34.561002505784664],[-117.88235330457448,34.561000142811224]],[[-117.88181509709102,34.540984684924],[-117.88180653842808,34.540173150238054],[-117.88147963449832,34.54017551050757],[-117.881482486299,34.540446022102486],[-117.88115558127329,34.540448381518594],[-117.8811641337109,34.541259916312335],[-117.88149104190767,34.54125755682436],[-117.88148818999919,34.540987045265375],[-117.88181509709102,34.540984684924]],[[-117.87270686233559,34.545378637416185],[-117.8726955668653,34.54429658927581],[-117.87236864602026,34.54429892539861],[-117.87237146877841,34.544569437478614],[-117.87204454683743,34.544571772748014],[-117.8720473685715,34.544842284837],[-117.8713935224617,34.54484695279763],[-117.87139634212066,34.545117464922555],[-117.87106941795186,34.545119797613786],[-117.87107787397329,34.545931333979574],[-117.87205865588508,34.545924333067205],[-117.87205583399829,34.54565382102313],[-117.87238276017035,34.5456514856639],[-117.87237993726846,34.54538097363779],[-117.87270686233559,34.545378637416185]],[[-117.87268144837637,34.54294402883085],[-117.87267862479176,34.542673516705925],[-117.87235171028883,34.542675852684994],[-117.87234888780017,34.542405340524134],[-117.87202197432131,34.542407675604885],[-117.8720191529286,34.54213716340809],[-117.87169224046484,34.54213949759053],[-117.87169506080652,34.54241000981427],[-117.87104123365117,34.54241467560097],[-117.87104405191775,34.54268518786064],[-117.87137096656441,34.54268285537603],[-117.87137378591795,34.542953367599765],[-117.87268144837637,34.54294402883085]],[[-117.87117655255977,34.555399250105395],[-117.87117091254116,34.554858226726914],[-117.87084395025683,34.554860559391194],[-117.87083549368742,34.55404902415729],[-117.87018157535309,34.55405368671904],[-117.87019847613107,34.555676757339576],[-117.87085240715861,34.55567209449934],[-117.87084958815542,34.555401582805615],[-117.87117655255977,34.555399250105395]],[[-117.87101868891995,34.54025057711936],[-117.87101023526108,34.53943903999],[-117.87035643122837,34.539443701761236],[-117.87036487853615,34.54025523903432],[-117.87101868891995,34.54025057711936]],[[-117.86938697535653,34.540532737815354],[-117.86938416268646,34.54026222534907],[-117.86905725732838,34.54026455236295],[-117.86906006894742,34.54053506485618],[-117.86938697535653,34.540532737815354]],[[-117.86816642982554,34.54892792415999],[-117.86816362021872,34.54865741198117],[-117.8678366819284,34.54865973621925],[-117.8678394904752,34.54893024843401],[-117.86816642982554,34.54892792415999]],[[-117.86679696260184,34.54298594302725],[-117.86679135353917,34.542444917924],[-117.86646443942251,34.54244723812865],[-117.8664616359961,34.5421767255366],[-117.8654808965926,34.54218368083252],[-117.86548369683896,34.54245419349643],[-117.8658106110724,34.542451875914864],[-117.86581901520715,34.54326341377186],[-117.86647284989937,34.54325877584191],[-117.86647004637415,34.5429882632858],[-117.86679696260184,34.54298594302725]],[[-117.86644481626412,34.540553649705835],[-117.86643920998623,34.54001262433309],[-117.86611230534679,34.54001494345976],[-117.86611790951365,34.54055596887742],[-117.86644481626412,34.540553649705835]],[[-117.85826658284326,34.54007033989534],[-117.85826380619562,34.539799826611585],[-117.85793690168195,34.539802123837326],[-117.85793967727855,34.54007263714803],[-117.85826658284326,34.54007033989534]],[[-117.8567457124207,34.55117285629379],[-117.85673739388643,34.55036131755645],[-117.85641044795143,34.55036361130571],[-117.85640767623556,34.55009309834536],[-117.85542684136809,34.55009997427512],[-117.8554351470924,34.550911513317885],[-117.8557620952552,34.550909222155774],[-117.85576486496784,34.55117973512511],[-117.8567457124207,34.55117285629379]],[[-117.9145427944245,34.574019213466975],[-117.91486982779253,34.57401676261135],[-117.91486093739074,34.573205239684356],[-117.91518796754278,34.573202788011265],[-117.9151790743113,34.57239126504834],[-117.91452502031338,34.57239616736146],[-117.91452798256192,34.57266667507565],[-117.91420095444906,34.57266912494313],[-117.91421279961642,34.57375115578195],[-117.91453983196935,34.57374870581566],[-117.9145427944245,34.574019213466975]],[[-117.91421872244266,34.57429217112051],[-117.9145457569156,34.5742897211093],[-117.9145427944245,34.574019213466975],[-117.91421576101158,34.574021663460215],[-117.91421872244266,34.57429217112051]]]]},"id":"2_+5115+4290","properties":{"count":27756,"date":"2023-07-12","thr":1,"threshold":"TOP2"}},{"type":"Feature","geometry":{"geodesic":false,"type":"Polygon","coordinates":[[[-117.90670573016214,34.57515980422152],[-117.90670279297659,34.57488929603122],[-117.90604871786826,34.57489415322196],[-117.90604578282968,34.574623644968774],[-117.90571874628164,34.574626072225655],[-117.90572461426572,34.575167088776944],[-117.90670573016214,34.57515980422152]]]},"id":"2_+5117+4078","properties":{"count":4,"date":"2023-07-12","thr":1,"threshold":"TOP2"}},{"type":"Feature","geometry":{"geodesic":false,"type":"Polygon","coordinates":[[[-117.90549438499663,34.58409628195701],[-117.90549145075755,34.58382577407214],[-117.90483730541894,34.583830625864],[-117.90483437333582,34.58356011791624],[-117.90450730167261,34.58356254247818],[-117.90450437068544,34.58329203449449],[-117.90417730003733,34.583294458149126],[-117.90417437014611,34.5830239501295],[-117.90384730052209,34.583026372885826],[-117.90385022935331,34.583296880932394],[-117.90352315863333,34.583299302835314],[-117.90353194218052,34.584110826975035],[-117.9041860899446,34.58410598213613],[-117.90418901998854,34.58437649011084],[-117.90517024451825,34.58436921621842],[-117.90516731129426,34.58409870831558],[-117.90549438499663,34.58409628195701]]]},"id":"2_+5123+4047","properties":{"count":17,"date":"2023-07-12","thr":1,"threshold":"TOP2"}},{"type":"Feature","geometry":{"geodesic":false,"type":"Polygon","coordinates":[[[-117.90331318831427,34.594122037626995],[-117.90330733181067,34.59358102240521],[-117.90298022073837,34.593583443481684],[-117.90298607512196,34.59412445875736],[-117.90331318831427,34.594122037626995]]]},"id":"2_+5126+4008","properties":{"count":2,"date":"2023-07-12","thr":1,"threshold":"TOP2"}},{"type":"Feature","geometry":{"geodesic":false,"type":"Polygon","coordinates":[[[-117.90138318687904,34.41504332888568],[-117.90137447935628,34.41423178177604],[-117.9007216565803,34.41423659087996],[-117.90071875625263,34.41396607510788],[-117.900065935426,34.413970880681426],[-117.90008622383178,34.4158644912028],[-117.90073905936383,34.41585968528789],[-117.90073615880259,34.41558916958767],[-117.90106257545919,34.41558676534563],[-117.90105677236043,34.41504573395417],[-117.90138318687904,34.41504332888568]]]},"id":"2_+5129+4672","properties":{"count":22,"date":"2023-07-12","thr":1,"threshold":"TOP2"}},{"type":"Feature","geometry":{"geodesic":false,"type":"Polygon","coordinates":[[[-117.90625132970057,34.59355919327194],[-117.90624545426944,34.59301817843644],[-117.90591834566753,34.5930206073552],[-117.9059036630815,34.591668069934066],[-117.90557655974371,34.591670497855695],[-117.90557068910061,34.5911294827507],[-117.90491648654829,34.59113433586309],[-117.90491355340515,34.590863828238724],[-117.90458645312164,34.590866253456426],[-117.90458058908115,34.59032523813583],[-117.90425349088173,34.59032766242827],[-117.9042505599754,34.59005715472306],[-117.90392346280005,34.5900595781082],[-117.90391467349465,34.58924805484883],[-117.9035875794634,34.58925047729074],[-117.90358172224114,34.5887094616737],[-117.903254630285,34.58871188319035],[-117.90325170279228,34.588441375341404],[-117.90292461186021,34.58844379595974],[-117.90292168547242,34.58817328806588],[-117.9012862355103,34.58818537787145],[-117.90129792012178,34.58926740983316],[-117.9016250144315,34.58926499352675],[-117.90163085908634,34.58980600938633],[-117.90195795548016,34.589803592154645],[-117.90196087893047,34.59007410003952],[-117.90228797633938,34.59007168190953],[-117.90229382546782,34.59061269759843],[-117.90262092496083,34.59061027854317],[-117.90262385063896,34.5908807863472],[-117.90295095115604,34.590878366384636],[-117.90295387793911,34.59114887415273],[-117.90328097947129,34.591146453291856],[-117.90328976323407,34.591957976443425],[-117.90296265852186,34.59196039736719],[-117.9029743665075,34.59304242816109],[-117.90330147545977,34.59304000712953],[-117.90329854734719,34.592769499478216],[-117.90493408621558,34.592757381312836],[-117.90493995309473,34.593298396363934],[-117.90526706286445,34.593295970059266],[-117.90526999742693,34.5935664775399],[-117.90625132970057,34.59355919327194]]]},"id":"2_+5131+4028","properties":{"count":130,"date":"2023-07-12","thr":1,"threshold":"TOP2"}},{"type":"Feature","geometry":{"geodesic":false,"type":"Polygon","coordinates":[[[-117.90096498551405,34.58872880925592],[-117.9009562254129,34.58791728515213],[-117.90062913632238,34.58791969959005],[-117.9006378932435,34.588731223756724],[-117.90096498551405,34.58872880925592]]]},"id":"2_+5133+4029","properties":{"count":3,"date":"2023-07-12","thr":1,"threshold":"TOP2"}},{"type":"Feature","geometry":{"geodesic":false,"type":"Polygon","coordinates":[[[-117.90019411312335,34.577913305093794],[-117.9001911967248,34.57764279653518],[-117.89986414781595,34.577645208296126],[-117.89986706316344,34.5779157168727],[-117.90019411312335,34.577913305093794]]]},"id":"2_+5135+4067","properties":{"count":1,"date":"2023-07-12","thr":1,"threshold":"TOP2"}},{"type":"Feature","geometry":{"geodesic":false,"type":"Polygon","coordinates":[[[-117.90003621933606,34.59360519371592],[-117.9000303841854,34.59306417795515],[-117.89970327484686,34.59306659021915],[-117.8997091078775,34.59360760602484],[-117.90003621933606,34.59360519371592]]]},"id":"2_+5136+4010","properties":{"count":2,"date":"2023-07-12","thr":1,"threshold":"TOP2"}},{"type":"Feature","geometry":{"geodesic":false,"type":"Polygon","coordinates":[[[-117.90059411213235,34.58467360180048],[-117.9005766021349,34.58305055225442],[-117.89992246198854,34.583055377608865],[-117.89991371387092,34.58224385252592],[-117.89958664691488,34.582246263819734],[-117.89958956185815,34.58251677221665],[-117.89926249380618,34.58251918265707],[-117.89927123568052,34.58333070784782],[-117.89959830691252,34.583328297335534],[-117.8996012220085,34.58359880568754],[-117.89927414972547,34.58360121622677],[-117.89927706379737,34.58387172458775],[-117.8989499904094,34.583874134273586],[-117.89895872968762,34.58468565935654],[-117.8996128827787,34.584680838960786],[-117.8996157980723,34.584951347249905],[-117.9002699531307,34.58494652330582],[-117.90026703571706,34.58467601507059],[-117.90059411213235,34.58467360180048]]]},"id":"2_+5136+4050","properties":{"count":33,"date":"2023-07-12","thr":1,"threshold":"TOP2"}},{"type":"Feature","geometry":{"geodesic":false,"type":"Polygon","coordinates":[[[-117.89887075066498,34.51570082643755],[-117.89886784530674,34.5154303150223],[-117.89821423379198,34.5154351230213],[-117.89821133058071,34.515164611543156],[-117.89788452581597,34.51516701421315],[-117.89788742796722,34.515437525718234],[-117.89756062211552,34.51543992753483],[-117.89756642442377,34.51598095055399],[-117.89854684821319,34.51597374232841],[-117.89854394387005,34.51570323089519],[-117.89887075066498,34.51570082643755]]]},"id":"2_+5139+4298","properties":{"count":8,"date":"2023-07-12","thr":1,"threshold":"TOP2"}},{"type":"Feature","geometry":{"geodesic":false,"type":"Polygon","coordinates":[[[-117.90265896189372,34.5941268789984],[-117.90265310963015,34.59358586367781],[-117.90232599847701,34.59358828300256],[-117.90232307346363,34.59331777529735],[-117.90199596333458,34.59332019372379],[-117.90199303941715,34.59304968598265],[-117.90232014848618,34.59304726758315],[-117.90230844898065,34.59196523660061],[-117.90198134415165,34.59196765490128],[-117.90197549674797,34.59142663928424],[-117.90132129121324,34.5914314731637],[-117.90131252676423,34.59061994950009],[-117.9003312277103,34.590627193523524],[-117.9003283094792,34.59035668553983],[-117.90000121077671,34.59035909843265],[-117.89999245951498,34.58954757433785],[-117.89933826834431,34.58955239735668],[-117.89933535345494,34.589281889247225],[-117.89900825887572,34.589284299418146],[-117.8990053450823,34.589013791272755],[-117.89867825152717,34.589016200545366],[-117.89867533882969,34.58874569236405],[-117.89834824628964,34.588748100729354],[-117.89834242314048,34.58820708429485],[-117.89801533268452,34.588209491734894],[-117.89801824318113,34.58847999998808],[-117.89769115162025,34.58848240657473],[-117.89769697061021,34.58902342309008],[-117.8970427831406,34.589028233730126],[-117.89704569057396,34.589298742019245],[-117.89671859572525,34.58930114605467],[-117.89672150213451,34.589571654352774],[-117.89574021417478,34.58957886126681],[-117.89574311743993,34.589849369618804],[-117.89508892315212,34.58985416989229],[-117.89509182434217,34.59012467828921],[-117.89541892256855,34.59012227856569],[-117.89542182485457,34.59039278692667],[-117.89509472556817,34.59039518666816],[-117.89509762683907,34.590665695038126],[-117.89477052645674,34.59066809393519],[-117.89476762624585,34.59039758553828],[-117.89345922856128,34.59040717225119],[-117.89346212453214,34.59067768074692],[-117.89313502396115,34.59068007526021],[-117.89313791890793,34.59095058375594],[-117.89346502053891,34.59094818922468],[-117.89346791659061,34.59121869768448],[-117.89314081389062,34.59122109225167],[-117.89314370891823,34.591491600729434],[-117.89347081266925,34.59148920614428],[-117.89347370879281,34.59175971458611],[-117.8938008135679,34.59175731910264],[-117.89380660805183,34.59229833589647],[-117.89413371491102,34.59229593948774],[-117.89413661327139,34.592566447848725],[-117.8938095053522,34.592568844275426],[-117.89381240268848,34.59283935264539],[-117.89348529367334,34.59284174822768],[-117.89348818998553,34.593112256606624],[-117.89316107987445,34.59311465133551],[-117.89316397516257,34.59338515972345],[-117.89283686394656,34.59338755359893],[-117.89283975821958,34.59365806200483],[-117.89316687049562,34.59365566810239],[-117.89316976587358,34.59392617647236],[-117.8934968791647,34.59392378167161],[-117.8934997756386,34.594194290005646],[-117.89382688995381,34.594191894306576],[-117.89382978752366,34.594462402595695],[-117.89415690286295,34.594460005998315],[-117.89416559898609,34.59527153073991],[-117.89514695431049,34.59526433545906],[-117.8951498562731,34.59553484360445],[-117.89547697569972,34.59553244340482],[-117.8954624609639,34.594179902650936],[-117.89578957505454,34.594177501687746],[-117.89578667116055,34.59390699352439],[-117.89611378414625,34.59390459171678],[-117.89609635525768,34.59228154262886],[-117.89576924863205,34.59228394429274],[-117.89576053788434,34.59147241951521],[-117.89608764132993,34.59147001791422],[-117.89609054593359,34.5917405261674],[-117.89674475482802,34.591735720297415],[-117.8967476615966,34.59200622848772],[-117.89707476704545,34.59200382420974],[-117.897077674901,34.59227433236411],[-117.89740478137392,34.592271927187824],[-117.8974076903344,34.59254243530626],[-117.8977347978314,34.59254002922267],[-117.89773770788783,34.592810537305176],[-117.89839192487608,34.592805722478985],[-117.89839483708846,34.5930762304986],[-117.89904905604402,34.5930714121061],[-117.89904614171161,34.592800904140375],[-117.89970035838545,34.59279608229834],[-117.89969744196894,34.59252557435957],[-117.90002454919644,34.59252316214947],[-117.90002163175586,34.59225265422866],[-117.90034873787843,34.59225024116516],[-117.90035165637903,34.59252074905902],[-117.9006787635167,34.5925183350972],[-117.90068752243208,34.59332985864403],[-117.90101463271384,34.593327443730004],[-117.90101755348718,34.59359795152505],[-117.90134466479303,34.59359553571271],[-117.9013475866623,34.59386604347182],[-117.90003913696529,34.59387570157385],[-117.90004205463943,34.594146209422796],[-117.9003691681821,34.59414379618861],[-117.90037500576719,34.59468481180565],[-117.90102923697576,34.594679982606415],[-117.90102631604073,34.594409474856285],[-117.90135343052663,34.59440705896309],[-117.9013505085765,34.59413655123093],[-117.90167762196644,34.59413413448434],[-117.90167469899224,34.59386362676116],[-117.90200181127724,34.59386120916117],[-117.90200473531146,34.59413171686638],[-117.90265896189372,34.5941268789984]]]},"id":"2_+5141+4028","properties":{"count":355,"date":"2023-07-12","thr":1,"threshold":"TOP2"}},{"type":"Feature","geometry":{"geodesic":false,"type":"Polygon","coordinates":[[[-117.89844952226494,34.537346512146584],[-117.89844370961708,34.536805491157615],[-117.89778993101568,34.53681029948899],[-117.89778702686118,34.536539788927136],[-117.89680636183817,34.536546994781155],[-117.89682086713269,34.53789954782399],[-117.89812844156519,34.53788993778183],[-117.89812263087566,34.53734891680185],[-117.89844952226494,34.537346512146584]]]},"id":"2_+5143+4219","properties":{"count":21,"date":"2023-07-12","thr":1,"threshold":"TOP2"}},{"type":"Feature","geometry":{"geodesic":false,"type":"Polygon","coordinates":[[[-117.89765914995571,34.585506814882386],[-117.89765333197187,34.58496579805262],[-117.8973262541552,34.58496820345349],[-117.89731171517387,34.58361566103772],[-117.89665757001491,34.58362046896485],[-117.89665175893012,34.58307945182068],[-117.89697882941653,34.583077048342204],[-117.8969759228725,34.58280653977461],[-117.89664885344611,34.582808943226134],[-117.89664304260387,34.58226792601009],[-117.89631597526156,34.58227032853635],[-117.89631307095435,34.58199981988791],[-117.89598600463613,34.58200222151586],[-117.89598890788334,34.58227273019125],[-117.89566184046018,34.5822751309658],[-117.89565893827299,34.582004622263455],[-117.89533187187392,34.582007022139685],[-117.89534057538121,34.582818548282646],[-117.89566764495135,34.58281614833455],[-117.89567344960419,34.5833571656494],[-117.8960005212584,34.58335476477604],[-117.89600342470324,34.583625273388556],[-117.89633049737255,34.58362287161688],[-117.89633340191332,34.58389338019346],[-117.89666047561569,34.58389097752347],[-117.89666338125241,34.58416148606411],[-117.89633630649003,34.584163888761054],[-117.89634502046269,34.58497541439198],[-117.89601794248433,34.584977816280436],[-117.89603826901462,34.58687137582241],[-117.89636535440407,34.58686897376327],[-117.89636244944109,34.58659846531246],[-117.8966895337346,34.58659606239993],[-117.8966837217964,34.58605504552524],[-117.89701080393397,34.58605264177727],[-117.89700499003744,34.585511624902594],[-117.89765914995571,34.585506814882386]]]},"id":"2_+5149+4051","properties":{"count":54,"date":"2023-07-12","thr":1,"threshold":"TOP2"}},{"type":"Feature","geometry":{"geodesic":false,"type":"Polygon","coordinates":[[[-117.89623176606393,34.57442557265599],[-117.89622015356022,34.57334353655304],[-117.89589312113544,34.57334593740843],[-117.89589021916385,34.5730754283288],[-117.89523615631752,34.57308022737159],[-117.89523905616909,34.573350736496145],[-117.89458499105002,34.57335553208042],[-117.8945878888175,34.57362604124091],[-117.8936067876714,34.57363322811352],[-117.89360389307498,34.57336271888117],[-117.89327686034477,34.57336511272971],[-117.89327975388117,34.573635621989006],[-117.89295272004604,34.57363801498414],[-117.89295561256735,34.573908524252424],[-117.89262857763627,34.57391091640314],[-117.8926314691335,34.57418142568041],[-117.89230443310647,34.57418381697773],[-117.89230732357963,34.574454326272964],[-117.89099917485417,34.57446388277553],[-117.89099628861209,34.57419337338148],[-117.8906692523964,34.57419576029503],[-117.89067213757849,34.57446626971602],[-117.89034510025789,34.574468655776165],[-117.8903508686188,34.57500967461816],[-117.89002382914224,34.57501205985185],[-117.89003247879553,34.575823588087886],[-117.89068656406381,34.575818816605405],[-117.89068944947047,34.576089325954534],[-117.89134353669706,34.57608455091473],[-117.89134642426868,34.576355060200974],[-117.89298164695701,34.57634310715492],[-117.89297875409434,34.57607259799444],[-117.89395988406737,34.57606541573018],[-117.8939569880606,34.57579490662359],[-117.8946110724036,34.575790114111555],[-117.89460817432172,34.575519605049884],[-117.895262256383,34.57551480907933],[-117.89525935621703,34.57524430005359],[-117.89558639613377,34.57524190077923],[-117.89558349495269,34.57497139176248],[-117.89591053377347,34.57496899163472],[-117.89590472940809,34.5744279736102],[-117.89623176606393,34.57442557265599]]]},"id":"2_+5149+4084","properties":{"count":138,"date":"2023-07-12","thr":1,"threshold":"TOP2"}},{"type":"Feature","geometry":{"geodesic":false,"type":"Polygon","coordinates":[[[-117.89570247515917,34.586062251496045],[-117.89569957243299,34.58579174296438],[-117.89504540992756,34.58579654251023],[-117.8950483105427,34.58606705108681],[-117.89570247515917,34.586062251496045]]]},"id":"2_+5150+4037","properties":{"count":2,"date":"2023-07-12","thr":1,"threshold":"TOP2"}},{"type":"Feature","geometry":{"geodesic":false,"type":"Polygon","coordinates":[[[-117.89385837347906,34.413475327327674],[-117.89384973914206,34.41266377833157],[-117.89352333319336,34.41266616315204],[-117.89350607187653,34.411043064683724],[-117.89285327246573,34.411047831414116],[-117.89287339610252,34.41294144658876],[-117.89222058183358,34.41294621017505],[-117.89222345469078,34.413216726620874],[-117.89189704645139,34.41321910712943],[-117.89189991829349,34.413489623593215],[-117.89157350895815,34.41349200325735],[-117.89158499251769,34.414574069094535],[-117.89191140605715,34.41457168933158],[-117.89191427808788,34.41484220573249],[-117.89256710714308,34.41483744355656],[-117.89256423301029,34.41456692720057],[-117.89289064642398,34.4145645448325],[-117.89288777127608,34.41429402848549],[-117.89321418360281,34.41429164526403],[-117.89321130743981,34.41402112893498],[-117.89353771868856,34.414018744869104],[-117.89353196437729,34.41347771222001],[-117.89385837347906,34.413475327327674]]]},"id":"2_+5151+4683","properties":{"count":49,"date":"2023-07-12","thr":1,"threshold":"TOP2"}},{"type":"Feature","geometry":{"geodesic":false,"type":"Polygon","coordinates":[[[-117.89494391291281,34.576328734595464],[-117.89494101369006,34.57605822557871],[-117.89428692731686,34.576063019887386],[-117.89428982441059,34.57633352894905],[-117.89494391291281,34.576328734595464]]]},"id":"2_+5152+4073","properties":{"count":2,"date":"2023-07-12","thr":1,"threshold":"TOP2"}},{"type":"Feature","geometry":{"geodesic":false,"type":"Polygon","coordinates":[[[-117.89494906657454,34.51572962231128],[-117.89494328123547,34.51518859888788],[-117.89461647608445,34.51519099281727],[-117.89461358453332,34.51492048106065],[-117.89363317202672,34.51492765752179],[-117.89363028368258,34.514657145684325],[-117.89297667727025,34.51466192557504],[-117.8929737910641,34.514391413674694],[-117.89264698885954,34.51439380228605],[-117.89265275917879,34.514934826122676],[-117.89232595481829,34.51493721390758],[-117.89232883898528,34.515207725825896],[-117.89200203352883,34.5152101127574],[-117.89200491667174,34.51548062469368],[-117.89037088354146,34.51549254637056],[-117.8903737614472,34.51576305841464],[-117.88972014581815,34.51576782101278],[-117.88972302164876,34.51603833309279],[-117.89004983053678,34.51603595220694],[-117.89005558442584,34.51657697627713],[-117.89038239538895,34.51657459446602],[-117.8903852734474,34.516845106465176],[-117.89169252115364,34.5168355703903],[-117.89168963886414,34.51656505848995],[-117.8920164496386,34.51656267231303],[-117.892013566343,34.51629216043065],[-117.89234037602152,34.516289773400324],[-117.89233749170182,34.51601926152693],[-117.8946251509804,34.51600252800626],[-117.89462225931248,34.515732016294564],[-117.89494906657454,34.51572962231128]]]},"id":"2_+5155+4301","properties":{"count":66,"date":"2023-07-12","thr":1,"threshold":"TOP2"}},{"type":"Feature","geometry":{"geodesic":false,"type":"Polygon","coordinates":[[[-117.8929005468735,34.59933873566308],[-117.89288028209342,34.59744517837588],[-117.89255315494128,34.597447571730335],[-117.89255604872922,34.59771807997454],[-117.89222892048114,34.59772047248459],[-117.89223470605378,34.598261488981976],[-117.89190757564077,34.59826388065659],[-117.89191625112062,34.59907540538919],[-117.8925705182708,34.59907062101589],[-117.89257341229231,34.599341129188225],[-117.8929005468735,34.59933873566308]]]},"id":"2_+5158+3994","properties":{"count":15,"date":"2023-07-12","thr":1,"threshold":"TOP2"}},{"type":"Feature","geometry":{"geodesic":false,"type":"Polygon","coordinates":[[[-117.89411052942948,34.590131872195634],[-117.89410473344536,34.589590855249085],[-117.89377763718629,34.58959325141527],[-117.8937718434839,34.5890522343789],[-117.89344474929995,34.589054629619824],[-117.89344185356266,34.58878412106121],[-117.89278766720696,34.58878890886608],[-117.89278477363462,34.58851840024458],[-117.89213058924624,34.588523184492125],[-117.89213926373795,34.58933471047339],[-117.89246635912565,34.58933231871793],[-117.89246925176374,34.58960282732146],[-117.89279634817552,34.58960043466768],[-117.89279924190957,34.589870943235276],[-117.89378053410037,34.589863759919986],[-117.89378343105038,34.59013426841572],[-117.89411052942948,34.590131872195634]]]},"id":"2_+5159+4027","properties":{"count":20,"date":"2023-07-12","thr":1,"threshold":"TOP2"}},{"type":"Feature","geometry":{"geodesic":false,"type":"Polygon","coordinates":[[[-117.89373708446756,34.58580613109164],[-117.89372549936246,34.584724096282265],[-117.89339842213869,34.58472649113691],[-117.89339263193973,34.58418547360647],[-117.89306555680005,34.584187867535846],[-117.8930568749691,34.58337634107848],[-117.89174858671733,34.58338590776794],[-117.89177170513963,34.58554997885094],[-117.89209878573209,34.58554758829922],[-117.89210167677118,34.58581809710937],[-117.89373708446756,34.58580613109164]]]},"id":"2_+5160+4046","properties":{"count":45,"date":"2023-07-12","thr":1,"threshold":"TOP2"}},{"type":"Feature","geometry":{"geodesic":false,"type":"Polygon","coordinates":[[[-117.89117530827754,34.59096493256394],[-117.89117241969083,34.590694423915494],[-117.89084531884137,34.59069681229329],[-117.89084243135062,34.590426303608915],[-117.89051533152525,34.59042869107941],[-117.89051821795599,34.590699199790734],[-117.89019111703466,34.59070158640783],[-117.89020265889485,34.59178362120822],[-117.89085686918168,34.59177884689605],[-117.89084820636806,34.5909673209597],[-117.89117530827754,34.59096493256394]]]},"id":"2_+5164+4020","properties":{"count":10,"date":"2023-07-12","thr":1,"threshold":"TOP2"}},{"type":"Feature","geometry":{"geodesic":false,"type":"Polygon","coordinates":[[[-117.88605000480251,34.07399831000841],[-117.88604155406317,34.073186714272964],[-117.88506625736332,34.073193742574965],[-117.88506907113832,34.073464274570625],[-117.88474397113345,34.07346661563415],[-117.88474678391131,34.073737147638795],[-117.88507188495824,34.073734806548316],[-117.8850746988051,34.074005338517026],[-117.88605000480251,34.07399831000841]]]},"id":"2_+5164+5932","properties":{"count":10,"date":"2023-07-12","thr":1,"threshold":"TOP2"}},{"type":"Feature","geometry":{"geodesic":false,"type":"Polygon","coordinates":[[[-117.890240174203,34.59530023295528],[-117.89023728817651,34.5950297244326],[-117.88991017025906,34.59503211055562],[-117.88990440044287,34.59449109342942],[-117.88925016872226,34.59449586296255],[-117.88925305148786,34.59476637158404],[-117.88892593451364,34.59476875505704],[-117.888934579864,34.59558028091254],[-117.88991594021897,34.59557312763692],[-117.88991305521655,34.595302619105254],[-117.890240174203,34.59530023295528]]]},"id":"2_+5168+4005","properties":{"count":12,"date":"2023-07-12","thr":1,"threshold":"TOP2"}},{"type":"Feature","geometry":{"geodesic":false,"type":"Polygon","coordinates":[[[-117.88911251412205,34.52010077266898],[-117.88910963982755,34.519830260732704],[-117.88878281603648,34.519832639327845],[-117.88877994283793,34.51956212734665],[-117.88812629725905,34.51956688187792],[-117.88812916833758,34.51983739390403],[-117.88780234443873,34.51983976987609],[-117.88780521450217,34.52011028192017],[-117.88911251412205,34.52010077266898]]]},"id":"2_+5169+4282","properties":{"count":6,"date":"2023-07-12","thr":1,"threshold":"TOP2"}},{"type":"Feature","geometry":{"geodesic":false,"type":"Polygon","coordinates":[[[-117.8888942378541,34.5917931593133],[-117.88888559412071,34.590981632945756],[-117.88790428748499,34.59098877710348],[-117.8878985315388,34.5904477593215],[-117.8869172309128,34.59045489544829],[-117.88692010568342,34.590725404411145],[-117.88659300433987,34.59072778138932],[-117.8865958780864,34.59099829037014],[-117.88626877564693,34.591000666503895],[-117.88627164836937,34.5912711754937],[-117.88659875187784,34.591268799341975],[-117.88660162570523,34.59153930829585],[-117.88692873022879,34.591536931245805],[-117.88693160515211,34.59180744017273],[-117.88725871069975,34.59180506221539],[-117.88726158671902,34.59207557110638],[-117.88693448011136,34.592077949081684],[-117.88693735511553,34.592348457972676],[-117.88595603187895,34.59235558671531],[-117.88598475219537,34.59506067571503],[-117.88696610723231,34.59505354626273],[-117.88696323184188,34.594783037488526],[-117.88663611459816,34.59478541482602],[-117.88663036606306,34.59424439719676],[-117.88630325090344,34.594246773608994],[-117.8863003777498,34.59397626475394],[-117.88793594788852,34.593964374033],[-117.88791867800177,34.592341321342836],[-117.88824578555266,34.5923389407175],[-117.88824290630845,34.59206843191634],[-117.8885700127634,34.59206605043761],[-117.88856713250408,34.59179554164543],[-117.8888942378541,34.5917931593133]]]},"id":"2_+5175+4020","properties":{"count":80,"date":"2023-07-12","thr":1,"threshold":"TOP2"}},{"type":"Feature","geometry":{"geodesic":false,"type":"Polygon","coordinates":[[[-117.88531616527973,34.593712879718744],[-117.88531042553915,34.59317186179304],[-117.88498331445787,34.593174234603026],[-117.88498905208742,34.59371525257365],[-117.88531616527973,34.593712879718744]]]},"id":"2_+5181+4010","properties":{"count":2,"date":"2023-07-12","thr":1,"threshold":"TOP2"}},{"type":"Feature","geometry":{"geodesic":false,"type":"Polygon","coordinates":[[[-117.88412810413197,34.60508373492999],[-117.88411950248465,34.60427220929009],[-117.88313803825748,34.60427931749724],[-117.88313517429361,34.60400880884879],[-117.88280802054236,34.6040111764755],[-117.88281660935276,34.604822702447784],[-117.88248945237656,34.60482506926601],[-117.8824923143282,34.605095577914454],[-117.88281947236442,34.60509321107826],[-117.88282806164194,34.605904736897834],[-117.88315522282225,34.60590236910044],[-117.88315235863381,34.605631860532846],[-117.8834795187092,34.60562949189104],[-117.88347665349666,34.60535898333242],[-117.88380381248508,34.60535661382823],[-117.88380094624847,34.60508610528758],[-117.88412810413197,34.60508373492999]]]},"id":"2_+5188+3970","properties":{"count":20,"date":"2023-07-12","thr":1,"threshold":"TOP2"}},{"type":"Feature","geometry":{"geodesic":false,"type":"Polygon","coordinates":[[[-117.8835250688906,34.51716545384321],[-117.8835193570966,34.51662442886573],[-117.88319254532499,34.51662679231528],[-117.8831896905419,34.51635627978611],[-117.88188244730927,34.516365724753854],[-117.88188529787926,34.51663623738184],[-117.88155848591902,34.51663859645659],[-117.88156133546492,34.516909109093554],[-117.88123452240873,34.51691146732389],[-117.88123737093954,34.517181979978815],[-117.8835250688906,34.51716545384321]]]},"id":"2_+5188+4294","properties":{"count":17,"date":"2023-07-12","thr":1,"threshold":"TOP2"}},{"type":"Feature","geometry":{"geodesic":false,"type":"Polygon","coordinates":[[[-117.88360849276305,34.61780236440728],[-117.88360275894235,34.61726134837701],[-117.88327555323254,34.617263718042906],[-117.8832726874361,34.61699320998735],[-117.88294548275937,34.616995578754924],[-117.88294261806786,34.616725070663435],[-117.88261541440622,34.616727438523704],[-117.88261827803771,34.616997946642144],[-117.8819638684866,34.61700267978453],[-117.881966730034,34.6172731879389],[-117.88065790621562,34.617282643794226],[-117.88066076355891,34.617553152029444],[-117.88000634930063,34.61755787474239],[-117.88000920455983,34.61782838301354],[-117.87968199631678,34.61783074307644],[-117.87968485054292,34.61810125135657],[-117.87903043181102,34.61810596889522],[-117.87903898837189,34.618917493807494],[-117.87838456311823,34.61892220798644],[-117.87838741325703,34.61919271631149],[-117.87871462697082,34.61919035964422],[-117.87871747820557,34.61946086793334],[-117.87937190762742,34.61945615191285],[-117.87938332145073,34.620538184763895],[-117.87905610251774,34.620540543308636],[-117.87905895501012,34.62081105151691],[-117.87873173497219,34.62081340920825],[-117.8787345864315,34.62108391742551],[-117.87808014412782,34.62108863022105],[-117.87809154188028,34.622170663161924],[-117.87841876729912,34.62216830710552],[-117.87842446852893,34.62270932345917],[-117.87875169603187,34.622706966477494],[-117.87875454776967,34.622977474613904],[-117.87908177629669,34.62297511673391],[-117.87906180752945,34.621081559716195],[-117.88004347059871,34.62107448130617],[-117.88002633689655,34.61945143237994],[-117.88035355147272,34.61944907129296],[-117.88034783842107,34.618908054939304],[-117.8810022632166,34.6189033302321],[-117.88099940461566,34.61863282208672],[-117.88165382713845,34.618628093921],[-117.88166240940014,34.619439618195464],[-117.88198962378766,34.61943725272471],[-117.88199534760112,34.61997826879091],[-117.88232256407275,34.619975902394884],[-117.88231970108804,34.61970539439323],[-117.88264691645473,34.61970302714381],[-117.88263832452718,34.61889150312087],[-117.8829655366779,34.618889135062965],[-117.88295980680081,34.618348119041684],[-117.8832870167866,34.61834575015733],[-117.88328128493322,34.61780473412707],[-117.88360849276305,34.61780236440728]]]},"id":"2_+5189+3923","properties":{"count":123,"date":"2023-07-12","thr":1,"threshold":"TOP2"}},{"type":"Feature","geometry":{"geodesic":false,"type":"Polygon","coordinates":[[[-117.88327332106279,34.58615284437361],[-117.8832704585991,34.585882334934645],[-117.88228921041676,34.585889433035746],[-117.88229206970041,34.58615994254657],[-117.88327332106279,34.58615284437361]]]},"id":"2_+5189+4037","properties":{"count":3,"date":"2023-07-12","thr":1,"threshold":"TOP2"}},{"type":"Feature","geometry":{"geodesic":false,"type":"Polygon","coordinates":[[[-117.8831036732602,34.60103321296132],[-117.8830922194798,34.599951177720754],[-117.88276508162873,34.59995354498814],[-117.88276221934471,34.5996830361241],[-117.88210794564583,34.59968776798189],[-117.8821108058188,34.599958276890845],[-117.88178366785095,34.599960641535155],[-117.88178652699986,34.60023115045309],[-117.88145938793606,34.600233514235015],[-117.88146796241834,34.6010450410068],[-117.88179510466216,34.60104267715301],[-117.88179796396378,34.60131318602603],[-117.88245225045468,34.60130845563249],[-117.88244938904202,34.60103794680439],[-117.8831036732602,34.60103321296132]]]},"id":"2_+5190+3986","properties":{"count":23,"date":"2023-07-12","thr":1,"threshold":"TOP2"}},{"type":"Feature","geometry":{"geodesic":false,"type":"Polygon","coordinates":[[[-117.88359181432706,34.58533894828628],[-117.88358036091499,34.58425691039569],[-117.88325328462547,34.58425927804036],[-117.88325042243127,34.583988768520555],[-117.881942121109,34.58399823023289],[-117.88194497906315,34.584268739851524],[-117.881617902576,34.58427110311242],[-117.88162361649002,34.584812122358656],[-117.8819506950972,34.58480975905284],[-117.88195641127498,34.58535077820924],[-117.88228349196625,34.58534841397816],[-117.88228635116904,34.58561892350695],[-117.88326759618033,34.5856118254867],[-117.88326473378851,34.58534131602079],[-117.88359181432706,34.58533894828628]]]},"id":"2_+5190+4044","properties":{"count":29,"date":"2023-07-12","thr":1,"threshold":"TOP2"}},{"type":"Feature","geometry":{"geodesic":false,"type":"Polygon","coordinates":[[[-117.88224918444315,34.58210229859958],[-117.88224632572545,34.581831788909085],[-117.88191925881434,34.581834152825756],[-117.88191640120155,34.58156364309934],[-117.88158933530555,34.58156600612667],[-117.881595048456,34.58210702561545],[-117.88224918444315,34.58210229859958]]]},"id":"2_+5191+4053","properties":{"count":3,"date":"2023-07-12","thr":1,"threshold":"TOP2"}},{"type":"Feature","geometry":{"geodesic":false,"type":"Polygon","coordinates":[[[-117.88172952583183,34.53286933308792],[-117.88172667404012,34.532598821178595],[-117.88107292535263,34.53260353950776],[-117.88107862473191,34.53314456342523],[-117.88140550120916,34.53314220464693],[-117.88140265044153,34.53287169271963],[-117.88172952583183,34.53286933308792]]]},"id":"2_+5191+4234","properties":{"count":3,"date":"2023-07-12","thr":1,"threshold":"TOP2"}},{"type":"Feature","geometry":{"geodesic":false,"type":"Polygon","coordinates":[[[-117.88594167316253,34.59100304174832],[-117.88593018687212,34.58992100556453],[-117.88396759661552,34.589935238085616],[-117.88397046177415,34.59020574729101],[-117.8836433622003,34.59020811632808],[-117.88364049810168,34.58993760709573],[-117.8829863009662,34.58994234251085],[-117.8829891629448,34.59021285178812],[-117.88266206326314,34.590215218202104],[-117.88265920234456,34.58994470889789],[-117.88233210367801,34.58994707440458],[-117.88232638408662,34.5894060557153],[-117.88134509422245,34.589413146854454],[-117.88134795082912,34.589683656275454],[-117.88102085306987,34.58968601826074],[-117.88103513134216,34.59103856530284],[-117.88136223440146,34.59103620320975],[-117.88136509122374,34.591306712558875],[-117.8826735073058,34.5912972552932],[-117.88268781321923,34.592649801383075],[-117.88301492244099,34.592647434753495],[-117.88302064719768,34.5931884530565],[-117.88334775850353,34.59318608551063],[-117.88335062199131,34.593456594617216],[-117.88367773432124,34.593454226164056],[-117.8836863282161,34.59426575334906],[-117.88401344368114,34.59426338395267],[-117.88401057795657,34.59399287492693],[-117.88433769232569,34.593990504677144],[-117.88433482557703,34.593719995660386],[-117.88466193885019,34.59371762455719],[-117.88465333564878,34.592906097515915],[-117.88530755571826,34.59290135281222],[-117.88529033762835,34.59127829868475],[-117.88561744125361,34.591275925165085],[-117.8856145706422,34.591005416121384],[-117.88594167316253,34.59100304174832]]]},"id":"2_+5192+4024","properties":{"count":140,"date":"2023-07-12","thr":1,"threshold":"TOP2"}},{"type":"Feature","geometry":{"geodesic":false,"type":"Polygon","coordinates":[[[-117.88133938114386,34.58887212796755],[-117.88133652465397,34.58860161851062],[-117.88100943113476,34.588603980397096],[-117.88101228656464,34.58887448988098],[-117.88133938114386,34.58887212796755]]]},"id":"2_+5193+4027","properties":{"count":1,"date":"2023-07-12","thr":1,"threshold":"TOP2"}},{"type":"Feature","geometry":{"geodesic":false,"type":"Polygon","coordinates":[[[-117.8806720002704,34.52557258138513],[-117.88066915267382,34.52530206907156],[-117.88001546082272,34.52530678087896],[-117.88001830629926,34.52557729323744],[-117.8796914592598,34.525579647856546],[-117.87970568192638,34.52693220962203],[-117.88003253425691,34.52692985488614],[-117.88002399736914,34.52611831793645],[-117.88035084648371,34.52611596240106],[-117.8803451533028,34.52557493775595],[-117.8806720002704,34.52557258138513]]]},"id":"2_+5194+4261","properties":{"count":9,"date":"2023-07-12","thr":1,"threshold":"TOP2"}},{"type":"Feature","geometry":{"geodesic":false,"type":"Polygon","coordinates":[[[-117.8806851919495,34.588876850914055],[-117.88067948325467,34.5883358318924],[-117.88035239072362,34.588338192000215],[-117.88034953749461,34.58806768244447],[-117.88067662896566,34.58806532235462],[-117.88067377471258,34.587794812816846],[-117.88034668430153,34.587797172879746],[-117.88034383114439,34.587526663297055],[-117.88001674175743,34.58752902246164],[-117.88001959384557,34.58779953206229],[-117.87903832227111,34.58780660436378],[-117.87904117122413,34.58807711402732],[-117.87871407956445,34.58807946973339],[-117.87871692749339,34.58834997940591],[-117.87838983472876,34.58835233425858],[-117.87839552859239,34.58889335361261],[-117.87806843367181,34.58889570763883],[-117.87807127959752,34.58916621732033],[-117.8783983755781,34.58916386327615],[-117.87840122259975,34.58943437292172],[-117.8790554165552,34.58942966215638],[-117.87905256741352,34.589159152555716],[-117.88003385489716,34.58915207989491],[-117.88003100261139,34.58888157035713],[-117.8806851919495,34.588876850914055]]]},"id":"2_+5196+4031","properties":{"count":33,"date":"2023-07-12","thr":1,"threshold":"TOP2"}},{"type":"Feature","geometry":{"geodesic":false,"type":"Polygon","coordinates":[[[-117.87980579220284,34.56751127790387],[-117.87980009374883,34.566970256852024],[-117.87947308482397,34.56697261333963],[-117.8794759329685,34.567243123901484],[-117.8791489229477,34.567245479535686],[-117.87915461723354,34.56778650065041],[-117.87948162938335,34.5677841449713],[-117.87947878115797,34.567513634445376],[-117.87980579220284,34.56751127790387]]]},"id":"2_+5197+4107","properties":{"count":4,"date":"2023-07-12","thr":1,"threshold":"TOP2"}},{"type":"Feature","geometry":{"geodesic":false,"type":"Polygon","coordinates":[[[-117.87897850301617,34.58212589863567],[-117.87896711077038,34.581043858840644],[-117.87831298250873,34.58104856814174],[-117.87831013666388,34.580778058109885],[-117.87798307353468,34.58078041142644],[-117.87798022878577,34.58050990136764],[-117.87732610453061,34.580514605314775],[-117.8773289471595,34.580785115427474],[-117.87700188391351,34.58078746611196],[-117.87700756717702,34.581328486337355],[-117.87733463253404,34.58132613560795],[-117.87733747527972,34.58159664568472],[-117.8776645416608,34.58159429404802],[-117.87766738550242,34.58186480408885],[-117.87832152027686,34.58186009814746],[-117.87832436627443,34.582130608125404],[-117.87897850301617,34.58212589863567]]]},"id":"2_+5204+4057","properties":{"count":23,"date":"2023-07-12","thr":1,"threshold":"TOP2"}},{"type":"Feature","geometry":{"geodesic":false,"type":"Polygon","coordinates":[[[-117.87736306168853,34.584031235791706],[-117.87735737555938,34.58349021585377],[-117.87703030172226,34.58349256677182],[-117.87702745976712,34.58322205676692],[-117.87670038695407,34.58322440678665],[-117.8767060687713,34.58376542684137],[-117.8763789938023,34.58376777603465],[-117.87638183370929,34.5840382860665],[-117.87736306168853,34.584031235791706]]]},"id":"2_+5206+4047","properties":{"count":6,"date":"2023-07-12","thr":1,"threshold":"TOP2"}},{"type":"Feature","geometry":{"geodesic":false,"type":"Polygon","coordinates":[[[-117.87770151457518,34.585110923590705],[-117.87769867027542,34.5848404136936],[-117.87737159117418,34.58484276560878],[-117.87736590481148,34.58430174574271],[-117.87638467365221,34.58430879608937],[-117.87638751363107,34.58457930610325],[-117.8760604354461,34.58458165448805],[-117.87606327440088,34.58485216450193],[-117.87573619511997,34.58485451204231],[-117.87575038519566,34.58620706208478],[-117.87705872331293,34.58619766621895],[-117.87705588098048,34.58592715633083],[-117.87738296435771,34.58592480519719],[-117.87737443441392,34.585113275523845],[-117.87770151457518,34.585110923590705]]]},"id":"2_+5207+4043","properties":{"count":32,"date":"2023-07-12","thr":1,"threshold":"TOP2"}},{"type":"Feature","geometry":{"geodesic":false,"type":"Polygon","coordinates":[[[-117.87808550979196,34.59051876555719],[-117.8780798175992,34.589977746301976],[-117.87775271840265,34.58998009953768],[-117.87774987342915,34.58970958986515],[-117.8780769715657,34.58970723664742],[-117.87807412555915,34.58943672699286],[-117.87611154254297,34.58945083300421],[-117.87611438218048,34.58972134280249],[-117.87578728381935,34.5897236907561],[-117.87579863852453,34.59080572994027],[-117.8774341511621,34.5907939809106],[-117.87743130712286,34.59052347125604],[-117.87808550979196,34.59051876555719]]]},"id":"2_+5208+4024","properties":{"count":31,"date":"2023-07-12","thr":1,"threshold":"TOP2"}},{"type":"Feature","geometry":{"geodesic":false,"type":"Polygon","coordinates":[[[-117.8703516316376,34.00133142136784],[-117.87034611267596,34.00079034886947],[-117.86969646431264,34.0007949436713],[-117.86969922171835,34.001065479969895],[-117.86872474580917,34.00107236581706],[-117.86872750016062,34.00134290217853],[-117.86775302082886,34.001349780372045],[-117.86775577213501,34.00162031678742],[-117.86743094458916,34.00162260782377],[-117.86743369489818,34.0018931442571],[-117.86645920894584,34.00190001229966],[-117.8664619562006,34.00217054877791],[-117.86613712645386,34.0021728364366],[-117.86613987271149,34.00244337293282],[-117.86516538014754,34.00245023082441],[-117.86516812335988,34.00272076737453],[-117.86484329140329,34.00272305164656],[-117.86484603361849,34.00299358821464],[-117.8645212006019,34.00299587165125],[-117.86452394181998,34.00326640821933],[-117.86387427360388,34.003270972568274],[-117.86387701280974,34.003541509181275],[-117.86485151816568,34.00353466129691],[-117.86484877587861,34.00326412476476],[-117.8661481117269,34.00325498234062],[-117.8661453653525,34.00298444588034],[-117.86647019818942,34.002982158158765],[-117.86646745082687,34.00271162170746],[-117.8671171143358,34.00270704373108],[-117.86711436495203,34.002436507324695],[-117.86776402626009,34.00243192596166],[-117.86776127484613,34.00216138958222],[-117.86841093394433,34.002156804832545],[-117.86840818050916,34.00188626848904],[-117.86938266579675,34.00187938500444],[-117.86937990930733,34.00160884872382],[-117.87002956392293,34.001604255494044],[-117.87002680542126,34.00133371924037],[-117.8703516316376,34.00133142136784]]]},"id":"2_+5209+6200","properties":{"count":50,"date":"2023-07-12","thr":1,"threshold":"TOP2"}},{"type":"Feature","geometry":{"geodesic":false,"type":"Polygon","coordinates":[[[-117.87509621590794,34.58621175474908],[-117.87507352919799,34.5840476741619],[-117.87474645297135,34.58405001899836],[-117.87474361836442,34.58377950884074],[-117.87441654316187,34.583781852778884],[-117.87441370965088,34.58351134258533],[-117.87408663547241,34.58351368562516],[-117.87408946792337,34.58378419583667],[-117.87376239264896,34.58378653801411],[-117.87376522407584,34.584057048234605],[-117.87409230041926,34.584054706030216],[-117.8741064634377,34.58540725684524],[-117.87443354502727,34.58540491364372],[-117.87443921262417,34.58594593384216],[-117.87476629629784,34.58594358971538],[-117.8747691312102,34.58621409977418],[-117.87509621590794,34.58621175474908]]]},"id":"2_+5214+4046","properties":{"count":24,"date":"2023-07-12","thr":1,"threshold":"TOP2"}},{"type":"Feature","geometry":{"geodesic":false,"type":"Polygon","coordinates":[[[-117.87305732081974,34.57892203279457],[-117.87305449222254,34.5786515222956],[-117.87272743696258,34.5786538614008],[-117.87272460946133,34.57838335085692],[-117.87239755522545,34.5783856890638],[-117.87239472882912,34.578115178492965],[-117.87174062235162,34.578119852229754],[-117.87174909531528,34.57893138405007],[-117.87305732081974,34.57892203279457]]]},"id":"2_+5221+4066","properties":{"count":9,"date":"2023-07-12","thr":1,"threshold":"TOP2"}},{"type":"Feature","geometry":{"geodesic":false,"type":"Polygon","coordinates":[[[-117.88931789756242,34.57014765504599],[-117.88931213694498,34.5696066356201],[-117.88865810008691,34.56961139899079],[-117.88864658777231,34.56852935979764],[-117.88831957352045,34.56853174008161],[-117.88831669659388,34.568261230229425],[-117.88700864344018,34.56827074248099],[-117.88701151612669,34.56854125243199],[-117.88537644352887,34.56855312316541],[-117.88536784145934,34.56774159292613],[-117.88504083000123,34.567743964370685],[-117.8850379637826,34.567473454249004],[-117.88340291120821,34.56748529822161],[-117.88340577213577,34.56775580846906],[-117.8817707133181,34.56776763067549],[-117.88178213624137,34.56884967201562],[-117.88210915231681,34.568847309230826],[-117.88211200920196,34.569117819505216],[-117.88243902630148,34.56911545582211],[-117.88245617475398,34.570738517109156],[-117.88212915131236,34.57074088093599],[-117.88213486564858,34.5712819013141],[-117.88180784004201,34.57128426431449],[-117.88181069620852,34.57155477450804],[-117.88115664277653,34.57155949792167],[-117.88115949685893,34.571830008151146],[-117.88017841323897,34.571837086767786],[-117.88018126418625,34.572107597060146],[-117.87985423518406,34.572109954868274],[-117.87986848520431,34.573462506249236],[-117.87823331311807,34.57347428276735],[-117.87823046833323,34.57320377239414],[-117.87790343485742,34.573206125045935],[-117.87790059116853,34.57293561463679],[-117.87691949369653,34.572942667265174],[-117.87692233421438,34.57321317774618],[-117.87659530058585,34.57321552688556],[-117.87659814007962,34.57348603737555],[-117.87627110535514,34.57348838567052],[-117.87626826693037,34.57321787516256],[-117.87594123322998,34.573220222559215],[-117.87593272133334,34.57240869088263],[-117.8765867823471,34.57240399535271],[-117.87658394300605,34.572133484817805],[-117.87691097239453,34.57213113576825],[-117.87690529170918,34.57159011470742],[-117.87723231894171,34.57158776482244],[-117.87722663628905,34.571046743761606],[-117.87788068640626,34.571042041458384],[-117.87787784302279,34.57077153095941],[-117.87820486696747,34.570769178523214],[-117.87819633386161,34.56995764700832],[-117.87786931309695,34.569959999381645],[-117.87786646985721,34.56968948882877],[-117.87753945011664,34.56969184029479],[-117.87753660798182,34.56942132970598],[-117.87720958925635,34.56942368027369],[-117.87720674821749,34.56915316964895],[-117.87687973051608,34.56915551931834],[-117.87687689056418,34.568885008666655],[-117.87720390721455,34.56888265901523],[-117.87720106624755,34.56861214837253],[-117.8768740506572,34.568614497988015],[-117.87687121079512,34.56834398730938],[-117.87654419622883,34.56834633602656],[-117.87654703503988,34.56861684674112],[-117.87622001937766,34.5686191946049],[-117.87622285716462,34.56888970532845],[-117.87589584040646,34.56889205234781],[-117.87589867717833,34.569162563071366],[-117.87524464143418,34.56916725453192],[-117.87524180678233,34.56889674375447],[-117.87556882361235,34.568894398486826],[-117.87556598794542,34.56862388771835],[-117.87523897216641,34.568626232959055],[-117.87523613759542,34.56835572216363],[-117.87458210804964,34.568360409968044],[-117.8745792756346,34.568089899109744],[-117.87425226185884,34.56809224167346],[-117.87425509322284,34.56836275255871],[-117.87392807835114,34.56836509427801],[-117.87392524805612,34.56809458336581],[-117.87327122032495,34.56809926412743],[-117.8732683921769,34.56782875316133],[-117.87294137931742,34.567831092203654],[-117.87293572524916,34.56729007018163],[-117.87260871447377,34.567292408298684],[-117.87260588855355,34.567021897251735],[-117.8716248591559,34.567028906275894],[-117.87162203645165,34.5667583951481],[-117.87129502763459,34.56676072970782],[-117.87129220603526,34.5664902185441],[-117.87096519824229,34.56649255221449],[-117.87095955725349,34.56595152978822],[-117.8706325515446,34.56595386253335],[-117.87062973216412,34.565683351279795],[-117.87030272747032,34.56568568312661],[-117.87029990919477,34.56541517183712],[-117.86997290551606,34.565417502785614],[-117.86996445407604,34.564605968782395],[-117.86931045297092,34.5646106279036],[-117.86931889805986,34.565422162059534],[-117.86866489045094,34.565426817821034],[-117.86867051646482,34.56596784061561],[-117.86834351048644,34.565970167234234],[-117.86834632249175,34.566240678640504],[-117.86801931541743,34.566243004396746],[-117.86802212639866,34.566513515812],[-117.86736811002218,34.566518164755294],[-117.86737091891933,34.56678867620648],[-117.86704390961718,34.56679099939353],[-117.86704110177106,34.5665204879154],[-117.86606007681108,34.56652745214057],[-117.86606288148614,34.56679796368159],[-117.8657358720313,34.56680028335623],[-117.86574428308306,34.56761181798827],[-117.86607129570898,34.567609498232784],[-117.86607410052777,34.56788000972889],[-117.86574708684184,34.567882329502346],[-117.86574989063655,34.56815284100743],[-117.8660769053825,34.568150521216005],[-117.86607971027316,34.568421032685166],[-117.86640672604318,34.56841871198644],[-117.86640953202978,34.56868922341966],[-117.86739058228632,34.568682256014455],[-117.8674074380587,34.57030532394005],[-117.86773446108711,34.57030299958518],[-117.86773727157428,34.57057351083874],[-117.86806429562677,34.570571185576576],[-117.8680671072009,34.570841696794204],[-117.86839413227746,34.57083937063373],[-117.86839694495652,34.5711098818244],[-117.86872397104818,34.571107554765604],[-117.86872678482318,34.57137806591137],[-117.86970786605362,34.571371079407974],[-117.86971068304459,34.571641590472886],[-117.87036473913558,34.57163692837826],[-117.87036755827353,34.57190743938927],[-117.8723297319903,34.5718934319321],[-117.87232690649229,34.571622921064815],[-117.87265393424583,34.571620583450816],[-117.87265676080386,34.57189109429115],[-117.87363784703793,34.571884076113164],[-117.87364067681192,34.57215458687265],[-117.87462176588465,34.57214756073559],[-117.87462459886564,34.57241807141422],[-117.87527866017584,34.572413382900145],[-117.87529283626476,34.573765935871116],[-117.87496580032756,34.573768280680625],[-117.87497430325902,34.57457981238416],[-117.87530134236727,34.574577467502785],[-117.87532119126331,34.5764710408878],[-117.87564823774673,34.57646869496439],[-117.8756510745186,34.576739205373535],[-117.87663221691534,34.5767321622673],[-117.87663505690317,34.57700267259559],[-117.87761620213858,34.57699562153926],[-117.87761904534239,34.57726613178671],[-117.87794609473634,34.57726377965594],[-117.87795462773443,34.57807531024556],[-117.87828168027248,34.57807295717155],[-117.87828452574004,34.57834346732018],[-117.87861157930219,34.57834111333888],[-117.87861442586569,34.57861162346056],[-117.87894148044293,34.57860926858094],[-117.87894432810239,34.57887977865771],[-117.87927138370371,34.57887742287978],[-117.87926853498425,34.57860691282996],[-117.87959558948961,34.57860455619863],[-117.87957564208432,34.5767109856433],[-117.87924859499903,34.57671334210395],[-117.87924574657602,34.57644283195532],[-117.8785916543997,34.57644754220863],[-117.87858880814161,34.57617703199712],[-117.8779347179326,34.5761817386931],[-117.87793187383048,34.57591122842769],[-117.8776048297276,34.5759135804327],[-117.87759914375117,34.575372559812045],[-117.87792618573404,34.575370207842965],[-117.87792049778132,34.57482918722231],[-117.87922865686436,34.57481977079404],[-117.8792343532792,34.57536079122605],[-117.87988843683169,34.57535607766694],[-117.87989698810149,34.57616760808588],[-117.88185925689596,34.576153445938814],[-117.88186211374519,34.576423955907785],[-117.8828432508149,34.576416862936064],[-117.88284039077666,34.576146353029976],[-117.88316743532872,34.576143986984306],[-117.88316457427538,34.5758734770872],[-117.88349161773148,34.575871110179136],[-117.88348875566305,34.57560060030001],[-117.8838157980232,34.57559823254753],[-117.8838129349217,34.57532772267737],[-117.88413997618592,34.575325354071495],[-117.88413711206934,34.57505484421033],[-117.88479119236094,34.57505010441143],[-117.88478832616026,34.57477959458619],[-117.8860964820453,34.57477010456793],[-117.88609935247705,34.57504061429436],[-117.88642639241174,34.57503823957994],[-117.88642352091999,34.57476772987148],[-117.88707759855258,34.57476297785549],[-117.88707472497674,34.57449246819195],[-117.8880558379716,34.574485333664164],[-117.88805296126064,34.57421482405453],[-117.8887070342759,34.5742100633698],[-117.88869839802547,34.57339853462172],[-117.88837136471136,34.5734009153279],[-117.88836560951974,34.572859896054716],[-117.88803857828971,34.57286227583564],[-117.88803570181231,34.57259176615413],[-117.88770867159738,34.57259414503673],[-117.88770579621593,34.57232363531929],[-117.88737876702507,34.57232601330358],[-117.88737589274854,34.57205550355919],[-117.88704886457278,34.57205788063618],[-117.88704311823855,34.571516861048586],[-117.8867160921469,34.571519237209294],[-117.8867103480854,34.57097821752289],[-117.88638332406885,34.57098059275833],[-117.8863775822801,34.57043957297311],[-117.88735864784393,34.57043244477845],[-117.88736152189588,34.57070295460368],[-117.88899663569943,34.570691056642325],[-117.88899087704031,34.57015003721643],[-117.88931789756242,34.57014765504599]],[[-117.8880443313613,34.57340329516272],[-117.88804145480304,34.573132785508164],[-117.88771442247707,34.573135164435676],[-117.88771729797533,34.57340567411719],[-117.8880443313613,34.57340329516272]],[[-117.88607639009209,34.572876536141614],[-117.88606777983891,34.57206500663895],[-117.88574075151044,34.5720673802215],[-117.88573214476966,34.571255850530186],[-117.8860591699181,34.57125347701951],[-117.88605056034764,34.570441947292274],[-117.88506949432566,34.57044906497664],[-117.88507236096652,34.570719574972564],[-117.88474533782133,34.570721945797274],[-117.88474820344709,34.57099245580218],[-117.88442117920596,34.57099482579146],[-117.88444409708836,34.573158905579135],[-117.88477112980061,34.5731565354012],[-117.88476826386943,34.572886025495116],[-117.88509529548573,34.572883654472776],[-117.88509816246794,34.57315416435191],[-117.88575222770379,34.57314941963024],[-117.88574935859258,34.572878909796025],[-117.88607639009209,34.572876536141614]]]},"id":"2_+5228+4116","properties":{"count":1310,"date":"2023-07-12","thr":1,"threshold":"TOP2"}},{"type":"Feature","geometry":{"geodesic":false,"type":"Polygon","coordinates":[[[-117.86384962243112,34.000836142557205],[-117.86384688359358,34.000565605827425],[-117.86352205972183,34.00056788647925],[-117.86352479753529,34.00083842323598],[-117.86384962243112,34.000836142557205]]]},"id":"2_+5228+6201","properties":{"count":1,"date":"2023-07-12","thr":1,"threshold":"TOP2"}},{"type":"Feature","geometry":{"geodesic":false,"type":"Polygon","coordinates":[[[-117.86991375254158,34.55973676242745],[-117.8699053034731,34.55892522765168],[-117.86892436843448,34.5589322135532],[-117.86893280798081,34.55974374853558],[-117.86991375254158,34.55973676242745]]]},"id":"2_+5229+4137","properties":{"count":9,"date":"2023-07-12","thr":1,"threshold":"TOP2"}},{"type":"Feature","geometry":{"geodesic":false,"type":"Polygon","coordinates":[[[-117.86894968809756,34.56136681818594],[-117.86894687464594,34.56109630660899],[-117.86861988775676,34.561098633676764],[-117.86862270014836,34.561369145280665],[-117.86894968809756,34.56136681818594]]]},"id":"2_+5230+4129","properties":{"count":1,"date":"2023-07-12","thr":1,"threshold":"TOP2"}},{"type":"Feature","geometry":{"geodesic":false,"type":"Polygon","coordinates":[[[-117.86320270941088,34.00111123981809],[-117.86319997260354,34.00084070306136],[-117.8622254975837,34.00084753738116],[-117.86222823130981,34.00111807420976],[-117.86190340520126,34.001120350630515],[-117.86190613793026,34.00139088746809],[-117.86288061923831,34.001384055582726],[-117.86287788341014,34.00111351880803],[-117.86320270941088,34.00111123981809]]]},"id":"2_+5232+6200","properties":{"count":6,"date":"2023-07-12","thr":1,"threshold":"TOP2"}},{"type":"Feature","geometry":{"geodesic":false,"type":"Polygon","coordinates":[[[-117.86880840059357,34.579222883910234],[-117.86880558573161,34.57895237311482],[-117.86815147207656,34.5789570277175],[-117.86814865937056,34.5786865168592],[-117.86749454768282,34.578691167904545],[-117.86749735827779,34.578961678807765],[-117.86618913021313,34.578970970478004],[-117.86619193660397,34.57924148146207],[-117.8668460528282,34.579236837333745],[-117.86684886136601,34.57950734825493],[-117.86848415656637,34.57949572247412],[-117.86848134272849,34.579225211669716],[-117.86880840059357,34.579222883910234]]]},"id":"2_+5234+4064","properties":{"count":15,"date":"2023-07-12","thr":1,"threshold":"TOP2"}},{"type":"Feature","geometry":{"geodesic":false,"type":"Polygon","coordinates":[[[-117.86853762665464,34.584635425467035],[-117.8685348121071,34.58436491488721],[-117.86820773407484,34.5843672422155],[-117.86820210719858,34.583826220992975],[-117.86722087922834,34.58383319757896],[-117.86722368946397,34.58410370826658],[-117.86689661233902,34.5841060320645],[-117.86689942155957,34.58437654277008],[-117.86722649974452,34.58437421894522],[-117.867229310061,34.58464472961487],[-117.86853762665464,34.584635425467035]]]},"id":"2_+5235+4045","properties":{"count":11,"date":"2023-07-12","thr":1,"threshold":"TOP2"}},{"type":"Feature","geometry":{"geodesic":false,"type":"Polygon","coordinates":[[[-117.87913158248031,34.53451125800779],[-117.8791145216944,34.53288818562655],[-117.87878764600767,34.53289053826038],[-117.87878480373811,34.53262002612647],[-117.87845792906647,34.53262237786199],[-117.87845508788388,34.53235186569215],[-117.87812821423631,34.53235421652935],[-117.87812537414966,34.532083704323576],[-117.87779850152619,34.53208605426246],[-117.8777928235807,34.531545029770065],[-117.87746595302335,34.531547378783685],[-117.87745743956364,34.53073584188789],[-117.87778430694993,34.53073349294613],[-117.87777862939073,34.530192468336956],[-117.87745176411546,34.5301948172338],[-117.87744608882001,34.52965379252581],[-117.87711922561986,34.52965614050636],[-117.87711355258817,34.52911511569956],[-117.87645983031112,34.52911980892979],[-117.87645132738865,34.52830827149501],[-117.8761244693628,34.52831061672672],[-117.8761216361842,34.52804010419756],[-117.87742906383197,34.52803071812336],[-117.87742622646721,34.527760205675044],[-117.87775308222032,34.5277578569938],[-117.87774740548757,34.52721683211513],[-117.8780742591027,34.527214482607434],[-117.87806858041162,34.52667345771978],[-117.87774172890752,34.52667580718256],[-117.87773889068039,34.526405294707295],[-117.87708518968444,34.52640999095587],[-117.87708235360427,34.52613947841772],[-117.87675550410343,34.5261418252125],[-117.87675266911921,34.525871312638415],[-117.87642582064244,34.5258736585259],[-117.87642298674518,34.52560314591589],[-117.8760961392925,34.52560549091403],[-117.8760848083208,34.524523440240415],[-117.87575796504528,34.524525784268384],[-117.8757692917949,34.525607835031835],[-117.87544244426137,34.52561017827827],[-117.87544527498757,34.52588069096015],[-117.87511842635809,34.52588303336217],[-117.87512408580726,34.52642405873491],[-117.87479723502183,34.526426400310484],[-117.87480289251268,34.526967425683225],[-117.87447603958026,34.52696976642336],[-117.87447886732406,34.527240279114224],[-117.87415201329571,34.52724261900995],[-117.87415484002442,34.52751313170979],[-117.87382798490012,34.527515470752114],[-117.87382515924041,34.527244958025314],[-117.87349830514019,34.52724729616034],[-117.87349548056744,34.52697678339761],[-117.87316862748231,34.5269791206433],[-117.87316298056464,34.526438095036994],[-117.87283612955463,34.526440431357415],[-117.87281637392168,34.52454684116492],[-117.87314321752959,34.52454450501517],[-117.87313757128564,34.52400347918429],[-117.87346441274657,34.52400114219911],[-117.87346158862297,34.52373062928367],[-117.87313474822207,34.52373296625088],[-117.87312910220271,34.52319194033915],[-117.8728022638769,34.5231942763811],[-117.87279944198114,34.52292376338481],[-117.87247260467043,34.52292609852844],[-117.87246696310672,34.52238507246399],[-117.87214012787112,34.52238740668236],[-117.87213730820318,34.52211689360522],[-117.87181047398268,34.52211922692527],[-117.87179638148199,34.52076666124314],[-117.87016223625096,34.52077831415307],[-117.87015661007538,34.520237287558615],[-117.86982978302345,34.52023961547081],[-117.86982415911163,34.519698588786525],[-117.87015098404355,34.51969626091925],[-117.87014535816442,34.519155234225984],[-117.87047218094936,34.51915290553225],[-117.87046373924707,34.518341365474384],[-117.87013691963318,34.51834369409625],[-117.8701341068643,34.518073180695716],[-117.8698072882655,34.518075508419265],[-117.86979885335448,34.51726396807394],[-117.8694720378908,34.51726629485425],[-117.86946641690749,34.51672526784658],[-117.86913960351892,34.51672759371061],[-117.86911712955697,34.51456348501515],[-117.86944393450138,34.51456115933976],[-117.8694355042077,34.51374961844646],[-117.86910870243435,34.513751944049986],[-117.86910589347431,34.51348143037098],[-117.86877909271605,34.51348375507619],[-117.86877347700586,34.512942727637316],[-117.86811987960363,34.51294737433482],[-117.86811707392245,34.51267686054801],[-117.86746347847854,34.51268150369717],[-117.86746067494434,34.51241098985646],[-117.86648028467107,34.51241794796411],[-117.8664830850432,34.512688461876685],[-117.86615628715057,34.51269077952113],[-117.86615908650761,34.512961293442686],[-117.8655054885035,34.51296592615342],[-117.86550269126649,34.51269541217797],[-117.8648490952297,34.51270004134934],[-117.86485189035567,34.51297055536971],[-117.86452509122337,34.51297286866632],[-117.86452788533424,34.51324338268668],[-117.86420108510599,34.51324569513887],[-117.8642066713245,34.513786723206564],[-117.86387986894928,34.51378903482332],[-117.86388545320048,34.514330062891005],[-117.86421225768675,34.51432775122035],[-117.86421505092625,34.51459826521377],[-117.86454185642762,34.514595952653785],[-117.86454465076307,34.514866466611274],[-117.86487145727953,34.51486415315297],[-117.86487984366356,34.51567569488171],[-117.86455303397605,34.51567800840289],[-117.86456421211737,34.516760063963346],[-117.86489102603595,34.516757750343345],[-117.86489382171888,34.51702826417507],[-117.86522063665255,34.517025949656755],[-117.86523741788274,34.518649032269806],[-117.86556423911361,34.5186467167364],[-117.86556983526748,34.51918774413035],[-117.86589665857345,34.51918542768066],[-117.86590225699108,34.519726454975796],[-117.86622908237216,34.51972413760084],[-117.8662318826904,34.51999465121697],[-117.86590505625828,34.51999696860989],[-117.86590785555245,34.52026748222602],[-117.8655810280244,34.52026979877452],[-117.86558662462743,34.52081082602475],[-117.86525979494341,34.5208131417468],[-117.86526538957914,34.52135416898804],[-117.86493855774816,34.52135648388364],[-117.86494974324668,34.52243853832121],[-117.86527657929975,34.522436223335774],[-117.86528497198995,34.523247763968556],[-117.86561181117814,34.523245448039894],[-117.8656202073628,34.524056988484034],[-117.8659470496861,34.524054671612134],[-117.86594984954618,34.524325185048596],[-117.86627669288458,34.524322867278386],[-117.86630470411585,34.52702800073573],[-117.86597785021326,34.52703031873951],[-117.8659806504776,34.52730083204123],[-117.86630750544019,34.5272985140105],[-117.86631310821465,34.52783954053309],[-117.86663996525236,34.52783722158608],[-117.86664276774452,34.52810773480695],[-117.8663159096468,34.528110053771925],[-117.86631871112387,34.528380567001776],[-117.86664557028159,34.52837824800985],[-117.86665958350595,34.52973081386267],[-117.86698644790985,34.52972849387362],[-117.86699205557115,34.530269520081795],[-117.86731892205015,34.530267199176464],[-117.8673217269947,34.530537712235635],[-117.86764859448881,34.530535390431986],[-117.86765140052931,34.530805903455224],[-117.86830513751177,34.53080125717993],[-117.86831356219996,34.531612796043035],[-117.86798669055565,34.53161511968823],[-117.8679894977999,34.53188563264859],[-117.86831637050422,34.53188330897644],[-117.86831917884442,34.53215382189188],[-117.86864605257281,34.53215149732142],[-117.86864886200895,34.53242201020991],[-117.86962948611371,34.532415031180506],[-117.86963229875683,34.53268554397917],[-117.87061292570024,34.53267855701763],[-117.87061855744537,34.533219582435294],[-117.87094543513535,34.533217251648495],[-117.87095106913526,34.5337582769853],[-117.87127794890034,34.533755945273235],[-117.87128640335871,34.53456748310328],[-117.87422834807715,34.53454645773761],[-117.87422552036928,34.53427594535218],[-117.87455240187711,34.53427360485458],[-117.87454957315414,34.53400309247813],[-117.87487645355704,34.53400075112714],[-117.8748651348114,34.53291870159438],[-117.87453825863957,34.53292104285554],[-117.87453543009627,34.532650530416205],[-117.87355480450931,34.53265754887267],[-117.87355197918197,34.53238703635249],[-117.87289823071904,34.53239171090675],[-117.87289258440325,34.531850685731634],[-117.87321945654163,34.53184834894409],[-117.87321663238211,34.53157783636102],[-117.87419724541063,34.5315708208151],[-117.87419441811599,34.53130030829491],[-117.87452128799062,34.531297968048854],[-117.87451845968089,34.531027455537654],[-117.87484532846855,34.531025114447175],[-117.87484249913473,34.530754601944956],[-117.87549623447327,34.53074991717685],[-117.87549906590915,34.531020429634154],[-117.87582593458005,34.531018085911604],[-117.87583443230128,34.531829623121816],[-117.8761613040983,34.53182727845604],[-117.87616697155147,34.532368303155046],[-117.8764938454236,34.53236595757299],[-117.87649951514052,34.53290698217318],[-117.87682639108776,34.532904635665865],[-117.87682922706013,34.53317514792553],[-117.87715610403146,34.5331728005199],[-117.87716177820401,34.5337138249584],[-117.87748865725045,34.533711476627495],[-117.87749433368677,34.53425250096718],[-117.8778212148083,34.534250151719995],[-117.87782405414038,34.53452066384492],[-117.87913158248031,34.53451125800779]],[[-117.87149209251373,34.522933098713175],[-117.87148645729212,34.52239207249601],[-117.87083278656043,34.522396734824206],[-117.87083841755995,34.52293776112221],[-117.87149209251373,34.522933098713175]]]},"id":"2_+5235+4309","properties":{"count":1656,"date":"2023-07-12","thr":1,"threshold":"TOP2"}},{"type":"Feature","geometry":{"geodesic":false,"type":"Polygon","coordinates":[[[-117.86637025160397,34.56490206223167],[-117.86636744613838,34.564631550627766],[-117.86604044519056,34.56463387099411],[-117.86604324959613,34.56490438262496],[-117.86637025160397,34.56490206223167]]]},"id":"2_+5238+4116","properties":{"count":1,"date":"2023-07-12","thr":1,"threshold":"TOP2"}},{"type":"Feature","geometry":{"geodesic":false,"type":"Polygon","coordinates":[[[-117.86680428008052,34.512145115562674],[-117.86678467142093,34.510251517905175],[-117.8664578830684,34.51025383620539],[-117.86645508303764,34.50998332218502],[-117.86514793349929,34.50999258658241],[-117.86515072930798,34.5102631007016],[-117.86482394076681,34.51026541463601],[-117.86483232525539,34.511076956984574],[-117.86515911695864,34.51107464297831],[-117.86516191291106,34.51134515704359],[-117.86548870563837,34.511342842139],[-117.86549150268675,34.511613356168354],[-117.86581829642915,34.51161104037443],[-117.86582109457348,34.511881554367854],[-117.86614788933097,34.51187923766663],[-117.86615068856226,34.5121497516331],[-117.86680428008052,34.512145115562674]]]},"id":"2_+5239+4318","properties":{"count":36,"date":"2023-07-12","thr":1,"threshold":"TOP2"}},{"type":"Feature","geometry":{"geodesic":false,"type":"Polygon","coordinates":[[[-117.86569382182097,34.56274260857906],[-117.86568821575868,34.56220158507481],[-117.86536122427012,34.56220390347384],[-117.86535562047158,34.56166287987078],[-117.86502863105812,34.561665197353534],[-117.8650398345589,34.562747244613554],[-117.86569382182097,34.56274260857906]]]},"id":"2_+5241+4127","properties":{"count":6,"date":"2023-07-12","thr":1,"threshold":"TOP2"}},{"type":"Feature","geometry":{"geodesic":false,"type":"Polygon","coordinates":[[[-117.86598436492146,34.559223635861805],[-117.86597875771831,34.55868261207908],[-117.86532480228354,34.558687249164606],[-117.86532200085139,34.558416737210365],[-117.86499502414011,34.55841905441464],[-117.86499782451226,34.558689566395834],[-117.86467084669606,34.55869188274671],[-117.86467364604411,34.55896239473689],[-117.86532760375161,34.55895776110987],[-117.86533040525563,34.559228273037164],[-117.86598436492146,34.559223635861805]]]},"id":"2_+5241+4139","properties":{"count":7,"date":"2023-07-12","thr":1,"threshold":"TOP2"}},{"type":"Feature","geometry":{"geodesic":false,"type":"Polygon","coordinates":[[[-117.86536567227824,34.4994402126214],[-117.86536008156816,34.498899183448785],[-117.86470659318547,34.498903810239625],[-117.86470379999986,34.49863329559044],[-117.86405031358449,34.49863791884191],[-117.86405868693396,34.49944946290626],[-117.86536567227824,34.4994402126214]]]},"id":"2_+5242+4360","properties":{"count":10,"date":"2023-07-12","thr":1,"threshold":"TOP2"}},{"type":"Feature","geometry":{"geodesic":false,"type":"Polygon","coordinates":[[[-117.8642267870112,34.578984881698666],[-117.86422398701636,34.57871437056188],[-117.8638969307413,34.578716686014445],[-117.86389972967613,34.57898719716919],[-117.8642267870112,34.578984881698666]]]},"id":"2_+5245+4064","properties":{"count":1,"date":"2023-07-12","thr":1,"threshold":"TOP2"}},{"type":"Feature","geometry":{"geodesic":false,"type":"Polygon","coordinates":[[[-117.86649092194574,34.576534049700996],[-117.86647969388504,34.5754520053066],[-117.86615265058165,34.57545432660719],[-117.8661470388959,34.57491330429771],[-117.8654929564124,34.574917944176995],[-117.86549576012627,34.57518845538564],[-117.86516871776611,34.5751907740362],[-117.8651715204559,34.57546128525383],[-117.86484447700879,34.57546360305099],[-117.86484167537901,34.57519309180642],[-117.86451463294699,34.57519540870526],[-117.86451183242215,34.57492489742476],[-117.86418479101421,34.57492721341631],[-117.86417639281733,34.57411567943105],[-117.8638493545535,34.57411799447937],[-117.8638465562924,34.573847483109034],[-117.86351951904366,34.57384979725904],[-117.86352231625374,34.574120308656326],[-117.86286823952844,34.57412493437817],[-117.86287382981631,34.574665957235624],[-117.86254678927973,34.574668268834415],[-117.86254958341756,34.574938780258655],[-117.86287662501415,34.5749364686419],[-117.86288501083224,34.57574800279783],[-117.8625579660646,34.575750314486456],[-117.86256076034616,34.57602082587476],[-117.8628878061828,34.57601851415919],[-117.86289619244106,34.576830048171395],[-117.86256914343338,34.57683235994985],[-117.86257752686195,34.577643893917134],[-117.8622504746383,34.5776462048871],[-117.86225606165631,34.57818722751998],[-117.86160195286115,34.578191846926664],[-117.86159357874811,34.57738031282463],[-117.86126652747667,34.57738262114457],[-117.86126373723754,34.57711210972931],[-117.86093668698119,34.57711441715094],[-117.86093389784698,34.57684390569975],[-117.85929865131735,34.57685542954872],[-117.85930143516946,34.57712594111669],[-117.85603092874327,34.577148923336445],[-117.85602815549127,34.576878411543895],[-117.85471995612778,34.57688757980358],[-117.85472549419659,34.57742860356834],[-117.85439844214362,34.577430893490785],[-117.85440397824512,34.57797191725554],[-117.85571219470354,34.57796275213097],[-117.85570942240376,34.57769224034741],[-117.85603647536404,34.57768994689459],[-117.85603924872383,34.577960458660186],[-117.85636630271716,34.57795816430905],[-117.85636352828838,34.577687652570404],[-117.85669058117679,34.57768535736587],[-117.8566878057329,34.57741484564519],[-117.85701485752537,34.57741254958725],[-117.85701763402926,34.57768306128997],[-117.85767173962641,34.57767846650611],[-117.85767451828627,34.57794897815492],[-117.85865567958355,34.57794207933609],[-117.85866124337113,34.57848310245406],[-117.85898829917906,34.57848080105115],[-117.8589938652304,34.57902182407031],[-117.85997503878968,34.579014914462704],[-117.85997782504928,34.579285425886944],[-117.8612860601747,34.57927620071898],[-117.86128326968405,34.57900568938457],[-117.86291855745533,34.578994138325626],[-117.86290737465175,34.57791209334732],[-117.86388853416139,34.57790515246936],[-117.86388013791385,34.57709361881649],[-117.86584243685579,34.57707971383014],[-117.86583963183038,34.576809202729294],[-117.86616668046078,34.576806882192265],[-117.86616387441128,34.5765363711004],[-117.86649092194574,34.576534049700996]]]},"id":"2_+5246+4082","properties":{"count":227,"date":"2023-07-12","thr":1,"threshold":"TOP2"}},{"type":"Feature","geometry":{"geodesic":false,"type":"Polygon","coordinates":[[[-117.86324579484871,34.51568725377396],[-117.8632402144423,34.51514622574221],[-117.8629134066772,34.515148534852656],[-117.86291898497255,34.51568956293831],[-117.86324579484871,34.51568725377396]]]},"id":"2_+5246+4299","properties":{"count":2,"date":"2023-07-12","thr":1,"threshold":"TOP2"}},{"type":"Feature","geometry":{"geodesic":false,"type":"Polygon","coordinates":[[[-117.86357547022486,34.579260022932075],[-117.86357267230512,34.57898951175937],[-117.86324561489819,34.578991825478184],[-117.86324841175792,34.579262336668855],[-117.86357547022486,34.579260022932075]]]},"id":"2_+5247+4063","properties":{"count":1,"date":"2023-07-12","thr":1,"threshold":"TOP2"}},{"type":"Feature","geometry":{"geodesic":false,"type":"Polygon","coordinates":[[[-117.86469604219398,34.56112649021813],[-117.86469044293194,34.560585466417436],[-117.86436345767768,34.56058778205865],[-117.86435506223864,34.5597762462049],[-117.86402808011951,34.55977856089389],[-117.86402528277469,34.55950804889473],[-117.86271735816094,34.55951729882924],[-117.86271456508312,34.559246786722284],[-117.86238758489537,34.559249096991564],[-117.86238200097655,34.5587080726968],[-117.8620550228639,34.558710382049796],[-117.86205223201391,34.55843986986199],[-117.86172525492535,34.55844217830769],[-117.86172246518028,34.55817166608396],[-117.86139548910681,34.55817397363134],[-117.8613927004577,34.557903461371666],[-117.86008480004455,34.55791268273077],[-117.86009315342447,34.558724219752335],[-117.8604201317617,34.55872191565448],[-117.86042570298733,34.55926294022772],[-117.86075268339965,34.5592606352046],[-117.8607554701174,34.55953114745529],[-117.86108245155381,34.559528841533854],[-117.86107966376707,34.5592583293191],[-117.86140664410753,34.55925602254426],[-117.86140943295429,34.559526534750034],[-117.86173641430985,34.559524227076885],[-117.86175036436468,34.560876787773374],[-117.86207735098436,34.56087447911208],[-117.86208293338504,34.561415503254125],[-117.86240992207983,34.56141319367655],[-117.86241550674426,34.56195421772877],[-117.86274249751416,34.561951907225925],[-117.86274808445133,34.56249293117933],[-117.86307507729634,34.56249061975122],[-117.86307228275427,34.56222010780596],[-117.86372626623444,34.562215482380566],[-117.86372346960829,34.56194497046225],[-117.86405046023445,34.561942656455976],[-117.8640420674095,34.56113112071002],[-117.86469604219398,34.56112649021813]]]},"id":"2_+5256+4141","properties":{"count":100,"date":"2023-07-12","thr":1,"threshold":"TOP2"}},{"type":"Feature","geometry":{"geodesic":false,"type":"Polygon","coordinates":[[[-117.86073596382084,34.557637561484874],[-117.86072481818057,34.55655551209584],[-117.86039784835039,34.55655781687642],[-117.8603950630969,34.55628730447302],[-117.86006809428181,34.55628960836426],[-117.86007087848428,34.556560120785626],[-117.85941693864426,34.55656472598097],[-117.85941972076263,34.55683523843827],[-117.85974669176062,34.55683293625383],[-117.85974947497493,34.557103448684174],[-117.860076446997,34.557101145601415],[-117.86008201566243,34.5576421703633],[-117.86073596382084,34.557637561484874]]]},"id":"2_+5256+4147","properties":{"count":12,"date":"2023-07-12","thr":1,"threshold":"TOP2"}},{"type":"Feature","geometry":{"geodesic":false,"type":"Polygon","coordinates":[[[-117.85950320166013,34.56495060653385],[-117.8594948520621,34.564139070221955],[-117.85884085280752,34.56414367320744],[-117.85884363384791,34.56441418536829],[-117.85818963232057,34.56441878489527],[-117.85819241128586,34.56468929709205],[-117.8578654094038,34.56469159556646],[-117.85786818734499,34.56496210777223],[-117.85950320166013,34.56495060653385]]]},"id":"2_+5260+4118","properties":{"count":11,"date":"2023-07-12","thr":1,"threshold":"TOP2"}},{"type":"Feature","geometry":{"geodesic":false,"type":"Polygon","coordinates":[[[-117.85822298232041,34.56766493045724],[-117.85821464431965,34.56685339423518],[-117.85788763397545,34.56685569288924],[-117.8578904122131,34.56712620500519],[-117.85592834300631,34.567139978702755],[-117.85593111492881,34.56741049093548],[-117.8552770894524,34.567415075209055],[-117.85528816903954,34.56849712422079],[-117.8549611520029,34.56849941513138],[-117.854963920934,34.56876992737308],[-117.8546369028104,34.56877221743925],[-117.85463967071742,34.56904272968995],[-117.85431265149786,34.56904501890271],[-117.8543154183808,34.56931553117137],[-117.85398839806531,34.56931781952176],[-117.85399116393316,34.569588331799395],[-117.85366414251273,34.569590619305366],[-117.8536669073565,34.56986113159199],[-117.8533398848491,34.569863418244566],[-117.8533426486688,34.570133930540166],[-117.85301562506547,34.57013621633934],[-117.85302667648145,34.57121826550379],[-117.85335370432483,34.571215979614784],[-117.85335646832418,34.57148649184751],[-117.85401052601418,34.571481917401506],[-117.8540077598948,34.571211405213695],[-117.8543347876214,34.57120911669263],[-117.85433202047794,34.570938604513806],[-117.8549860737123,34.5709340248935],[-117.85498884297577,34.571204537036394],[-117.85596992572438,34.57119766097188],[-117.85597269820381,34.57146817302494],[-117.85793486905497,34.57145439711751],[-117.85792097527062,34.57010183741816],[-117.85759395217933,34.57010413547933],[-117.85758561953251,34.569292599436935],[-117.85725859958532,34.56929489655489],[-117.85724749414466,34.56821284824383],[-117.85757450986078,34.5682105512247],[-117.857568955245,34.56766952703774],[-117.85822298232041,34.56766493045724]]]},"id":"2_+5263+4108","properties":{"count":163,"date":"2023-07-12","thr":1,"threshold":"TOP2"}},{"type":"Feature","geometry":{"geodesic":false,"type":"Polygon","coordinates":[[[-117.85911390959015,34.52707879479668],[-117.8591027976367,34.5259967395147],[-117.8571416940919,34.5260105184225],[-117.857144465691,34.52628103239796],[-117.85681761391741,34.52628332585078],[-117.85682315510337,34.52682435381067],[-117.857150008988,34.52682206031293],[-117.85715278069489,34.52709257425246],[-117.8574796356036,34.52709027986539],[-117.85748240840643,34.52736079376898],[-117.85780926433023,34.52735849848359],[-117.85781203822901,34.52762901235125],[-117.85846575208883,34.5276244191035],[-117.85846297607901,34.52735390528076],[-117.85878983189501,34.5273516073723],[-117.85878705487009,34.52708109355854],[-117.85911390959015,34.52707879479668]]]},"id":"2_+5264+4259","properties":{"count":32,"date":"2023-07-12","thr":1,"threshold":"TOP2"}},{"type":"Feature","geometry":{"geodesic":false,"type":"Polygon","coordinates":[[[-117.85581537912272,34.492203044347825],[-117.85580708788824,34.49139149757056],[-117.85515365644078,34.49139607240284],[-117.85516194134213,34.492207619323835],[-117.85483522240243,34.4922099055003],[-117.85484074373564,34.492750936765994],[-117.85451402264896,34.49275322211601],[-117.85452230177414,34.49356476899209],[-117.85419557748048,34.49356705353362],[-117.85420661261001,34.4946491159572],[-117.85518679803147,34.494642259422065],[-117.855178512133,34.49383071283345],[-117.85550523736988,34.49382842565087],[-117.8554886602459,34.49220533227601],[-117.85581537912272,34.492203044347825]]]},"id":"2_+5269+4387","properties":{"count":32,"date":"2023-07-12","thr":1,"threshold":"TOP2"}},{"type":"Feature","geometry":{"geodesic":false,"type":"Polygon","coordinates":[[[-117.8588130460418,34.625013212213716],[-117.85880747160918,34.624472193254945],[-117.85848023543751,34.62447449684076],[-117.8584774493396,34.624203987311965],[-117.85585956716172,34.624222384180165],[-117.85586234477054,34.62449289387963],[-117.85520787173549,34.624497484369556],[-117.85521064725124,34.62476799410496],[-117.85488340961531,34.62477028806084],[-117.85489728245993,34.62612283669295],[-117.85587901117808,34.62611595186986],[-117.8558817890474,34.62638646148849],[-117.85751800815605,34.626374969107495],[-117.85752079136138,34.62664547860036],[-117.85784803613892,34.62664317747593],[-117.8578424676262,34.626102158517156],[-117.85849695281546,34.626097553717074],[-117.85849138020642,34.625556534803216],[-117.85783689926619,34.625561139513465],[-117.8578313310589,34.62502012046486],[-117.8588130460418,34.625013212213716]]]},"id":"2_+5271+3896","properties":{"count":78,"date":"2023-07-12","thr":1,"threshold":"TOP2"}},{"type":"Feature","geometry":{"geodesic":false,"type":"Polygon","coordinates":[[[-117.84998723517077,34.011484398846854],[-117.84997645151563,34.01040224980771],[-117.84965158901633,34.010404494401165],[-117.8496488942232,34.010133957087476],[-117.84932403272101,34.01013620080956],[-117.8493267264811,34.010406738150195],[-117.84900186390993,34.010408981027865],[-117.84900724948972,34.01095005570914],[-117.84868238482548,34.010952297787306],[-117.84869853623785,34.0125755216784],[-117.84934827789121,34.012571036399166],[-117.84934288982309,34.01202996190654],[-117.84966775853873,34.012027718031746],[-117.84966236855719,34.01148664353912],[-117.84998723517077,34.011484398846854]]]},"id":"2_+5272+6166","properties":{"count":25,"date":"2023-07-12","thr":1,"threshold":"TOP2"}},{"type":"Feature","geometry":{"geodesic":false,"type":"Polygon","coordinates":[[[-117.85490424973938,34.498972792813525],[-117.85489044242685,34.497620215956346],[-117.8545637023498,34.49762250171958],[-117.85454438105228,34.495728893452984],[-117.85389091554968,34.495733462041976],[-117.85389918955448,34.49654500864856],[-117.85357245359171,34.49654729169889],[-117.85357796766651,34.49708832275796],[-117.85325122954778,34.49709060498184],[-117.85325398558805,34.49736112051138],[-117.85260050714074,34.49736568238097],[-117.8526032611059,34.49763619795543],[-117.85227652076833,34.49763847760114],[-117.85227927371841,34.4979089931756],[-117.85195253228488,34.497911271976896],[-117.85196078818862,34.49872281870924],[-117.85163404355711,34.49872509670205],[-117.85164229661318,34.49953664338949],[-117.85458302545291,34.4995161093933],[-117.85457750438023,34.49897507869355],[-117.85490424973938,34.498972792813525]]]},"id":"2_+5273+4371","properties":{"count":85,"date":"2023-07-12","thr":1,"threshold":"TOP2"}},{"type":"Feature","geometry":{"geodesic":false,"type":"Polygon","coordinates":[[[-117.8549251592673,34.56498275483936],[-117.85491131755828,34.56363019263371],[-117.85458431954794,34.563632482259706],[-117.85458155237754,34.56336196975749],[-117.8542545553913,34.563364258485166],[-117.85425732150169,34.56363477100535],[-117.85360332529238,34.56363934587356],[-117.8536088533899,34.564180370976814],[-117.85328185311582,34.56418265714429],[-117.85328461616295,34.564453169700414],[-117.85295761479293,34.564455455014496],[-117.85296313888395,34.56499648013571],[-117.85263613534899,34.56499876462334],[-117.8526416574727,34.565539789735574],[-117.85362267429393,34.565532933514845],[-117.85361991004307,34.565262421030596],[-117.85427391895453,34.56525784589289],[-117.85427115261957,34.56498733343559],[-117.8549251592673,34.56498275483936]]]},"id":"2_+5274+4121","properties":{"count":34,"date":"2023-07-12","thr":1,"threshold":"TOP2"}},{"type":"Feature","geometry":{"geodesic":false,"type":"Polygon","coordinates":[[[-117.85251065233697,34.520632258256796],[-117.85246380479965,34.51603350917565],[-117.85181018045695,34.516038068961144],[-117.8518184405648,34.51684961331296],[-117.85214525592068,34.51684733378403],[-117.85214801041585,34.51711784852305],[-117.85182119399995,34.51712012806995],[-117.85185974603581,34.52090733341014],[-117.85218657723797,34.52090505353985],[-117.85218382223076,34.52063453898049],[-117.85251065233697,34.520632258256796]]]},"id":"2_+5280+4296","properties":{"count":34,"date":"2023-07-12","thr":1,"threshold":"TOP2"}},{"type":"Feature","geometry":{"geodesic":false,"type":"Polygon","coordinates":[[[-117.85224899331578,34.494933321146924],[-117.85224624076996,34.49466280542874],[-117.8519195120027,34.49466508395155],[-117.85191676055281,34.49439456820642],[-117.85159003280063,34.49439684583092],[-117.85158728244669,34.49412633004986],[-117.85191400913885,34.49412405244332],[-117.85190850641875,34.49358302089016],[-117.85125505721159,34.493587575124074],[-117.85125780644263,34.493858090959044],[-117.85093108072964,34.4938603667959],[-117.85093657719747,34.49440139845685],[-117.8506098493375,34.49440367346726],[-117.85061534383802,34.49494470513719],[-117.85094207380904,34.49494243008187],[-117.85094482216871,34.49521294587192],[-117.85061809113769,34.495215220945205],[-117.85062633327924,34.49602676831536],[-117.85095306746334,34.49602449317919],[-117.85095581597574,34.49629500892433],[-117.85128255118393,34.49629273288085],[-117.8512798016205,34.49602221716267],[-117.85160653573276,34.496019940274785],[-117.85160378515424,34.49574942456558],[-117.85193051817951,34.4957471468243],[-117.8519222634885,34.49493559968771],[-117.85224899331578,34.494933321146924]]]},"id":"2_+5281+4379","properties":{"count":31,"date":"2023-07-12","thr":1,"threshold":"TOP2"}},{"type":"Feature","geometry":{"geodesic":false,"type":"Polygon","coordinates":[[[-117.84676005399666,34.013671106468905],[-117.84675736804294,34.01340056910132],[-117.84643249385657,34.013402805367384],[-117.84643517877721,34.01367334276192],[-117.84676005399666,34.013671106468905]]]},"id":"2_+5281+6154","properties":{"count":1,"date":"2023-07-12","thr":1,"threshold":"TOP2"}},{"type":"Feature","geometry":{"geodesic":false,"type":"Polygon","coordinates":[[[-117.85186800812893,34.52171887710619],[-117.85186250002792,34.52117784798747],[-117.85120883541374,34.52118240514989],[-117.8512143392837,34.521723434358435],[-117.85186800812893,34.52171887710619]]]},"id":"2_+5282+4277","properties":{"count":4,"date":"2023-07-12","thr":1,"threshold":"TOP2"}},{"type":"Feature","geometry":{"geodesic":false,"type":"Polygon","coordinates":[[[-117.85441505087931,34.57905396464133],[-117.85441228266686,34.57878345281285],[-117.8540852252779,34.57878574197172],[-117.85408245816139,34.57851523010731],[-117.8537554017965,34.57851751836787],[-117.85374710384264,34.57770598263988],[-117.85342005062185,34.577708269957206],[-117.8534172857691,34.57743775799398],[-117.85276318133077,34.57744232995165],[-117.85276041863398,34.57717181793452],[-117.85210631616296,34.57717638634385],[-117.85210907674872,34.57744689840589],[-117.85145497201394,34.5774514633567],[-117.8514577305156,34.5777219754457],[-117.85047656996392,34.577728816368115],[-117.8504572834941,34.575835230963634],[-117.85078432963616,34.57583295169521],[-117.85078157351504,34.575562439471476],[-117.85110861856114,34.575560159349656],[-117.85110586141595,34.5752896471349],[-117.85175994927137,34.57528508430411],[-117.85175719004208,34.57501457212528],[-117.85208423286036,34.57501228941632],[-117.85208147261598,34.57474177724648],[-117.85240851432934,34.57473949368411],[-117.85240023063173,34.57392795716561],[-117.85207319208942,34.57393024065611],[-117.85207043198876,34.573659728441356],[-117.85174339447053,34.57366201103354],[-117.85173511756417,34.57285047422758],[-117.85140808319005,34.57285275587653],[-117.85140532535314,34.57258224356296],[-117.84911609108532,34.572598190393],[-117.84911884151113,34.57286870286827],[-117.84846477212507,34.57287325126313],[-117.84846752046678,34.57314376377433],[-117.84781344881696,34.57314830871068],[-117.84781619508357,34.57341882125781],[-117.84748915814026,34.57342109243241],[-117.84749190338279,34.57369160498853],[-117.84716486534353,34.57369387530973],[-117.84717309809768,34.574505412960114],[-117.84684605685143,34.57450768248181],[-117.84685154341983,34.57504870756709],[-117.8471785867861,34.57504643800048],[-117.8471813311842,34.575316950502696],[-117.84750837557455,34.575314680046745],[-117.8475111210686,34.57558519251303],[-117.84816521184355,34.57558064890619],[-117.8481707071795,34.576121673713],[-117.84784365968997,34.5761239460015],[-117.84784640635183,34.576394458404906],[-117.84719230914494,34.5763990003858],[-117.84718956459413,34.57612848793748],[-117.84620842168536,34.576135294274756],[-117.84621116304716,34.576405806794945],[-117.84588411428201,34.576408073846274],[-117.84588685461975,34.576678586375444],[-117.84555980475865,34.576680852573375],[-117.84556528343984,34.57722187764069],[-117.84523823141382,34.577224143012174],[-117.84524644652505,34.578035680599676],[-117.84491939129205,34.57803794515369],[-117.84492760355563,34.57884948269627],[-117.84688995348594,34.57883588179863],[-117.84689269733607,34.579106394157115],[-117.84754681580608,34.5791018534698],[-117.84754956181217,34.5793723657654],[-117.84820368225849,34.57936782152974],[-117.84820643042053,34.57963833376246],[-117.84886055283414,34.57963378597846],[-117.84886330315214,34.57990429815728],[-117.85049861383946,34.57989291323276],[-117.8504958582214,34.57962240117072],[-117.85114998012297,34.57961784111573],[-117.85114722242979,34.57934732908063],[-117.85180134206762,34.57934276556712],[-117.85179858229034,34.579072253567965],[-117.85277975828407,34.579065401784916],[-117.85278252124137,34.579335913721195],[-117.85409075962768,34.57932676565563],[-117.85408799243932,34.579056253818166],[-117.85441505087931,34.57905396464133]]]},"id":"2_+5290+4087","properties":{"count":419,"date":"2023-07-12","thr":1,"threshold":"TOP2"}},{"type":"Feature","geometry":{"geodesic":false,"type":"Polygon","coordinates":[[[-117.84993537558213,34.588824362666415],[-117.8499271115756,34.588012827504365],[-117.84960001765215,34.58801510517379],[-117.84959726411817,34.58774459340819],[-117.84927017120982,34.58774687017929],[-117.84926741877179,34.587476358377764],[-117.8489403268965,34.58747863425055],[-117.84893482423928,34.586937610557655],[-117.84828064461196,34.58694215958134],[-117.84827789546176,34.58667164767201],[-117.84795080664973,34.586673920849854],[-117.84795355473992,34.58694443277715],[-117.84762646483193,34.586946705101596],[-117.84762921190702,34.58721721703787],[-117.8473021209031,34.587219488508914],[-117.84730486694512,34.587490000454174],[-117.84697777484526,34.587492271071824],[-117.84698326492607,34.588033294989295],[-117.84502069884313,34.588046900522244],[-117.84502891515811,34.58885843671735],[-117.84535601277364,34.58885617124706],[-117.84535875268017,34.58912668326418],[-117.84470455528418,34.58913121336935],[-117.8447127688593,34.589942749483605],[-117.84503987075081,34.589940484794845],[-117.84504260975004,34.59021099678502],[-117.84471550678954,34.590213261491755],[-117.84472645887881,34.59129530942551],[-117.84505356607038,34.59129304462895],[-117.84505904445511,34.591834068474554],[-117.84473193514353,34.59183633331603],[-117.84474562643864,34.593188892826745],[-117.84507274105029,34.59318662787747],[-117.84508095944936,34.59399816337189],[-117.84540807720511,34.59399589747041],[-117.8454135584465,34.59453692102855],[-117.84574067828635,34.594534654201794],[-117.8457461617825,34.59507567767011],[-117.84738177104286,34.59506433017839],[-117.84737902397676,34.594793818565506],[-117.84770614465204,34.59479154646564],[-117.8477006485076,34.59425052324885],[-117.8480277670359,34.594248250313555],[-117.84801677092919,34.59316620383507],[-117.84834388518152,34.593163930109256],[-117.84833563531446,34.59235239518975],[-117.84768141314294,34.592356941617304],[-117.84767866537614,34.59208642991459],[-117.847351555292,34.59208870178987],[-117.84734880863013,34.59181819004224],[-117.84702169957008,34.59182046101921],[-117.84701895400416,34.59154994923565],[-117.84669184596817,34.5915522193143],[-117.84666165877475,34.58857658867999],[-117.8469887551506,34.588574318852864],[-117.84698601001587,34.58830380692557],[-117.84764020053976,34.58829926468417],[-117.84764294778552,34.58856977656655],[-117.84797004405357,34.58856750410736],[-117.84797279240426,34.588838015953804],[-117.84862698694361,34.588833468367426],[-117.84862973744129,34.58910398015099],[-117.84961103215636,34.58909715212838],[-117.84960827847866,34.588826640407696],[-117.84993537558213,34.588824362666415]],[[-117.84600746591525,34.588581125702184],[-117.84600472396056,34.58831061370302],[-117.84567762853692,34.588312880880125],[-117.8456803694316,34.58858339289725],[-117.84600746591525,34.588581125702184]]]},"id":"2_+5294+4035","properties":{"count":231,"date":"2023-07-12","thr":1,"threshold":"TOP2"}},{"type":"Feature","geometry":{"geodesic":false,"type":"Polygon","coordinates":[[[-117.8491104659518,34.53986381817271],[-117.84909947812756,34.538781762342765],[-117.84877257681188,34.538784034972636],[-117.84876433950328,34.53797249290254],[-117.84843744132273,34.53797476458918],[-117.84843469669106,34.537704250523895],[-117.8481077995256,34.537706521312224],[-117.84810231247211,34.53716549309182],[-117.84777541739075,34.53716776296386],[-117.84777267497792,34.53689724880874],[-117.84744578092064,34.53689951778247],[-117.84746222962146,34.53852260265928],[-117.84778913002086,34.5385203335508],[-117.84781107213523,34.540684445848505],[-117.84846488974149,34.54067990463118],[-117.84846763478639,34.5409504185707],[-117.84879454459113,34.54094814663254],[-117.84878356041405,34.5398660909014],[-117.8491104659518,34.53986381817271]]]},"id":"2_+5294+4219","properties":{"count":45,"date":"2023-07-12","thr":1,"threshold":"TOP2"}},{"type":"Feature","geometry":{"geodesic":false,"type":"Polygon","coordinates":[[[-117.84869021852103,34.53066860931301],[-117.84867923990451,34.52958655173135],[-117.84835237449451,34.52958882270831],[-117.84834414408496,34.52877727932668],[-117.84867100632391,34.528775008412595],[-117.84865454015086,34.5271519214517],[-117.84832768425402,34.527154192231045],[-117.8483194548326,34.52634264851703],[-117.8479926020619,34.52634491835314],[-117.84798163424313,34.525262859801295],[-117.84732793704706,34.52526739667077],[-117.84733615652411,34.526078940735125],[-117.84700930469663,34.52608120792121],[-117.84701204354315,34.52635172260633],[-117.84733889642166,34.5263494553933],[-117.84735259645738,34.52770202853145],[-117.84767945458205,34.52769976033028],[-117.84768767820931,34.52851130399937],[-117.84736081691359,34.52851357227241],[-117.84737451841356,34.5298661449165],[-117.84770138499138,34.52986387653566],[-117.84770686795754,34.53040490546572],[-117.84836060522746,34.530400365991134],[-117.84836334887996,34.5306708803888],[-117.84869021852103,34.53066860931301]]]},"id":"2_+5294+4262","properties":{"count":59,"date":"2023-07-12","thr":1,"threshold":"TOP2"}},{"type":"Feature","geometry":{"geodesic":false,"type":"Polygon","coordinates":[[[-117.84837501820212,34.660525503402155],[-117.84836399039385,34.659443468799395],[-117.84770924143228,34.659448023042295],[-117.84771199619695,34.65971853175362],[-117.84672986929158,34.65972535660518],[-117.84673262090315,34.659995865379386],[-117.84640524412717,34.65999813859316],[-117.84641074534709,34.660539156141574],[-117.8467381242431,34.66053688288289],[-117.84674362773576,34.66107790034147],[-117.84772577060419,34.661071075148556],[-117.84772301565087,34.66080056650011],[-117.84805039546316,34.66079828970206],[-117.84804763948577,34.66052778105361],[-117.84837501820212,34.660525503402155]]]},"id":"2_+5297+3766","properties":{"count":26,"date":"2023-07-12","thr":1,"threshold":"TOP2"}},{"type":"Feature","geometry":{"geodesic":false,"type":"Polygon","coordinates":[[[-117.84807725673407,34.59911745706376],[-117.84807175729281,34.59857643428715],[-117.84774462180432,34.59857870759076],[-117.84774187319312,34.59830819615754],[-117.8474147387287,34.59831046856283],[-117.84741199122242,34.598039957093675],[-117.84708485778208,34.598042228600654],[-117.84708211137175,34.59777171709556],[-117.8467549789465,34.59777398769524],[-117.84675223363212,34.597503476163205],[-117.84577083933878,34.597510282644215],[-117.84577358147314,34.597780794248116],[-117.84544644891315,34.597783061335385],[-117.84545467235178,34.59859459614709],[-117.84512753656684,34.59859686242587],[-117.84513027673388,34.59886737402977],[-117.84480313985298,34.598869639464134],[-117.84481409661349,34.59995168582584],[-117.84514123773442,34.59994942030165],[-117.84514671845479,34.6004904433747],[-117.84547386165981,34.60048817692524],[-117.84547660312941,34.60075868841236],[-117.84645803570893,34.60075188374595],[-117.84645529105032,34.60048137233069],[-117.84678243411162,34.60047910236882],[-117.84677968842891,34.600208590962545],[-117.84710683039427,34.60020632015625],[-117.84710408368748,34.59993580874998],[-117.8474312245479,34.599933537090294],[-117.84742847681706,34.599663025701986],[-117.84775561659052,34.59966075317991],[-117.84775011911657,34.59911973041228],[-117.84807725673407,34.59911745706376]]]},"id":"2_+5301+3995","properties":{"count":80,"date":"2023-07-12","thr":1,"threshold":"TOP2"}},{"type":"Feature","geometry":{"geodesic":false,"type":"Polygon","coordinates":[[[-117.84432021431482,34.48633123876066],[-117.84431748825133,34.48606072210823],[-117.84399079236239,34.48606297894572],[-117.84399351736587,34.486333495616115],[-117.84432021431482,34.48633123876066]]]},"id":"2_+5303+4407","properties":{"count":1,"date":"2023-07-12","thr":1,"threshold":"TOP2"}},{"type":"Feature","geometry":{"geodesic":false,"type":"Polygon","coordinates":[[[-117.84480954262213,34.664067123635874],[-117.84480679684061,34.66379661490658],[-117.84447940495497,34.663798883170635],[-117.84447391561976,34.66325786564018],[-117.84414652582718,34.663260132969995],[-117.8441547566859,34.664071659319575],[-117.84480954262213,34.664067123635874]]]},"id":"2_+5308+3752","properties":{"count":4,"date":"2023-07-12","thr":1,"threshold":"TOP2"}},{"type":"Feature","geometry":{"geodesic":false,"type":"Polygon","coordinates":[[[-117.84346909648877,34.5639803216787],[-117.84346636526895,34.56370980841291],[-117.84313936597404,34.563712067379406],[-117.84314209613385,34.56398258067214],[-117.84346909648877,34.5639803216787]]]},"id":"2_+5308+4120","properties":{"count":1,"date":"2023-07-12","thr":1,"threshold":"TOP2"}},{"type":"Feature","geometry":{"geodesic":false,"type":"Polygon","coordinates":[[[-117.84442998670879,34.52961600629475],[-117.84440541059027,34.52718137334711],[-117.8440785542173,34.52718363275378],[-117.84407309537093,34.52664260303319],[-117.84374624107308,34.52664486152358],[-117.84374078449045,34.52610383170418],[-117.84341393226771,34.52610608927828],[-117.84340575082533,34.525294544396466],[-117.84275205261416,34.52529905676888],[-117.84275477760865,34.525569571786384],[-117.84242792739813,34.52557182669249],[-117.84243882351338,34.526653886735545],[-117.84211196903587,34.52665614085114],[-117.84212013834201,34.527467685822785],[-117.84179328065751,34.527469939129894],[-117.84180961389788,34.52909302888455],[-117.84148274983534,34.52909528145504],[-117.84149635659,34.5304478560305],[-117.84182322594361,34.53044560334323],[-117.84182594845876,34.53071611819903],[-117.84215281881848,34.53071386462243],[-117.84215554242958,34.530984379442295],[-117.84313615648217,34.53097761337649],[-117.84313342970901,34.53070709862849],[-117.84346029992501,34.530704841548456],[-117.84345757212776,34.530434326809434],[-117.8437844412568,34.530432068876],[-117.84378171243547,34.53016155414596],[-117.84410858046856,34.53015929535913],[-117.84410312082268,34.529618265908034],[-117.84442998670879,34.52961600629475]]]},"id":"2_+5308+4262","properties":{"count":132,"date":"2023-07-12","thr":1,"threshold":"TOP2"}},{"type":"Feature","geometry":{"geodesic":false,"type":"Polygon","coordinates":[[[-117.84349303636652,34.533951017500435],[-117.84348212364144,34.532868959047406],[-117.84315524496331,34.5328712163071],[-117.84314979093189,34.53233018695482],[-117.84282291432888,34.53233244329824],[-117.84282018842708,34.53206192858617],[-117.84216643723327,34.53206643859602],[-117.84216916102403,34.532336953361984],[-117.84184228431322,34.532339207073335],[-117.84184772989148,34.53288023660528],[-117.84152085103369,34.532882489490184],[-117.84153173839934,34.533964548491184],[-117.84120485527455,34.533966800594555],[-117.84121029706193,34.53450783006361],[-117.84153718229777,34.53450557791533],[-117.8415671263352,34.53748123889473],[-117.8418940231593,34.53747898561457],[-117.84189674661768,34.53774950015596],[-117.84255054227809,34.53774499094561],[-117.84253691477235,34.536392418355426],[-117.84286380726657,34.536390162551],[-117.84285290168307,34.535308104349504],[-117.8431797899103,34.53530584776354],[-117.84316615346631,34.533953274849964],[-117.84349303636652,34.533951017500435]]]},"id":"2_+5310+4237","properties":{"count":91,"date":"2023-07-12","thr":1,"threshold":"TOP2"}},{"type":"Feature","geometry":{"geodesic":false,"type":"Polygon","coordinates":[[[-117.84504182419128,34.493089633590166],[-117.84503909510946,34.49281911728807],[-117.84471237291785,34.492821376434236],[-117.844706916982,34.49228034375819],[-117.84438019686552,34.49228260197908],[-117.84437747000253,34.492012085596144],[-117.84372403178176,34.4920165993879],[-117.84372130706574,34.49174608295106],[-117.84339458895249,34.49174833851294],[-117.84339186532343,34.491477822031186],[-117.8417582794913,34.49148908662637],[-117.84176099783826,34.491759603215925],[-117.84110756114464,34.49176410298498],[-117.84111842646563,34.49284616939708],[-117.84079170384284,34.49284841805991],[-117.8407944192074,34.49311893464946],[-117.84046769549764,34.49312118246786],[-117.8404704098471,34.493391699075374],[-117.8401436850414,34.4933939460314],[-117.84014911173709,34.493934979255414],[-117.83949565779581,34.49393947065217],[-117.839498369091,34.49420998728664],[-117.83851818474751,34.49421671789594],[-117.83852089291656,34.494487234584305],[-117.83786743439389,34.49449171733927],[-117.83786472834485,34.49422120060599],[-117.83721127178947,34.49422567981261],[-117.83720856787843,34.493955163016444],[-117.83622838595143,34.49396187521926],[-117.83623108669141,34.49423239207831],[-117.83590435824753,34.49423462775149],[-117.83591245753,34.49504617833761],[-117.83623918913595,34.49504394259257],[-117.83624189001966,34.49531445940669],[-117.83656862264071,34.49531222276334],[-117.83657672868749,34.496123773061996],[-117.83624999289539,34.49612600976824],[-117.83626890086906,34.49801962686528],[-117.83594215766585,34.49802186285287],[-117.8359475581487,34.49856289624757],[-117.83562081279852,34.49856513140871],[-117.83562621132305,34.499106164794426],[-117.83497271628384,34.49911063258346],[-117.8349619278227,34.498028565578466],[-117.83463518446679,34.49803079808059],[-117.83462979256286,34.497489764461314],[-117.83430305128206,34.49749199603818],[-117.83430035643502,34.49722147918811],[-117.8346270966648,34.49721924762922],[-117.83462440079369,34.496948730788134],[-117.83495113992751,34.49694649838482],[-117.83494574619999,34.49640546471165],[-117.83429227211849,34.49640992856606],[-117.83429496685773,34.49668044545206],[-117.83364149052146,34.49668490584795],[-117.83363879789326,34.49641438891704],[-117.83331206072674,34.49641661778099],[-117.83330667769816,34.49587558383832],[-117.83297994260676,34.49587781178599],[-117.8329772521974,34.49560729477423],[-117.83265051812107,34.49560952182358],[-117.83265320747941,34.49588003886229],[-117.83232647231613,34.49588226505824],[-117.83233184902056,34.496423299144645],[-117.83200511171032,34.49642552451415],[-117.83201048644744,34.496966558591566],[-117.83168374699022,34.49696878313462],[-117.83168643335716,34.497239300173334],[-117.83135969281298,34.49724152386299],[-117.83136237816483,34.49751204091966],[-117.8310356365247,34.49751426375592],[-117.83103295223286,34.49724374668128],[-117.83070621161681,34.4972459686282],[-117.83070352841195,34.49697545151762],[-117.8300500491741,34.496979892743475],[-117.83004468710322,34.49643885840554],[-117.82971794954145,34.49644107765752],[-117.82971526960645,34.49617056044813],[-117.82938853306875,34.496172778810774],[-117.8293858542297,34.495902261565455],[-117.8290591187071,34.49590447902978],[-117.82906179649513,34.49617499629307],[-117.82873505988556,34.49617721291298],[-117.82873238315754,34.49590669562274],[-117.82840564756307,34.49590891133536],[-117.82840832323109,34.496179428652546],[-117.827428113079,34.49618607063406],[-117.82743078562088,34.496456587996164],[-117.82710404778062,34.49645880026823],[-117.8271067193074,34.4967293176483],[-117.82677998037119,34.49673152906697],[-117.82677730989545,34.496461011659946],[-117.82645057198333,34.496463222189284],[-117.82643722544366,34.495110634884696],[-117.82611049275972,34.49511284442589],[-117.82611316094477,34.49538336193172],[-117.82578642717388,34.49538557061951],[-117.82579442877355,34.49619712312803],[-117.82546769180466,34.49619933100733],[-117.82547302426707,34.49674036600103],[-117.8251462851512,34.496742573044905],[-117.82514895038977,34.49701309054175],[-117.82318850862485,34.497026314632066],[-117.82319116756624,34.49729683225468],[-117.8228644260878,34.49729903322594],[-117.82287239994749,34.4981105860848],[-117.82254565527106,34.49811278625656],[-117.82255096923716,34.49865382147484],[-117.82222422242273,34.49865602081117],[-117.82222687840864,34.4989265384248],[-117.82190013049828,34.49892873691671],[-117.82190278546013,34.49919925453932],[-117.8215760364538,34.49920145217783],[-117.82157869040054,34.499471969818416],[-117.82778693538151,34.499430064856696],[-117.8277922834746,34.499971099248526],[-117.82746553194401,34.499973312679415],[-117.82746820498895,34.50024382987982],[-117.82714145237141,34.50024604245732],[-117.82715481285292,34.501598628369514],[-117.82682805491736,34.501600840192424],[-117.82683072606685,34.5018713573569],[-117.82650396704432,34.50187356832641],[-117.82650129695485,34.501603051134985],[-117.8261745389564,34.50160526120618],[-117.82616920098731,34.501064226742486],[-117.8264959568837,34.501062016716205],[-117.82648794702853,34.50025046499821],[-117.82550768875369,34.50025709224735],[-117.82551035550144,34.500527609573524],[-117.82518360161727,34.5005298169318],[-117.82518626734092,34.500800334257974],[-117.8248595123698,34.500802540762855],[-117.82486484181386,34.50134357543316],[-117.82453808469576,34.501345781111596],[-117.82454607597379,34.50215733308112],[-117.82487283626294,34.50215512733981],[-117.82488083102642,34.50296667913866],[-117.8265146477705,34.502955636966334],[-117.82651731803963,34.503226154094875],[-117.82684408233527,34.50322394301757],[-117.82684942509236,34.503764977202785],[-117.82717619146311,34.503762765209196],[-117.82717886395109,34.504033282256884],[-117.82783239869583,34.50402885560171],[-117.82783507333077,34.50429937258652],[-117.82816184170476,34.50429715793392],[-117.82816451743565,34.50456767489178],[-117.82914482551308,34.504561025589],[-117.82914214662011,34.504290508703],[-117.82881537835392,34.50429272598767],[-117.82881270055691,34.50402220905676],[-117.82848593330581,34.504024425443106],[-117.82848325659576,34.503753908485244],[-117.82815649036874,34.50375612397328],[-117.82814311263058,34.50240353887855],[-117.82912339538451,34.50239689012374],[-117.82912071677902,34.50212637312995],[-117.82944747657409,34.50212415515358],[-117.82943675828935,34.501042087169424],[-117.82976351381743,34.501039868402536],[-117.82975011149237,34.499687283253905],[-117.82942336122842,34.49968950190401],[-117.82942068193123,34.49941898482039],[-117.8424906219986,34.4993295581986],[-117.84249334350764,34.49960007438391],[-117.84282009232531,34.49959782078935],[-117.84281736975626,34.499327304622],[-117.84314411747799,34.49932505017403],[-117.84314139389384,34.49905453401567],[-117.84281464722315,34.49905678844568],[-117.84281192473495,34.49878627225138],[-117.84313867034564,34.49878401784833],[-117.84313322335701,34.49824298547771],[-117.84345996682072,34.498240730239225],[-117.84344906906156,34.49715866544408],[-117.84377580826725,34.497156409424065],[-117.84376490686992,34.496074344521126],[-117.84343817187732,34.496076600442336],[-117.8434327235053,34.495535567874086],[-117.84375945638685,34.4955333119978],[-117.84375673119472,34.49526279571367],[-117.84408346298932,34.49526053898398],[-117.8440780106108,34.4947195064337],[-117.84440474024943,34.494717248868575],[-117.84439928591259,34.494176216318294],[-117.84472601341324,34.49417395792672],[-117.84471510094866,34.493091892763275],[-117.84504182419128,34.493089633590166]],[[-117.83886387819011,34.49610809166615],[-117.83885574999087,34.49529654183462],[-117.83852901762135,34.495298784586524],[-117.8385263093445,34.49502826793409],[-117.8372193837292,34.49503723012025],[-117.83722208778397,34.4953077468715],[-117.83754882029722,34.49530550760506],[-117.83755152543895,34.49557602432037],[-117.8378782589673,34.4955737841646],[-117.83788096520497,34.495844300843984],[-117.83820769975739,34.495842059789894],[-117.83821040708203,34.49611257643335],[-117.83886387819011,34.49610809166615]]]},"id":"2_+5310+4387","properties":{"count":1108,"date":"2023-07-12","thr":1,"threshold":"TOP2"}},{"type":"Feature","geometry":{"geodesic":false,"type":"Polygon","coordinates":[[[-117.84478757737612,34.661903053496104],[-117.84477934101973,34.66109152698483],[-117.84412457848461,34.66109606217446],[-117.84412183522736,34.660825553265504],[-117.8437944549749,34.66082781951734],[-117.8437917128136,34.66055731058143],[-117.8431369543209,34.66056184039913],[-117.8431396943442,34.66083234937995],[-117.84215755313765,34.66083913758923],[-117.84216302691405,34.66138015565867],[-117.84183564430799,34.66138241668231],[-117.84184385206203,34.66219394375952],[-117.84315339502672,34.66218489412236],[-117.84315887554945,34.66272591194027],[-117.84446842643726,34.66271684805584],[-117.84446019293752,34.66190532158948],[-117.84478757737612,34.661903053496104]]]},"id":"2_+5311+3762","properties":{"count":50,"date":"2023-07-12","thr":1,"threshold":"TOP2"}},{"type":"Feature","geometry":{"geodesic":false,"type":"Polygon","coordinates":[[[-117.83762102490347,34.00940478888502],[-117.83761571185364,34.00886371247899],[-117.8372908541783,34.008865924346814],[-117.83728819874035,34.008595386107864],[-117.83663848534799,34.008599807220435],[-117.83664379214552,34.00914088378816],[-117.83631893332932,34.009143093104775],[-117.83632689069594,34.009954707920436],[-117.83665175260235,34.00995249854095],[-117.83664909907782,34.009681960302],[-117.83729882071673,34.00967753900078],[-117.83729616517097,34.009407000797765],[-117.83762102490347,34.00940478888502]]]},"id":"2_+5311+6172","properties":{"count":13,"date":"2023-07-12","thr":1,"threshold":"TOP2"}},{"type":"Feature","geometry":{"geodesic":false,"type":"Polygon","coordinates":[[[-117.84205207079206,34.52070480769035],[-117.84204934856437,34.52043429241234],[-117.84172251834137,34.52043654512656],[-117.84171435503598,34.51962499913981],[-117.84204118208793,34.51962274648847],[-117.84200851946098,34.516376561688084],[-117.84168170508426,34.51637881406993],[-117.8416789844915,34.51610829856734],[-117.84135217113887,34.51611055005087],[-117.84135489067161,34.516381065580404],[-117.84102807622303,34.516383316210536],[-117.84103623188376,34.51719486278119],[-117.84070941423717,34.51719711260284],[-117.84072028473246,34.5182791746132],[-117.84039346281888,34.518281423653306],[-117.84041248019837,34.52017503185703],[-117.84073930950508,34.520172782655216],[-117.8407556178621,34.521795874799395],[-117.84108245346602,34.521793624582486],[-117.84109333065375,34.52287568567657],[-117.84043965094787,34.5228801854007],[-117.84044508553974,34.52342121596571],[-117.84011824351288,34.523423464556664],[-117.84012367613745,34.52396449512167],[-117.83979683196361,34.523966742886174],[-117.8398049779944,34.524778288702244],[-117.83947813062257,34.52478053566725],[-117.83950256115114,34.52721517264832],[-117.83982941803613,34.52721292548569],[-117.83984299710471,34.52856550104929],[-117.84049672132211,34.52856100386739],[-117.84049400332549,34.52829048883192],[-117.84082086432477,34.52828823894739],[-117.84081542632828,34.527747208867474],[-117.84114228518058,34.527744958165485],[-117.84113140537876,34.52666289795175],[-117.84145825996406,34.52666064645924],[-117.84144737652406,34.52557858613771],[-117.84177422685134,34.52557633386367],[-117.84175517482385,34.52368272800455],[-117.84142833188969,34.5236849801169],[-117.84142017045279,34.522873434498464],[-117.8417470102159,34.522871182448995],[-117.84172523951803,34.5207070604405],[-117.84205207079206,34.52070480769035]]]},"id":"2_+5312+4296","properties":{"count":190,"date":"2023-07-12","thr":1,"threshold":"TOP2"}},{"type":"Feature","geometry":{"geodesic":false,"type":"Polygon","coordinates":[[[-117.84835020645549,34.65809092526073],[-117.84833917996775,34.657008890217796],[-117.84801181507648,34.657011167572804],[-117.84800905961113,34.656740658762665],[-117.84768169574393,34.65674293521936],[-117.84767618705004,34.65620191750026],[-117.84734882527592,34.65620419303169],[-117.84734056569808,34.65539266630483],[-117.84701320707704,34.655394940893025],[-117.84700770300047,34.65485392296731],[-117.84668034647252,34.65485619662127],[-117.8466748446687,34.65431517860572],[-117.84602013574504,34.654319723191726],[-117.84601738702602,34.65404921412107],[-117.84536268008765,34.654053755149754],[-117.84534620129325,34.65243070017787],[-117.8450188541527,34.652432969241424],[-117.84501610887423,34.65216246000907],[-117.84403407040801,34.65216926185478],[-117.84403132836349,34.651898752550565],[-117.8430492927539,34.65190554641024],[-117.8430520316094,34.65217605578632],[-117.84206999248741,34.65218284181269],[-117.84206725682093,34.65191233237373],[-117.84173991143207,34.65191459259787],[-117.84174264603854,34.652185102063775],[-117.84141529955376,34.6521873614435],[-117.84141803312717,34.6524578709184],[-117.84109068554642,34.65246012943573],[-117.84109341809575,34.65273063891961],[-117.84076606941908,34.65273289658355],[-117.84078519085939,34.65462646281798],[-117.84111254698311,34.654624205001326],[-117.84112074561925,34.655435733129565],[-117.84144810490504,34.6554334743607],[-117.84145083891862,34.655703983691865],[-117.84177819922849,34.65570172402468],[-117.84178093433802,34.655972233319915],[-117.84243565696997,34.65596771130857],[-117.84244386891913,34.65677923898765],[-117.84277123337023,34.65677697658959],[-117.8427739718215,34.65704748576804],[-117.84310133729667,34.657045222471666],[-117.843106816436,34.65758624074772],[-117.84343418400425,34.65758397652608],[-117.84343692469231,34.65785448562368],[-117.84409166185003,34.65784995450342],[-117.84409714759198,34.65839097257286],[-117.84442451824145,34.65838870564729],[-117.84443275031288,34.659200232589754],[-117.84476012411544,34.65919796471197],[-117.84476561447472,34.65973898256581],[-117.84509299037036,34.65973671377175],[-117.84508749788206,34.65919569596282],[-117.84541487161276,34.659193426333324],[-117.845412124358,34.65892291743335],[-117.8463942421365,34.65891610333463],[-117.84639149173765,34.658645594497536],[-117.84802834865013,34.65863422020907],[-117.84802283731518,34.658093202714554],[-117.84835020645549,34.65809092526073]]]},"id":"2_+5315+3794","properties":{"count":377,"date":"2023-07-12","thr":1,"threshold":"TOP2"}},{"type":"Feature","geometry":{"geodesic":false,"type":"Polygon","coordinates":[[[-117.83914183039577,34.49123654777806],[-117.83912557189525,34.48961344683938],[-117.83879886171412,34.48961568998654],[-117.83880427895953,34.49015672373158],[-117.83847756663143,34.4901589660523],[-117.83848568960246,34.49097051663842],[-117.83881240510162,34.49096827425482],[-117.83881511388152,34.49123879106895],[-117.83914183039577,34.49123654777806]]]},"id":"2_+5319+4394","properties":{"count":9,"date":"2023-07-12","thr":1,"threshold":"TOP2"}},{"type":"Feature","geometry":{"geodesic":false,"type":"Polygon","coordinates":[[[-117.84105052769115,34.48608325112792],[-117.84104781220982,34.485812734241925],[-117.84006772650135,34.485819475855585],[-117.8400623019706,34.48527844190393],[-117.83973560876764,34.48528068731485],[-117.83973289761619,34.48501017029411],[-117.83875282096274,34.4850169012268],[-117.83875552895212,34.48528741831043],[-117.83842883560543,34.4852896602269],[-117.8384369566361,34.486101211477774],[-117.8390903496177,34.48609672662973],[-117.83909847728694,34.48690827762908],[-117.83877177765204,34.48691052055166],[-117.83877719417879,34.48745155453925],[-117.83910389592474,34.48744931156277],[-117.83910660529753,34.487719828520625],[-117.83943330805857,34.48771758464583],[-117.83943601851833,34.48798810156776],[-117.84008942604366,34.48798361116813],[-117.84007043881164,34.486089992804466],[-117.84105052769115,34.48608325112792]]]},"id":"2_+5319+4411","properties":{"count":43,"date":"2023-07-12","thr":1,"threshold":"TOP2"}},{"type":"Feature","geometry":{"geodesic":false,"type":"Polygon","coordinates":[[[-117.83907803772165,34.51747886425097],[-117.83907261317295,34.51693783297629],[-117.83874579636179,34.51694007753381],[-117.83873495193562,34.515858014741916],[-117.83906176452469,34.51585577027423],[-117.83905634041615,34.51531473884684],[-117.83872952993812,34.515316983269614],[-117.83872681899328,34.51504646751549],[-117.83840000953933,34.515048711039945],[-117.83839729968145,34.514778195249896],[-117.83774368277679,34.514782679639794],[-117.83774639051465,34.51505319547476],[-117.8374195809529,34.51505543637614],[-117.83742770122001,34.51586698387205],[-117.83775451395282,34.51586474289881],[-117.83775722183441,34.51613525867988],[-117.83743040805058,34.51613749968007],[-117.8374331149081,34.51640801547012],[-117.83677948511261,34.516412494883355],[-117.836782189904,34.516683010709336],[-117.83612855784476,34.516687486664054],[-117.83614207176753,34.51804006584787],[-117.83712253563978,34.518033350258406],[-117.83712524169779,34.518303865994554],[-117.83679841938894,34.518306105422695],[-117.83680653461651,34.51911765261318],[-117.83647970910069,34.51911989122385],[-117.83648241320037,34.51939040696001],[-117.83680923976722,34.519388168313405],[-117.83681465017645,34.51992919968689],[-117.83648782148957,34.519931438378414],[-117.83649863851713,34.521013501071494],[-117.8381328027026,34.52100229845108],[-117.83812196455565,34.519920236207156],[-117.8377951360125,34.51992247838414],[-117.83778971927016,34.5193814471454],[-117.83811654569328,34.51937920500435],[-117.83811383632049,34.51910868939396],[-117.83778701094839,34.51911093150806],[-117.83778430267154,34.51884041586174],[-117.83843795125978,34.518835930798105],[-117.83842982029373,34.518024383904056],[-117.83875664137187,34.518022140137056],[-117.83875121879048,34.517481108862384],[-117.83907803772165,34.51747886425097]]]},"id":"2_+5323+4301","properties":{"count":119,"date":"2023-07-12","thr":1,"threshold":"TOP2"}},{"type":"Feature","geometry":{"geodesic":false,"type":"Polygon","coordinates":[[[-117.83804882218011,34.51261631095376],[-117.83803798850677,34.51153424720067],[-117.83771119270722,34.51153648868595],[-117.83770848543648,34.51126597269827],[-117.83705489583163,34.51127045300083],[-117.83705760099133,34.511540969033426],[-117.83673080508397,34.51154320789563],[-117.8367389176076,34.5123547560024],[-117.83706571668601,34.51235251706834],[-117.83706842198944,34.512623033056016],[-117.83804882218011,34.51261631095376]]]},"id":"2_+5325+4314","properties":{"count":17,"date":"2023-07-12","thr":1,"threshold":"TOP2"}},{"type":"Feature","geometry":{"geodesic":false,"type":"Polygon","coordinates":[[[-117.84063062045239,34.50935215720664],[-117.84061160582175,34.50745854575102],[-117.84028482614696,34.50746079388384],[-117.84028211097105,34.50719027789616],[-117.83832143848284,34.507203748232655],[-117.83832414732562,34.50747426436406],[-117.83799736739032,34.507476506379355],[-117.83799465960753,34.50720599022998],[-117.83701432276605,34.50721271098476],[-117.83701702738676,34.507483227206],[-117.83636346720174,34.50748770337631],[-117.83636887231988,34.5080287358727],[-117.83669565454589,34.5080264981783],[-117.83670646944445,34.50910856291954],[-117.83637968300533,34.50911080071275],[-117.83638238575755,34.509381316889076],[-117.83703596072884,34.50937684039537],[-117.83703325585661,34.50910632426396],[-117.83736004222385,34.50910408472802],[-117.83735733633652,34.508833568605596],[-117.8376841216168,34.50883132821626],[-117.83767600099037,34.50801977983999],[-117.83800278307265,34.50801753865116],[-117.838000075218,34.507747022519744],[-117.83832685620435,34.50774478047751],[-117.83832956511002,34.50801529658197],[-117.83865634712043,34.50801305364142],[-117.83865905712204,34.508283569718934],[-117.8383322740606,34.50828581267745],[-117.83833769206957,34.50882684482349],[-117.83866447724206,34.50882460182006],[-117.83866718736046,34.50909511785265],[-117.83899397354804,34.509092873950905],[-117.8389966847534,34.509363389947566],[-117.83932347196506,34.50936114514751],[-117.83932618426637,34.50963166111722],[-117.84030654884783,34.509624921399],[-117.84030383338445,34.509354405501156],[-117.84063062045239,34.50935215720664]]]},"id":"2_+5325+4329","properties":{"count":81,"date":"2023-07-12","thr":1,"threshold":"TOP2"}},{"type":"Feature","geometry":{"geodesic":false,"type":"Polygon","coordinates":[[[-117.83730593126847,34.50369375993487],[-117.83730322609979,34.5034232435699],[-117.83697646189398,34.50342548262972],[-117.83697916600265,34.503695999021645],[-117.83730593126847,34.50369375993487]]]},"id":"2_+5325+4343","properties":{"count":1,"date":"2023-07-12","thr":1,"threshold":"TOP2"}},{"type":"Feature","geometry":{"geodesic":false,"type":"Polygon","coordinates":[[[-117.83319984863422,34.02242151180276],[-117.83319191730976,34.021609897975246],[-117.83221719741815,34.02161649812222],[-117.832225119472,34.02242811213838],[-117.83319984863422,34.02242151180276]]]},"id":"2_+5325+6124","properties":{"count":9,"date":"2023-07-12","thr":1,"threshold":"TOP2"}},{"type":"Feature","geometry":{"geodesic":false,"type":"Polygon","coordinates":[[[-117.84463612160786,34.58236840816214],[-117.844627911105,34.58155687103278],[-117.84430084201996,34.58155913413153],[-117.84429263502051,34.580747596813524],[-117.84363850310271,34.58075212025319],[-117.84363576962812,34.58048160774199],[-117.84101924899976,34.58049966625075],[-117.8410165240322,34.58022915354192],[-117.83840000955729,34.5802471557892],[-117.83839729310577,34.57997664289172],[-117.83708903923251,34.57998562289148],[-117.83709175144398,34.580256135878784],[-117.83643762217622,34.58026062066394],[-117.8364403323036,34.58053113368718],[-117.83611326655132,34.580533374786185],[-117.83611055748395,34.580262861744984],[-117.83578349275575,34.58026510194567],[-117.83578620077209,34.58053561501382],[-117.83513206908786,34.58054009283704],[-117.8351374809883,34.58108111900928],[-117.83546454896839,34.58107888049743],[-117.83547808463936,34.58243144561362],[-117.83580515787462,34.58242920611362],[-117.8358295338934,34.584863822361584],[-117.83615661663283,34.58486158177462],[-117.83616203604318,34.58540260742584],[-117.8364891208577,34.585400365922595],[-117.8364918316768,34.58567087870329],[-117.8374730891028,34.58566414885755],[-117.83747037511266,34.58539363613974],[-117.83779745978346,34.585391391124084],[-117.83779202978198,34.58485036569744],[-117.83844619478472,34.58484587313287],[-117.83844347772235,34.58457536044201],[-117.8397518030566,34.58456636489242],[-117.839754524368,34.58483687748447],[-117.84008160666725,34.58483462638721],[-117.8400843290746,34.58510513894333],[-117.84041141239793,34.58510288693878],[-117.84041413590123,34.58537339946794],[-117.84074122024863,34.58537114656507],[-117.84074666947406,34.58591217154256],[-117.84107375590557,34.58590991772341],[-117.84107648163668,34.58618043016275],[-117.84271191855525,34.5861691477899],[-117.84270918753306,34.58589863545836],[-117.84303627374896,34.58589637637509],[-117.84303354169371,34.58562586405253],[-117.84336062681366,34.58562360412484],[-117.84335789374332,34.58535309181127],[-117.84368497776732,34.585350831021195],[-117.8436822436729,34.58508031871661],[-117.84400932660097,34.58507805707313],[-117.84400659148245,34.584807544786514],[-117.84433367331458,34.584805282289636],[-117.84430904935178,34.582370671332754],[-117.84463612160786,34.58236840816214]]]},"id":"2_+5327+4060","properties":{"count":496,"date":"2023-07-12","thr":1,"threshold":"TOP2"}},{"type":"Feature","geometry":{"geodesic":false,"type":"Polygon","coordinates":[[[-117.83788724275794,34.529120002004696],[-117.8378818235632,34.52857897160139],[-117.83755496117152,34.52858121362566],[-117.83755225268806,34.52831069838358],[-117.83689852992593,34.52831517977311],[-117.83689582358944,34.52804466446815],[-117.83656896321,34.5280469038334],[-117.83657166848647,34.52831741915633],[-117.83624480702007,34.528319657668185],[-117.83625291991201,34.529131203636965],[-117.83657978455845,34.52912896506223],[-117.83658248997867,34.52939948034024],[-117.83756308685547,34.529392759298],[-117.83756037826421,34.52912224408287],[-117.83788724275794,34.529120002004696]]]},"id":"2_+5327+4252","properties":{"count":18,"date":"2023-07-12","thr":1,"threshold":"TOP2"}},{"type":"Feature","geometry":{"geodesic":false,"type":"Polygon","coordinates":[[[-117.83155419156469,34.02026820341722],[-117.83154627653568,34.01945658897885],[-117.83122137801392,34.01945878541361],[-117.83122928994376,34.02027039992385],[-117.83155419156469,34.02026820341722]]]},"id":"2_+5328+6132","properties":{"count":3,"date":"2023-07-12","thr":1,"threshold":"TOP2"}},{"type":"Feature","geometry":{"geodesic":false,"type":"Polygon","coordinates":[[[-117.83674570949998,34.57836478740513],[-117.83674028772705,34.577823761205934],[-117.83641323261084,34.57782600296071],[-117.83641594241482,34.578096516082766],[-117.83608888620265,34.57809875698414],[-117.83609159498255,34.57836927012416],[-117.83674570949998,34.57836478740513]]]},"id":"2_+5329+4068","properties":{"count":3,"date":"2023-07-12","thr":1,"threshold":"TOP2"}},{"type":"Feature","geometry":{"geodesic":false,"type":"Polygon","coordinates":[[[-117.83687146815105,34.52561002618451],[-117.83686605623265,34.52506899532306],[-117.83588550985912,34.525075710041165],[-117.83590172703715,34.526698802886024],[-117.83622858220636,34.526696565389265],[-117.83622587819652,34.52642604996752],[-117.83655273226978,34.52642381161736],[-117.83654461728476,34.525612265343156],[-117.83687146815105,34.52561002618451]]]},"id":"2_+5329+4263","properties":{"count":13,"date":"2023-07-12","thr":1,"threshold":"TOP2"}},{"type":"Feature","geometry":{"geodesic":false,"type":"Polygon","coordinates":[[[-117.83440548198776,34.50777162732148],[-117.83440008960773,34.50723059452865],[-117.83341975158046,34.50723728643853],[-117.83342513762737,34.5077783193661],[-117.83375191911676,34.507776089558924],[-117.83375461325414,34.508046605977796],[-117.83408139575863,34.5080443752723],[-117.83407870057023,34.507773858871396],[-117.83440548198776,34.50777162732148]]]},"id":"2_+5336+4329","properties":{"count":7,"date":"2023-07-12","thr":1,"threshold":"TOP2"}},{"type":"Feature","geometry":{"geodesic":false,"type":"Polygon","coordinates":[[[-117.82984543735063,34.01162194742789],[-117.8298349091494,34.010539792819195],[-117.82951004444922,34.010541984232376],[-117.82950741351732,34.01027144552631],[-117.82853282230039,34.01027801454665],[-117.82853545013312,34.01054855332459],[-117.8282105852982,34.01055074129723],[-117.8282184659397,34.01136235761308],[-117.82854333386483,34.011360169559595],[-117.82854858986263,34.01190124699869],[-117.82952319962978,34.0118946775741],[-117.82952056852719,34.011624138930905],[-117.82984543735063,34.01162194742789]]]},"id":"2_+5336+6166","properties":{"count":25,"date":"2023-07-12","thr":1,"threshold":"TOP2"}},{"type":"Feature","geometry":{"geodesic":false,"type":"Polygon","coordinates":[[[-117.83338047280755,34.470444706758066],[-117.83337778365582,34.47017418864138],[-117.83305114876251,34.47017641534039],[-117.83304577268689,34.469635379026165],[-117.83239250700555,34.46963982971128],[-117.8324005648577,34.470451384285916],[-117.83272720087393,34.47044915932066],[-117.83273526221156,34.47126071371564],[-117.83306190135391,34.47125848780714],[-117.8330538368542,34.470446933475046],[-117.83338047280755,34.470444706758066]]]},"id":"2_+5338+4468","properties":{"count":10,"date":"2023-07-12","thr":1,"threshold":"TOP2"}},{"type":"Feature","geometry":{"geodesic":false,"type":"Polygon","coordinates":[[[-117.83293152073595,34.49100850368785],[-117.83292614123776,34.490467469206195],[-117.83227271314999,34.49047192158912],[-117.83227808841713,34.49101295616061],[-117.83293152073595,34.49100850368785]]]},"id":"2_+5339+4391","properties":{"count":4,"date":"2023-07-12","thr":1,"threshold":"TOP2"}},{"type":"Feature","geometry":{"geodesic":false,"type":"Polygon","coordinates":[[[-117.83460553075587,34.4950551125682],[-117.8346028351812,34.49478459563729],[-117.8342761044556,34.494786826989575],[-117.83427340996789,34.49451631001375],[-117.83394668025738,34.494518540467716],[-117.83394398686562,34.49424802346494],[-117.8336172581792,34.494250253020596],[-117.8336145658744,34.49397973598188],[-117.83263438275262,34.49398641935777],[-117.83263169364582,34.49371590223821],[-117.83197824016268,34.493720353408406],[-117.83198092715844,34.49399087057288],[-117.83165419930745,34.49399309487339],[-117.83165957129573,34.49453412921132],[-117.83198630124878,34.494531904865894],[-117.83198898835234,34.494802421994436],[-117.83231571932947,34.49480019675968],[-117.83231840751999,34.495070713852286],[-117.83460553075587,34.4950551125682]]]},"id":"2_+5340+4379","properties":{"count":29,"date":"2023-07-12","thr":1,"threshold":"TOP2"}},{"type":"Feature","geometry":{"geodesic":false,"type":"Polygon","coordinates":[[[-117.83099185920443,34.4271749794922],[-117.83098918209014,34.4269044593004],[-117.83033624865969,34.42690889419313],[-117.83034159871112,34.427449934657574],[-117.83001512983543,34.42745215084629],[-117.83002315202448,34.42826371152049],[-117.8296966799598,34.428265926900735],[-117.82969935304065,34.428536447128465],[-117.83002582615637,34.42853423172127],[-117.83002850032419,34.42880475191307],[-117.830354974455,34.42880253561655],[-117.83034694889729,34.427990975077094],[-117.83067341983909,34.427988757981076],[-117.83066539145166,34.42717719739671],[-117.83099185920443,34.4271749794922]]]},"id":"2_+5343+4626","properties":{"count":11,"date":"2023-07-12","thr":1,"threshold":"TOP2"}},{"type":"Feature","geometry":{"geodesic":false,"type":"Polygon","coordinates":[[[-117.83045458560056,34.50482266442504],[-117.83044653626442,34.50401111401858],[-117.83011976919299,34.50401333477075],[-117.83012781536706,34.504824885249064],[-117.83045458560056,34.50482266442504]]]},"id":"2_+5346+4341","properties":{"count":3,"date":"2023-07-12","thr":1,"threshold":"TOP2"}},{"type":"Feature","geometry":{"geodesic":false,"type":"Polygon","coordinates":[[[-117.83025601507313,34.418793281333585],[-117.83025066730343,34.41825224008761],[-117.82992423417173,34.418254455512766],[-117.82992156139629,34.417983934853844],[-117.82959512927968,34.41798614938967],[-117.8295924575912,34.41771562868583],[-117.82926602648969,34.41771784232334],[-117.82926869713611,34.41798836304514],[-117.82894226494763,34.41799057583823],[-117.82894760423724,34.41853161729082],[-117.82927403851879,34.41852940445281],[-117.82927938005419,34.41907044580658],[-117.8299322527226,34.419066017435625],[-117.82992957983936,34.418795496803654],[-117.83025601507313,34.418793281333585]]]},"id":"2_+5346+4660","properties":{"count":13,"date":"2023-07-12","thr":1,"threshold":"TOP2"}},{"type":"Feature","geometry":{"geodesic":false,"type":"Polygon","coordinates":[[[-117.82573739773653,34.02355407063951],[-117.8257295371005,34.02274245543757],[-117.82507971401486,34.02274681708167],[-117.82508233213679,34.02301735554519],[-117.82475741951149,34.02301953510062],[-117.82476003662731,34.02329007357313],[-117.82443512293302,34.023292252293125],[-117.82443773906068,34.02356279077462],[-117.82411282430638,34.02356496865918],[-117.82411543943692,34.023835507149656],[-117.82379052361362,34.02383768419878],[-117.82379313774705,34.02410822269824],[-117.82346822085475,34.02411039891193],[-117.82347606037139,34.024922014401334],[-117.82445082020209,34.02491548298446],[-117.82444558764132,34.02437440612927],[-117.82477050545889,34.024372227319446],[-117.82476788819933,34.024101688900835],[-117.8250928049479,34.02409950925558],[-117.82509018669121,34.02382897084595],[-117.82541510237078,34.02382679036526],[-117.82541248311698,34.023556251964614],[-117.82573739773653,34.02355407063951]]]},"id":"2_+5347+6120","properties":{"count":27,"date":"2023-07-12","thr":1,"threshold":"TOP2"}},{"type":"Feature","geometry":{"geodesic":false,"type":"MultiPolygon","coordinates":[[[[-117.82868473163703,34.59005264502762],[-117.8283576279399,34.5900548658786],[-117.82836031286953,34.59032537901862],[-117.82868741763565,34.59032315814967],[-117.82868473163703,34.59005264502762]]],[[[-117.82868473163703,34.59005264502762],[-117.82901183530718,34.59005042330528],[-117.8290225837394,34.59113247560485],[-117.830331014994,34.59112357957062],[-117.83032832359649,34.590853066601284],[-117.83065543025805,34.59085084042329],[-117.8306473530921,34.590039301515276],[-117.83097445654668,34.5900370745288],[-117.83096906982603,34.58949604857215],[-117.83129617111567,34.58949382075025],[-117.83128808812863,34.58868228178833],[-117.8316151862023,34.588680053166925],[-117.83160710035862,34.587868514160085],[-117.83095291051747,34.58787297040576],[-117.83095021743114,34.58760245733761],[-117.83029602957525,34.58760691003494],[-117.83029872054156,34.587877423148015],[-117.8299716255042,34.587879648203106],[-117.82997431544644,34.58815016132517],[-117.82964721931313,34.58815238552686],[-117.82964990823129,34.58842289866688],[-117.82932281100204,34.588425122015174],[-117.82932818683511,34.58896614828623],[-117.82900108744093,34.588968370808075],[-117.8290064612977,34.589509397079134],[-117.82867935975653,34.58951161876555],[-117.82868473163703,34.59005264502762]]]]},"id":"2_+5348+4032","properties":{"count":74,"date":"2023-07-12","thr":1,"threshold":"TOP2"}},{"type":"Feature","geometry":{"geodesic":false,"type":"Polygon","coordinates":[[[-117.82977959779326,34.50266297017665],[-117.82977691704079,34.50239245324574],[-117.82945015623062,34.502394672120424],[-117.82945283593206,34.502665189078286],[-117.82977959779326,34.50266297017665]]]},"id":"2_+5348+4347","properties":{"count":1,"date":"2023-07-12","thr":1,"threshold":"TOP2"}},{"type":"Feature","geometry":{"geodesic":false,"type":"Polygon","coordinates":[[[-117.82440111649827,34.01977525097368],[-117.82439850086467,34.019504712321506],[-117.82407360157038,34.01950688988267],[-117.82407621617091,34.01977742855281],[-117.82440111649827,34.01977525097368]]]},"id":"2_+5350+6132","properties":{"count":1,"date":"2023-07-12","thr":1,"threshold":"TOP2"}},{"type":"Feature","geometry":{"geodesic":false,"type":"Polygon","coordinates":[[[-117.82803497541298,34.42530126625013],[-117.82803230800947,34.425030745770876],[-117.8273793886646,34.42503516466461],[-117.82738471928546,34.42557620570397],[-117.82705825745258,34.42557841389768],[-117.82706358611512,34.42611945492806],[-117.82771651394907,34.4261150375974],[-117.82770851470299,34.42530347615963],[-117.82803497541298,34.42530126625013]]]},"id":"2_+5352+4633","properties":{"count":7,"date":"2023-07-12","thr":1,"threshold":"TOP2"}},{"type":"Feature","geometry":{"geodesic":false,"type":"Polygon","coordinates":[[[-117.82788322283237,34.509168676372745],[-117.82788054755962,34.50889815960353],[-117.82755376120136,34.50890037377104],[-117.82755643542308,34.509170890567205],[-117.82788322283237,34.509168676372745]]]},"id":"2_+5354+4323","properties":{"count":1,"date":"2023-07-12","thr":1,"threshold":"TOP2"}},{"type":"Feature","geometry":{"geodesic":false,"type":"Polygon","coordinates":[[[-117.82853144281151,34.508623211903156],[-117.82851805659325,34.50727062802115],[-117.82688415647654,34.50728169818498],[-117.82688682837161,34.507552215097924],[-117.82656004718766,34.50755442652557],[-117.82656271805865,34.507824943456484],[-117.82688950030263,34.5078227319929],[-117.82689217226958,34.50809324888788],[-117.8275457387518,34.508088823310686],[-117.82755108701558,34.508629856956915],[-117.82853144281151,34.508623211903156]]]},"id":"2_+5356+4329","properties":{"count":22,"date":"2023-07-12","thr":1,"threshold":"TOP2"}},{"type":"Feature","geometry":{"geodesic":false,"type":"Polygon","coordinates":[[[-117.82610016201718,34.427749197605706],[-117.82609483922963,34.427208156584314],[-117.82511543428245,34.42721476848125],[-117.8251180924962,34.42748528905932],[-117.82479162305458,34.42748749130619],[-117.82479428026221,34.42775801190223],[-117.82446780973363,34.4277602132957],[-117.82447046591719,34.42803073390072],[-117.82479693749679,34.4280285324803],[-117.82480225207374,34.428569573609494],[-117.82512872571947,34.42856737127279],[-117.82512606736199,34.428296850739635],[-117.82545253992076,34.428294647558516],[-117.82544988054819,34.42802412703435],[-117.82577635202,34.42802192299983],[-117.82577369163234,34.427751402484645],[-117.82610016201718,34.427749197605706]]]},"id":"2_+5359+4625","properties":{"count":14,"date":"2023-07-12","thr":1,"threshold":"TOP2"}},{"type":"Feature","geometry":{"geodesic":false,"type":"Polygon","coordinates":[[[-117.8253227507985,34.58087735330897],[-117.82532007664865,34.58060683954013],[-117.82433887563685,34.58061347083169],[-117.82434154660666,34.580883984663416],[-117.82466861470355,34.58088177508629],[-117.82467128676932,34.58115228888208],[-117.82499835589027,34.581150078406644],[-117.82499568276451,34.580879564637804],[-117.8253227507985,34.58087735330897]]]},"id":"2_+5366+4058","properties":{"count":4,"date":"2023-07-12","thr":1,"threshold":"TOP2"}},{"type":"Feature","geometry":{"geodesic":false,"type":"Polygon","coordinates":[[[-117.82340617150516,34.419380665443356],[-117.82339026063468,34.41775753890269],[-117.82273739705722,34.41776193221241],[-117.82273474746731,34.417491411041446],[-117.82240831668021,34.41749360636231],[-117.82241096521011,34.41776412756021],[-117.82208453333604,34.417766322036655],[-117.82210041898182,34.41938944910733],[-117.82242685716207,34.41938725449614],[-117.82243215476086,34.41992829671229],[-117.82308503522664,34.41992390479497],[-117.82307973342374,34.41938286266865],[-117.82340617150516,34.419380665443356]]]},"id":"2_+5367+4661","properties":{"count":29,"date":"2023-07-12","thr":1,"threshold":"TOP2"}},{"type":"Feature","geometry":{"geodesic":false,"type":"Polygon","coordinates":[[[-117.82402515846341,34.58196824866013],[-117.82401447846486,34.58088619336917],[-117.82336034209143,34.58089060813963],[-117.82337101360989,34.58197266361026],[-117.82402515846341,34.58196824866013]]]},"id":"2_+5369+4057","properties":{"count":8,"date":"2023-07-12","thr":1,"threshold":"TOP2"}},{"type":"Feature","geometry":{"geodesic":false,"type":"Polygon","coordinates":[[[-117.82330079817012,34.54166376176365],[-117.82329547081014,34.54112273046203],[-117.82296855819366,34.541124934146204],[-117.82297122080017,34.54139544982846],[-117.82264430708774,34.54139765266821],[-117.82264963028852,34.541938684032715],[-117.82297654611199,34.54193648114805],[-117.82297388343362,34.54166596549274],[-117.82330079817012,34.54166376176365]]]},"id":"2_+5369+4204","properties":{"count":4,"date":"2023-07-12","thr":1,"threshold":"TOP2"}},{"type":"Feature","geometry":{"geodesic":false,"type":"Polygon","coordinates":[[[-117.82370632305779,34.483225497577905],[-117.82370100468995,34.4826844611469],[-117.82337432023658,34.48268666267512],[-117.82337166216656,34.48241614442369],[-117.82369834555993,34.48241394291343],[-117.82369036837648,34.48160238814116],[-117.82336368814518,34.48160458957955],[-117.82336103020992,34.48133407127422],[-117.82107427499584,34.481349456765],[-117.82107692555594,34.48161997522305],[-117.81911684194932,34.48163312886748],[-117.81911948621223,34.48190364744231],[-117.81879280443583,34.48190583668157],[-117.81879544768364,34.48217635527437],[-117.8184687648113,34.48217854366023],[-117.81847140704402,34.482449062262006],[-117.81781803908947,34.48245343646455],[-117.81782331943162,34.48299447371302],[-117.81847669159927,34.48299009942065],[-117.81848197629824,34.483531136534374],[-117.81880866443473,34.48352894804071],[-117.81881130789813,34.483799466552654],[-117.8191379970497,34.483797277160676],[-117.81914064160006,34.48406779564568],[-117.8194673317757,34.48406560535538],[-117.81946997741302,34.484336123795465],[-117.82012335976756,34.48433174055587],[-117.82012071202817,34.484061222151716],[-117.82208085192322,34.48404805160099],[-117.82207819789564,34.48377753332261],[-117.82273157547112,34.48377313619506],[-117.82272891935945,34.48350261794362],[-117.82338229468017,34.48349821737553],[-117.82337963650237,34.48322769915104],[-117.82370632305779,34.483225497577905]]]},"id":"2_+5373+4425","properties":{"count":141,"date":"2023-07-12","thr":1,"threshold":"TOP2"}},{"type":"Feature","geometry":{"geodesic":false,"type":"Polygon","coordinates":[[[-117.82245010737621,34.521649974482344],[-117.82244213061497,34.520838424668774],[-117.82178846372805,34.52084282435653],[-117.82178049361434,34.520031274309396],[-117.82145366328355,34.52003347277436],[-117.82145100771085,34.51976295605006],[-117.82112417840413,34.5197651536167],[-117.8211268329258,34.52003567036795],[-117.82080000252314,34.52003786709018],[-117.82080530955425,34.52057890060166],[-117.82113214206794,34.520576703834514],[-117.82113479669741,34.52084722054983],[-117.82146163022621,34.520845022893354],[-117.82146694169498,34.52138605624314],[-117.82179377730787,34.52138385767038],[-117.82179643415617,34.521654374304845],[-117.82245010737621,34.521649974482344]]]},"id":"2_+5374+4283","properties":{"count":17,"date":"2023-07-12","thr":1,"threshold":"TOP2"}},{"type":"Feature","geometry":{"geodesic":false,"type":"Polygon","coordinates":[[[-117.8227397069582,34.517860540197354],[-117.8227370474419,34.517590023455085],[-117.82241022673206,34.5175922243455],[-117.82240756830272,34.517321707576286],[-117.82208074860797,34.51732390756838],[-117.82206480512866,34.51570080653987],[-117.8217379917311,34.51570300552586],[-117.82173533566433,34.51543248862189],[-117.82108171089044,34.515436883934846],[-117.82108436483718,34.515707400874746],[-117.82075755134082,34.51570959724663],[-117.82076020427246,34.51598011419551],[-117.82043338968015,34.51598230971399],[-117.82043869354918,34.516523343629714],[-117.82011187680989,34.51652553831277],[-117.8201145277383,34.51679605527961],[-117.82044134552861,34.516793860578595],[-117.82044664960426,34.51733489442245],[-117.82077346946969,34.51733269879617],[-117.8207787758001,34.517873732559174],[-117.82045195381465,34.517875928221386],[-117.82045725816877,34.51841696197541],[-117.82078408226526,34.5184147662593],[-117.82078673555624,34.518685283100375],[-117.8211135606768,34.51868308648594],[-117.82111090632581,34.51841256967182],[-117.82209137830087,34.51840597467219],[-117.82208872082376,34.51813545791196],[-117.82241554368954,34.51813325785698],[-117.82241288518834,34.51786274110573],[-117.8227397069582,34.517860540197354]]]},"id":"2_+5374+4299","properties":{"count":55,"date":"2023-07-12","thr":1,"threshold":"TOP2"}},{"type":"Feature","geometry":{"geodesic":false,"type":"Polygon","coordinates":[[[-117.82262035444495,34.53896301091708],[-117.82261769321286,34.53869249510906],[-117.82229079003768,34.53869469685288],[-117.82228546981032,34.53815366514701],[-117.8209778652124,34.538162463193004],[-117.82098848890455,34.53924452690118],[-117.82066158343866,34.539246724306125],[-117.82066689338929,34.539787756137756],[-117.82164761602125,34.53978116114712],[-117.82164495786141,34.53951064530317],[-117.82197186427952,34.53950844524819],[-117.8219692050956,34.53923792941322],[-117.82229611041775,34.53923572850484],[-117.82229345020976,34.53896521268784],[-117.82262035444495,34.53896301091708]]]},"id":"2_+5375+4215","properties":{"count":24,"date":"2023-07-12","thr":1,"threshold":"TOP2"}},{"type":"Feature","geometry":{"geodesic":false,"type":"Polygon","coordinates":[[[-117.82053165665857,34.42589291564172],[-117.82052637012703,34.425351873695064],[-117.81954698544584,34.425358440685216],[-117.8195522656802,34.425899482766624],[-117.82053165665857,34.42589291564172]]]},"id":"2_+5376+4632","properties":{"count":6,"date":"2023-07-12","thr":1,"threshold":"TOP2"}},{"type":"Feature","geometry":{"geodesic":false,"type":"Polygon","coordinates":[[[-117.82187149232381,34.595779881502175],[-117.82186616347262,34.59523885480891],[-117.82153903888069,34.595241057666634],[-117.82153371228428,34.59470003088353],[-117.82120658977644,34.59470223282497],[-117.82120392759214,34.59443171939749],[-117.82054968459767,34.5944361206034],[-117.82055234466193,34.59470663407579],[-117.8202252220463,34.59470883339415],[-117.82023585841367,34.59579088726578],[-117.82187149232381,34.595779881502175]]]},"id":"2_+5378+4007","properties":{"count":20,"date":"2023-07-12","thr":1,"threshold":"TOP2"}},{"type":"Feature","geometry":{"geodesic":false,"type":"Polygon","coordinates":[[[-117.8210074145301,34.50786240447944],[-117.82100210870274,34.507321369863035],[-117.82067532794099,34.50732356554322],[-117.82067267613223,34.50705304819908],[-117.81871199711327,34.50706620379285],[-117.8187146425889,34.50733672127174],[-117.81838786156663,34.5073389108344],[-117.81839050601818,34.50760942832226],[-117.81806372390895,34.50761161703152],[-117.81806636733643,34.507882134537354],[-117.8210074145301,34.50786240447944]]]},"id":"2_+5381+4330","properties":{"count":23,"date":"2023-07-12","thr":1,"threshold":"TOP2"}},{"type":"Feature","geometry":{"geodesic":false,"type":"Polygon","coordinates":[[[-117.8199167059926,34.59660462612997],[-117.81991404779681,34.5963341126935],[-117.81958691875822,34.59633631038591],[-117.81958426165839,34.596065796913514],[-117.81893000558445,34.59607018962135],[-117.81891938604252,34.594988135444304],[-117.81859226218721,34.594990330387866],[-117.81859491596327,34.595260843977044],[-117.81826779102099,34.59526303806721],[-117.8182730965519,34.59580406524557],[-117.8179459694447,34.595806258509285],[-117.81794862120853,34.59607677209846],[-117.81762149300536,34.59607896450878],[-117.81762679451182,34.596619991696116],[-117.81795392482603,34.59661779924987],[-117.81795922859625,34.597158826347375],[-117.81828636099455,34.59715663297587],[-117.81828901398907,34.59742714648419],[-117.81894328080686,34.59742275706419],[-117.81894062569232,34.597152243600775],[-117.8192677579918,34.5971500475972],[-117.81926510185316,34.596879534142765],[-117.81959223304771,34.59687733728579],[-117.819589575885,34.59660682384034],[-117.8199167059926,34.59660462612997]]]},"id":"2_+5384+4005","properties":{"count":32,"date":"2023-07-12","thr":1,"threshold":"TOP2"}},{"type":"Feature","geometry":{"geodesic":false,"type":"Polygon","coordinates":[[[-117.81865248094991,34.534390599398016],[-117.81864718510283,34.533849566820784],[-117.81766653128182,34.533856136730456],[-117.81766917602083,34.534126653095434],[-117.8179960617148,34.53412446397295],[-117.81799870754077,34.53439498030199],[-117.81865248094991,34.534390599398016]]]},"id":"2_+5385+4231","properties":{"count":5,"date":"2023-07-12","thr":1,"threshold":"TOP2"}},{"type":"Feature","geometry":{"geodesic":false,"type":"Polygon","coordinates":[[[-117.81660882952481,34.425378094610906],[-117.81660619892529,34.4251075733591],[-117.81627973802665,34.425109752752824],[-117.81628236757516,34.42538027403158],[-117.81660882952481,34.425378094610906]]]},"id":"2_+5386+4633","properties":{"count":1,"date":"2023-07-12","thr":1,"threshold":"TOP2"}},{"type":"Feature","geometry":{"geodesic":false,"type":"Polygon","coordinates":[[[-117.81660834032027,34.59283937150103],[-117.81660039915029,34.59202782998789],[-117.8159461742389,34.59203220624758],[-117.81595146408523,34.59257323402781],[-117.81627857867892,34.59257104628873],[-117.8162812247115,34.592841560138424],[-117.81660834032027,34.59283937150103]]]},"id":"2_+5392+4016","properties":{"count":5,"date":"2023-07-12","thr":1,"threshold":"TOP2"}},{"type":"Feature","geometry":{"geodesic":false,"type":"MultiPolygon","coordinates":[[[[-117.79806548468655,34.50098050117984],[-117.7980680628604,34.50125102031163],[-117.79839482175716,34.50124888542942],[-117.7983922425233,34.50097836632459],[-117.79806548468655,34.50098050117984]]],[[[-117.74506528799182,34.494010700891764],[-117.74506288168365,34.49374017805892],[-117.74473614796666,34.493742169938315],[-117.74473855322381,34.49401269278912],[-117.74506528799182,34.494010700891764]]],[[[-117.74506528799182,34.494010700891764],[-117.74507010069799,34.49455174651253],[-117.74539683754112,34.494549753698884],[-117.74540165249307,34.49509079923881],[-117.7460551303026,34.495086810916575],[-117.74606235929721,34.49589837900188],[-117.74573561724385,34.49590037366605],[-117.74573802591459,34.49617089635517],[-117.74541128276529,34.496172890156956],[-117.74541369042093,34.49644341286403],[-117.74508694618467,34.49644540581242],[-117.74509175946577,34.496986451217595],[-117.74476501309152,34.49698844333954],[-117.74476741873494,34.497258966037634],[-117.74346042869246,34.49726692585665],[-117.74345802728011,34.49699640306873],[-117.74313128074417,34.49699839082485],[-117.74312888041878,34.49672786800998],[-117.7398614238628,34.49674769725986],[-117.73986381364197,34.497018220272366],[-117.73953706675569,34.49702019840754],[-117.7395466219557,34.49810229043061],[-117.73987337306407,34.49810031221459],[-117.73987815296375,34.49864135811384],[-117.7388978932157,34.498647290264586],[-117.73890028004838,34.49891781325912],[-117.73595948959321,34.498935562729464],[-117.7359571122557,34.498665039555256],[-117.73628386582547,34.4986630709063],[-117.73627673083953,34.497851501392674],[-117.73594998044084,34.49785346997875],[-117.7359452260533,34.49731242353153],[-117.73496498099269,34.497318323935815],[-117.73497685136678,34.498670940255984],[-117.73399659019039,34.49867683309645],[-117.73399896119477,34.49894735638743],[-117.73236518666253,34.4989571604118],[-117.73236755242074,34.49922768378363],[-117.73073377182487,34.49923746605978],[-117.73073613233693,34.49950798952145],[-117.76047091036558,34.4993265313522],[-117.76047336694347,34.49959705297232],[-117.79445574747758,34.499380810571026],[-117.79446088023552,34.49992184942748],[-117.79413412619864,34.49992397371855],[-117.79413925698029,34.500465012575006],[-117.79381250079643,34.500467136039624],[-117.79381762960178,34.5010081748871],[-117.79349087127994,34.50101029751628],[-117.793495998109,34.501551336363754],[-117.79251571660373,34.501557699139894],[-117.7925131563423,34.501287179657766],[-117.79218639682568,34.50128929881946],[-117.79218383765121,34.5010187793014],[-117.79185707915869,34.50102089756477],[-117.79185452107116,34.50075037801976],[-117.79022073336962,34.500760956113425],[-117.79021818059114,34.500490436451635],[-117.78989142400306,34.50049254942393],[-117.78989397572151,34.500763069112665],[-117.78956721804646,34.500765181231564],[-117.78956466737903,34.50049466152486],[-117.78760412694317,34.50050731579582],[-117.78760158264478,34.50023679594538],[-117.78727482683823,34.50023890191082],[-117.7872722836268,34.49996838203344],[-117.78629201918055,34.499974694620704],[-117.78629455922092,34.50024521456995],[-117.78596780328859,34.500247317040944],[-117.78597288136608,34.500788356930464],[-117.7849926070114,34.500794659232014],[-117.78498753526704,34.50025361920775],[-117.78466077919099,34.50025571818429],[-117.78465824442372,34.49998519813623],[-117.78400473428384,34.499989393421316],[-117.78400726694007,34.5002599135143],[-117.78302699831664,34.50026619996059],[-117.78302446882249,34.49999567980473],[-117.78204420305572,34.5000019583189],[-117.78204167675958,34.49973143809117],[-117.78106141385842,34.49973770867321],[-117.7810639369835,34.5000082289728],[-117.78073718156323,34.500010317439056],[-117.78073970366422,34.50028083773865],[-117.78041294715699,34.50028292536049],[-117.7804154682429,34.50055344566907],[-117.7800887106397,34.5005555324375],[-117.78009123070154,34.500826052755066],[-117.77911095453227,34.500832307868116],[-117.77911347145898,34.501102828239574],[-117.78009375079931,34.50109657306364],[-117.78009627092402,34.501367093354254],[-117.78074979242759,34.50136291882923],[-117.78075231469928,34.50163343907492],[-117.78140583817914,34.501629261001554],[-117.7814083625978,34.50189978119335],[-117.78173512533937,34.50189769083165],[-117.78173765084499,34.50216821097853],[-117.78239117834032,34.502164027587135],[-117.78240381693568,34.503516627962206],[-117.78273058591154,34.50351453485166],[-117.78273564369609,34.50405557487593],[-117.78306241474705,34.5040534808491],[-117.78306494474425,34.5043240008253],[-117.78600589219799,34.504305115057996],[-117.78600335269662,34.50403459527044],[-117.7873104353554,34.50402617896353],[-117.78731297907886,34.50429669866125],[-117.78927360837606,34.50428404785778],[-117.7892761584596,34.50455456741177],[-117.78960293094788,34.504552455867795],[-117.78960548211836,34.50482297539484],[-117.79025902910713,34.50481874962991],[-117.79025647581662,34.50454823014778],[-117.7922171096144,34.504535532030054],[-117.79222222888862,34.50507657072481],[-117.79254900317353,34.50507445126668],[-117.79255412470252,34.50561548987161],[-117.79288090106253,34.50561336950618],[-117.79288602483732,34.506154408021274],[-117.79321280328142,34.506152286730575],[-117.79322305545732,34.50723436352721],[-117.7938766206819,34.50723011816104],[-117.79387405547972,34.50695959902027],[-117.79420083698709,34.5069574750526],[-117.79419827076083,34.50668695592081],[-117.79452505118122,34.50668483109076],[-117.79451734953801,34.50587327369541],[-117.79484412676041,34.50587114805687],[-117.79483642225158,34.5050595906166],[-117.79516319627598,34.505057464169575],[-117.79515291986354,34.503975387489724],[-117.79319230057355,34.50398813255342],[-117.79318461262068,34.50317657452924],[-117.79351137942261,34.503174452600746],[-117.79350881578351,34.502903933262346],[-117.79383558149848,34.50290181048045],[-117.79383814618862,34.503172329800876],[-117.79416491291869,34.503170206129646],[-117.79416747870478,34.503440725414144],[-117.79449424645892,34.5034386008446],[-117.79449681333197,34.50370912010215],[-117.79547711954989,34.50370274108447],[-117.79547968962093,34.50397326026117],[-117.79580645935138,34.50397113215226],[-117.79581417294217,34.50478268954761],[-117.79614094579877,34.50478056050445],[-117.7961435181156,34.50505107959132],[-117.79647029199626,34.50504894964985],[-117.79647286540904,34.50531946870078],[-117.79712641517361,34.505315206149845],[-117.79712899073336,34.50558572514689],[-117.79778254247422,34.50558145906557],[-117.7977799648124,34.505310940113446],[-117.79908706365883,34.50530239753933],[-117.7990896455517,34.50557291641061],[-117.799416421229,34.505570778554976],[-117.79941900420884,34.50584129739032],[-117.79974578091021,34.50583915864536],[-117.79974836498599,34.50610967745374],[-117.80040192039198,34.506105397295826],[-117.80040450661474,34.506375916041335],[-117.80105806399702,34.50637163235304],[-117.8010554756722,34.50610111364346],[-117.80138225326291,34.50609897050574],[-117.80137966391402,34.50582845181413],[-117.80170644040878,34.50582630782301],[-117.8017038500358,34.50555578914038],[-117.8020306254436,34.50555364430485],[-117.80202544270341,34.505012606939594],[-117.80235221596423,34.50501046126862],[-117.80234703124775,34.504469423903366],[-117.8026738023616,34.50446727739696],[-117.80266602237631,34.50365572131315],[-117.80233925442452,34.50365786775667],[-117.80232370173032,34.502034755139896],[-117.80265046334898,34.50203260883112],[-117.80264009134682,34.50095053359756],[-117.80100630403155,34.500961255960654],[-117.80100889170059,34.50123177490379],[-117.80133565029192,34.501229632152345],[-117.80134082783987,34.50177066993981],[-117.80101406714647,34.50177281273617],[-117.8010192427271,34.502313850514646],[-117.80069247988672,34.50231599247557],[-117.80069506667542,34.5025865113738],[-117.80004153876686,34.50259079271749],[-117.8000389540892,34.50232027377435],[-117.79742484955166,34.502337364025],[-117.79742227334512,34.5020668449022],[-117.7967687489849,34.502071108683836],[-117.79676360090171,34.50153007031247],[-117.79709036099324,34.50152793890675],[-117.7970877859545,34.501257419721064],[-117.79741454495907,34.50125528746194],[-117.79741196889626,34.50098476828524],[-117.79806548468655,34.50098050117984],[-117.79806032843767,34.500439462889325],[-117.79773357267602,34.500441596837284],[-117.797730995661,34.5001710776516],[-117.79740424091445,34.50017321070124],[-117.7974016649864,34.499902691479626],[-117.79674815750552,34.4999069549199],[-117.79674558372443,34.49963643564438],[-117.79609207821986,34.499640695545295],[-117.79608950657676,34.499370176215876],[-117.80001052491676,34.499344564645256],[-117.80000794065234,34.499074045567376],[-117.79935444005257,34.499078322850686],[-117.79935185793511,34.498807803709916],[-117.79869835930265,34.498812077462844],[-117.79869319938864,34.498271039064534],[-117.79901994661628,34.49826890266417],[-117.79901736564868,34.49799838346951],[-117.79934411178039,34.49799624622473],[-117.79934152980665,34.497725727030065],[-117.79966827484242,34.49772358893189],[-117.79966569184462,34.497453069755196],[-117.79999243579341,34.49745093080362],[-117.79999501985122,34.497721449962356],[-117.8003217648241,34.497719310112466],[-117.80032434997787,34.497989829235266],[-117.80065109596583,34.497987688496046],[-117.80065368220656,34.498258207582914],[-117.80163392314391,34.49825178004722],[-117.8016391020483,34.498792818068246],[-117.80131235299707,34.49879496149343],[-117.80131494144764,34.499065480508435],[-117.80098819130048,34.499067623080215],[-117.80099077872697,34.4993381421042],[-117.80197103223175,34.49933171168492],[-117.80197362285624,34.49960223062806],[-117.80622139814366,34.49957427436471],[-117.80621879380189,34.499303755700055],[-117.80425828919084,34.499316676815575],[-117.80425569120914,34.49904615800718],[-117.80327544159407,34.49905260670718],[-117.80327284681935,34.498782087826925],[-117.80229260006092,34.49878852858581],[-117.8022900084842,34.49851800963369],[-117.8019632605469,34.49852015478364],[-117.80196067005714,34.49824963579559],[-117.80261416377583,34.498245344651274],[-117.80261157121096,34.49797482569915],[-117.80457204520742,34.497961931443264],[-117.80456944634538,34.49769141259894],[-117.80489619083316,34.49768926052298],[-117.80489359094703,34.49741874168764],[-117.80522033434787,34.497416588758284],[-117.80521773344664,34.49714606993192],[-117.80554447575152,34.49714391614916],[-117.80553146647534,34.4957913219545],[-117.80585820347117,34.49578916740818],[-117.80585560066552,34.49551864855487],[-117.80618233658338,34.495516493155144],[-117.8061927522347,34.49659856841565],[-117.80586601210373,34.49660072389623],[-117.80587642408992,34.49768279904894],[-117.80652991276007,34.49767848702778],[-117.80653251795523,34.497949005746335],[-117.80881973457997,34.49793388600416],[-117.80882234719523,34.49820440456102],[-117.8091490933449,34.498202241076456],[-117.80915170704712,34.498472759597384],[-117.80947845422087,34.49847059522349],[-117.80948106901903,34.4987411136995],[-117.80980781720788,34.498738948427295],[-117.809810433093,34.49900946687636],[-117.81013718229694,34.499007300714815],[-117.81014241628603,34.49954833753209],[-117.81765768698156,34.49949827359486],[-117.8176524044565,34.49895723779267],[-117.81732565605206,34.49895942404953],[-117.81732301590344,34.498688906103524],[-117.81699626851409,34.49869109147105],[-117.81699362945244,34.498420573489106],[-117.81732037578178,34.49841838814854],[-117.81731773569604,34.49814787018456],[-117.81829797130636,34.498141308979555],[-117.8182953280945,34.49787079106948],[-117.81796858397502,34.49787297898822],[-117.81796065770807,34.49706142510528],[-117.81763391673269,34.497063612080794],[-117.81762335308395,34.49598153997337],[-117.81795008984622,34.49597935308769],[-117.81794744797284,34.49570883505185],[-117.81860091927855,34.495704458693346],[-117.81860356326297,34.49597497668427],[-117.81893029992644,34.49597278717552],[-117.81893823526636,34.496784341004556],[-117.81959171480064,34.49677995922921],[-117.81958906753736,34.4965094413371],[-117.81991580620407,34.496507249160345],[-117.81991845451837,34.496777767025506],[-117.82024519419119,34.49677557395942],[-117.82024254482586,34.49650505611223],[-117.8205692834207,34.49650286219274],[-117.82056663303129,34.49623234435453],[-117.82089337053017,34.49623014958165],[-117.82089071911669,34.4959596317614],[-117.82121745552861,34.49595743613512],[-117.82121480310003,34.495686918314874],[-117.82219500894918,34.49568032626173],[-117.82219235339446,34.49540980850436],[-117.82251908755161,34.49540760942855],[-117.82251377442994,34.494866573913825],[-117.82284050644012,34.49486437401156],[-117.82283519136011,34.49432333849684],[-117.82316192122333,34.49432113775914],[-117.82315660416702,34.493780102235434],[-117.82282987640586,34.49378230292822],[-117.82282190425298,34.49297074949443],[-117.82314862885207,34.49296854886453],[-117.82313002101452,34.491074923907235],[-117.82345673818455,34.491072722558684],[-117.82345939739541,34.49134324042384],[-117.82378611558951,34.49134103818596],[-117.82378877589633,34.49161155602417],[-117.82411549510553,34.49160935288796],[-117.82412081792003,34.49215038846557],[-117.82444753920433,34.49214818442207],[-117.824450201721,34.49241870217045],[-117.82477692402938,34.49241649721965],[-117.82477958763302,34.49268701494108],[-117.82510631096548,34.49268480909197],[-117.82510897565608,34.49295532677746],[-117.82543570000364,34.49295312003902],[-117.82543836579016,34.49322363768858],[-117.82641854177034,34.4932170121642],[-117.82641320390906,34.49267597699084],[-117.82608648072032,34.49267818632541],[-117.82607847735098,34.491866633403674],[-117.82575175729737,34.491868841804006],[-117.82573309138374,34.48997521774502],[-117.82638651668672,34.48997080038741],[-117.82638384816931,34.489700282657],[-117.8267105597069,34.4896980726936],[-117.82670522065085,34.48915703724176],[-117.8263785112243,34.489159247169226],[-117.8263758428057,34.48888872940288],[-117.82604913438527,34.48889093843203],[-117.82604113250714,34.488079384998244],[-117.82669454296996,34.48807496620333],[-117.8266892043451,34.48753393061674],[-117.82701590742056,34.48753171995266],[-117.82700789657723,34.48672016653685],[-117.82668119667284,34.48672237712906],[-117.82667852751761,34.48645185928187],[-117.82602512970307,34.48645627780729],[-117.82602246269482,34.48618575989722],[-117.8253690668476,34.486190174883276],[-117.82537173175378,34.486460692838264],[-117.82439163454688,34.4864673088405],[-117.82439429632693,34.48673782684041],[-117.82243409463678,34.486751035398854],[-117.82243143918986,34.48648051725522],[-117.82145134103972,34.48648710967667],[-117.8214486887908,34.48621659146117],[-117.82046859347933,34.486223175959495],[-117.82046329542241,34.485682139348825],[-117.81784972324446,34.48569965922774],[-117.81785236382427,34.485970177712744],[-117.81915915441381,34.48596142467234],[-117.81916179924265,34.48623194305853],[-117.81818170318559,34.486238509213244],[-117.8181843448883,34.48650902765333],[-117.81785764507373,34.486511214646804],[-117.81785500443104,34.48624069618875],[-117.81720160681412,34.48624506751669],[-117.81719896831841,34.48597454899576],[-117.81752566608482,34.485972363789934],[-117.81751510821223,34.48489028968825],[-117.81718841465892,34.48489247480425],[-117.81718577633389,34.48462195622942],[-117.81751246883616,34.48461977114037],[-117.81750719018284,34.484078733990714],[-117.8171804997916,34.484080919043826],[-117.81717786157435,34.48381040042408],[-117.81685117219821,34.483812584578885],[-117.81684589797358,34.483271547276516],[-117.81651921068153,34.48327373051503],[-117.81651657467414,34.48300321181444],[-117.81716994712026,34.48299884451095],[-117.81716730904675,34.482728325846296],[-117.81684062389269,34.482730509920245],[-117.81683798690614,34.482459991219656],[-117.81357114398934,34.482481783647756],[-117.81357377043865,34.482752302563945],[-117.81226702807966,34.48276099517468],[-117.81226965034283,34.483031514171714],[-117.81128959003871,34.48303802452309],[-117.81129220917575,34.483308543574026],[-117.80933208130016,34.48332154083973],[-117.80933469413999,34.483592059998465],[-117.80900800498843,34.4835942231776],[-117.80901322867383,34.48413526151303],[-117.8106466846455,34.48412443667911],[-117.81065191901189,34.48466547474505],[-117.80999853250714,34.484669807382545],[-117.81000114763768,34.48494032644246],[-117.80673420249259,34.48496193747376],[-117.80673159790828,34.48469141819825],[-117.80607821057708,34.484695729878055],[-117.80606780102534,34.483613652479555],[-117.80541442198557,34.48361796049423],[-117.80541182179402,34.48334744107498],[-117.80443175613595,34.4833538964854],[-117.8044291591424,34.483083376985306],[-117.80246903322514,34.483096264108575],[-117.80247162388558,34.483366783734425],[-117.8021449350574,34.483368928552004],[-117.80214752471171,34.483639448195824],[-117.8018208347876,34.48364159216],[-117.80183377827117,34.484994190289285],[-117.801507083047,34.48499633348989],[-117.80151225857372,34.48553737269668],[-117.80118556120257,34.48553951506186],[-117.80118814796431,34.48581003466975],[-117.80053475101217,34.48581431683989],[-117.80053216636146,34.485543797187084],[-117.7998787713856,34.48554807581787],[-117.79987618888187,34.485277556111164],[-117.79954949239107,34.48527969410154],[-117.7995469109743,34.4850091743589],[-117.79889352000492,34.48501344766267],[-117.79889094073512,34.48474292787512],[-117.79856424625655,34.4847450631975],[-117.79856166806474,34.48447454336503],[-117.79823497461024,34.4844766777891],[-117.79823239751437,34.48420615792968],[-117.79790570506599,34.484208291464405],[-117.79790828111082,34.484478811341795],[-117.79725489402217,34.4844830758331],[-117.79725232008838,34.484212555910794],[-117.79692562754117,34.48421468682245],[-117.79692820042395,34.48448520676271],[-117.79660150678978,34.48448733682995],[-117.79660922247366,34.485298896659735],[-117.79693591926988,34.485296766538596],[-117.79693849228741,34.48556728643395],[-117.79661179443117,34.48556941658203],[-117.79661436643359,34.48583993648637],[-117.79628766749039,34.48584206578105],[-117.79629538052423,34.48665362549406],[-117.79662208262951,34.48665149613649],[-117.79661951052827,34.48638097626809],[-117.79727291251997,34.48637671497479],[-117.79728063524664,34.4871882744183],[-117.79760733935515,34.487186142401725],[-117.79761249012431,34.48772718192293],[-117.79728578390475,34.48772931399341],[-117.79728835828772,34.487999833763],[-117.79663494363875,34.48800409530782],[-117.79663237136683,34.487733575502304],[-117.79630566504846,34.48773570494072],[-117.7963030938635,34.48746518509927],[-117.79401615603989,34.48748006660823],[-117.79401359227502,34.48720954660508],[-117.79303347871878,34.48721591123175],[-117.79303091815191,34.48694539114775],[-117.78976388128885,34.486966549589845],[-117.78976643130949,34.48723706988046],[-117.7891130214216,34.48724129113584],[-117.78911811734861,34.48778233177096],[-117.78846470310388,34.48778654961275],[-117.78846724901024,34.48805706995726],[-117.78781383251973,34.48806128434951],[-117.78781637635099,34.48833180472097],[-117.78748966699631,34.48833391063251],[-117.78749220980349,34.48860443101295],[-117.78683878889326,34.48860864024888],[-117.78684132962533,34.488879160665256],[-117.78651461806079,34.48888126398964],[-117.78651715777777,34.489151784415],[-117.78619044512627,34.489153886894975],[-117.78619552254798,34.48969492774569],[-117.78586880774952,34.48969702939023],[-117.7858662700807,34.489426508946906],[-117.78553955630632,34.48942860970211],[-117.7855420929241,34.4896991301634],[-117.78521537806276,34.48970123005623],[-117.78521791365645,34.4899717505265],[-117.78554462956883,34.489969650606724],[-117.78554970297509,34.490510691466426],[-117.78522298495166,34.490512791431115],[-117.78522552064419,34.49078331186546],[-117.7848988015338,34.49078541097675],[-117.78489626689232,34.49051489052444],[-117.78424283066582,34.490519086079026],[-117.78424536320524,34.49078960657625],[-117.78391864398706,34.49079170306446],[-117.78391611250764,34.490521182549266],[-117.78358939431355,34.490523278148146],[-117.78359698567957,34.491334839720665],[-117.78327026428747,34.49133693451106],[-117.78327279376364,34.49160745503523],[-117.78229262621866,34.49161373421415],[-117.78229515255073,34.49188425478324],[-117.78196842891285,34.491886346115116],[-117.78197095422982,34.492156866702175],[-117.78099077995645,34.49216313552352],[-117.78098825780154,34.491892614882566],[-117.77772101858397,34.491913453973574],[-117.77772353018368,34.49218397483013],[-117.77641662933492,34.49219228609704],[-117.77641913675745,34.49246280702545],[-117.77576568401993,34.49246695745766],[-117.77576818935837,34.49273747841302],[-117.77413455166649,34.49274783931201],[-117.77413705176777,34.493018360357205],[-117.77152322128825,34.493034892547456],[-117.77152571298129,34.49330541374536],[-117.77054552283468,34.49331159896949],[-117.77054801139259,34.4935821202213],[-117.76793416111421,34.493598575866095],[-117.76793664127288,34.4938690972796],[-117.7676099087776,34.49387115032528],[-117.7676123879122,34.49414167173879],[-117.76728565433893,34.494143723931074],[-117.76729804522385,34.49549633092673],[-117.76762478407022,34.49549427862665],[-117.7676297427706,34.496035321300944],[-117.76795648370104,34.49603326808458],[-117.76795896414718,34.49630378938131],[-117.76828570610172,34.49630173527561],[-117.76828818764379,34.496572256545385],[-117.76861493061342,34.496570201541374],[-117.76861989590742,34.49711124399109],[-117.76894664096115,34.49710918807978],[-117.76895409230677,34.49792075160164],[-117.76862734409097,34.49792280757583],[-117.76863479257096,34.49873437105278],[-117.76830804115717,34.498736426218485],[-117.76831052299569,34.49900694737148],[-117.76733026538561,34.49901310768532],[-117.76733274409798,34.499283628892215],[-117.76537222165538,34.4992959260559],[-117.76536974927612,34.49902540472325],[-117.76504299647893,34.499027451175294],[-117.76500593065181,34.494969629487635],[-117.764679193638,34.494971674753906],[-117.76467672390878,34.49470115318769],[-117.76434998791905,34.49470319756463],[-117.7643425820731,34.493891632740215],[-117.76466931489178,34.49388958842616],[-117.7646668452883,34.49361906681502],[-117.75976586537803,34.493649639439596],[-117.75976341162983,34.49337911751405],[-117.75910994919948,34.49338317896813],[-117.75911240083663,34.493653700938594],[-117.7584589361605,34.493657758952125],[-117.75845648662539,34.49338723693675],[-117.75780302393451,34.493391291410916],[-117.7578054713496,34.493661813462225],[-117.75519161082143,34.49367799656715],[-117.75519404983726,34.49394851877118],[-117.75552078357221,34.49394649892722],[-117.75552566379575,34.49448754325442],[-117.75421872022314,34.49449561758169],[-117.75422115616672,34.49476613981266],[-117.75389441913495,34.49476815622505],[-117.75390659406487,34.496120767299054],[-117.75357985172407,34.49612278293889],[-117.75358471981137,34.496663827319985],[-117.75325797533257,34.49666584213337],[-117.75326284143459,34.49720688650548],[-117.7529360948178,34.49720890049242],[-117.75294339105132,34.49802046701465],[-117.75327014083916,34.49801845297382],[-117.7532725740429,34.49828897510597],[-117.75359932485482,34.498286960175804],[-117.75360175913653,34.498557482272034],[-117.75392851097253,34.49855546644355],[-117.75393094635018,34.49882598851283],[-117.75327744054019,34.498830019334356],[-117.75327987383375,34.49910054143058],[-117.75197285760538,34.49910859268012],[-117.75197042852491,34.498838070503055],[-117.75131692232864,34.498842090841244],[-117.75131449539515,34.498571568610274],[-117.75098774329864,34.49857357744986],[-117.75098289164151,34.49803253291605],[-117.75163639157654,34.49802851444636],[-117.75163396368185,34.49775799219742],[-117.75228746138006,34.497753970269216],[-117.75228260146743,34.49721292582524],[-117.75195585475183,34.49721493718909],[-117.75195342590493,34.49694441492218],[-117.75162668020441,34.496946425387726],[-117.75162182471148,34.49640538079103],[-117.75129508109507,34.49640739034029],[-117.75129022783894,34.495866345653766],[-117.75096348629764,34.49586835428674],[-117.75095135901434,34.49451574225154],[-117.7506246227102,34.49451774991433],[-117.75061977413431,34.49397670497628],[-117.7509465083274,34.49397469734942],[-117.75094408302886,34.49370417488489],[-117.75029061672676,34.49370818921335],[-117.75028819357517,34.493437666694916],[-117.74996146143025,34.49343967252515],[-117.7499638835308,34.49371019507053],[-117.74898368373628,34.493716207386925],[-117.74898610270172,34.49398672997722],[-117.74931283705651,34.49398472672516],[-117.7493152571089,34.494255249279526],[-117.7486617862703,34.49425925495721],[-117.74866662225183,34.49480030011085],[-117.74899335979563,34.494798297667266],[-117.74900303636703,34.495880387758966],[-117.74867629460114,34.4958823902834],[-117.74868113096893,34.49642343529331],[-117.74802764311625,34.496427437799944],[-117.748030059243,34.49669796032736],[-117.74770331420724,34.496699960282605],[-117.7477008991405,34.49642943773723],[-117.7473741551378,34.49643143680314],[-117.74737174115802,34.496160914221825],[-117.74704499817042,34.49616291239841],[-117.7470425852776,34.49589238978117],[-117.74671584331408,34.49589438706842],[-117.7467110197383,34.49535334176206],[-117.74703775959078,34.495351344519726],[-117.74702328329387,34.49372820844793],[-117.74636981621923,34.49373220180971],[-117.74636740572491,34.493461679048735],[-117.74538720803247,34.4934676624843],[-117.7453920227239,34.49400870811405],[-117.74506528799182,34.494010700891764]],[[-117.82604913438527,34.48889093843203],[-117.8257224259379,34.48889314658083],[-117.82572775858895,34.489434182185384],[-117.82605446914738,34.489431973991664],[-117.82604913438527,34.48889093843203]],[[-117.73595948959321,34.498935562729464],[-117.73563273494547,34.498937530525026],[-117.73563511124992,34.49920805369923],[-117.73596186696665,34.499206085885696],[-117.73595948959321,34.498935562729464]],[[-117.82277673474165,34.48837194460096],[-117.82277407803709,34.488101426556135],[-117.82114054947256,34.48811241458699],[-117.8211485038927,34.488923969017904],[-117.82245533946985,34.48891518007184],[-117.82245002804599,34.48837414397321],[-117.82277673474165,34.48837194460096]],[[-117.81822925917028,34.491107839239255],[-117.81822133238232,34.4902962845119],[-117.81789461780843,34.4902984718108],[-117.81789197667166,34.49002795352344],[-117.81723854952713,34.49003232546223],[-117.81724118855286,34.49030284379451],[-117.81691447388015,34.49030502847932],[-117.81692238801085,34.49111658347616],[-117.81822925917028,34.491107839239255]],[[-117.81199801707551,34.488714581624606],[-117.81199539513574,34.488444062861134],[-117.81166868727227,34.48844623341544],[-117.81166606641946,34.488175714625015],[-117.81133935958006,34.48817788428999],[-117.8113367398232,34.48790736546363],[-117.8110100339989,34.48790953423029],[-117.81101789023319,34.488721090736306],[-117.81199801707551,34.488714581624606]],[[-117.81004037872802,34.48899811085902],[-117.81002991633737,34.4879160352841],[-117.80970321037832,34.487918200556315],[-117.80970059592151,34.487647681604194],[-117.80806707088736,34.48765849476001],[-117.8080644617396,34.487387975691114],[-117.80708434945898,34.487394453038384],[-117.80708956146628,34.487935491292966],[-117.80806968007106,34.48792901381095],[-117.8080722892817,34.4881995328529],[-117.80774558206501,34.488201692914885],[-117.80774819026055,34.48847221196582],[-117.80807489853726,34.48847005188587],[-117.80808011714718,34.48901108991588],[-117.80906024809481,34.48900460431309],[-117.80906286061125,34.48927512324724],[-117.80938957191528,34.48927295960996],[-117.80938695833882,34.489002440702755],[-117.81004037872802,34.48899811085902]],[[-117.7764793247888,34.4989553056243],[-117.77647430838066,34.498414264342394],[-117.77614755882637,34.498416340447825],[-117.77615257311449,34.49895738177465],[-117.7764793247888,34.4989553056243]],[[-117.75911730420977,34.494194744852564],[-117.75911485250074,34.49392422290007],[-117.75878811912511,34.49392625236498],[-117.75879056977412,34.494196774335435],[-117.75911730420977,34.494194744852564]],[[-117.7493588235766,34.4991246532279],[-117.74935156177551,34.498313086175656],[-117.74902481054137,34.49831508975112],[-117.7490223910639,34.49804456735845],[-117.74869564085384,34.4980465700356],[-117.74869322245435,34.497776047607],[-117.74836647326838,34.49777804940379],[-117.74836405596483,34.49750752693926],[-117.74803730780293,34.497509527837735],[-117.74803489158634,34.49723900534625],[-117.74770814443954,34.49724100534642],[-117.7477105596051,34.49751152785587],[-117.74738381138032,34.49751352700264],[-117.7473862255218,34.497784049521066],[-117.74673272685341,34.49778804523643],[-117.74673513891977,34.49805856778182],[-117.74346763312714,34.498078494139584],[-117.74346523161597,34.49780797138759],[-117.74313848191795,34.49780995919762],[-117.74314088236912,34.49808048196758],[-117.74183387903157,34.49808842454792],[-117.7418290865914,34.497547378846306],[-117.7408488400845,34.49755332648401],[-117.74085123312454,34.49782384940668],[-117.74052448316603,34.49782583022782],[-117.74053165930377,34.49863739896889],[-117.74085841242437,34.498635418093855],[-117.74086080559019,34.49890594096263],[-117.74216782198025,34.49889800862307],[-117.74216542459234,34.49862748583515],[-117.7428189304832,34.49862351446413],[-117.74282132998214,34.49889403721612],[-117.74510860698264,34.49888010975392],[-117.74510620009956,34.49860958714566],[-117.745432952771,34.49860759402659],[-117.74543054486382,34.49833707142731],[-117.74608404800583,34.498333082619986],[-117.74608645802404,34.498603605183334],[-117.74706671565208,34.49859761536075],[-117.7470691288683,34.498868137852234],[-117.747722635909,34.498864140232435],[-117.7477250512632,34.499134662670016],[-117.7493588235766,34.4991246532279]],[[-117.79992009618834,34.48987638944531],[-117.7999123471141,34.48906483088215],[-117.79958563586398,34.48906696916897],[-117.79959338176718,34.48987852779501],[-117.79992009618834,34.48987638944531]],[[-117.79992009618834,34.48987638944531],[-117.79992526240854,34.49041742843651],[-117.80025197889583,34.49041528917053],[-117.80024939471225,34.49014476970637],[-117.80057611011259,34.490142629586984],[-117.80057352491391,34.489872110131806],[-117.79992009618834,34.48987638944531]]]]},"id":"2_+5396+4421","properties":{"count":9368,"date":"2023-07-12","thr":1,"threshold":"TOP2"}},{"type":"Feature","geometry":{"geodesic":false,"type":"Polygon","coordinates":[[[-117.81592392044504,34.52277588330664],[-117.81591600663774,34.52196433232526],[-117.81558916827599,34.521966515204454],[-117.81557334794671,34.520343412774565],[-117.81524651589115,34.520345594647644],[-117.81523597393671,34.51926352603467],[-117.81490914606731,34.51926570694655],[-117.8149065117218,34.51899518974614],[-117.81457968487646,34.51899736975971],[-117.8145744184043,34.518456335269065],[-117.81424759364306,34.51845851436635],[-117.8142449615164,34.51818799707611],[-117.81359131398817,34.51819235261166],[-117.8135939440038,34.518462869937835],[-117.81326711913475,34.51846504642102],[-117.81327500622616,34.51927659839953],[-117.81360183425728,34.51927442186245],[-117.81361498538642,34.52062700815193],[-117.81328815207323,34.52062918479682],[-117.81329866937789,34.521711253697255],[-117.81297183179768,34.521713429560606],[-117.81298234543723,34.52279549835325],[-117.81330918724849,34.52279332240006],[-117.81331181680598,34.52306383954657],[-117.81494603059643,34.52305294655747],[-117.81494339575684,34.522782429527744],[-117.81592392044504,34.52277588330664]]]},"id":"2_+5397+4289","properties":{"count":109,"date":"2023-07-12","thr":1,"threshold":"TOP2"}},{"type":"Feature","geometry":{"geodesic":false,"type":"Polygon","coordinates":[[[-117.81536067300694,34.59906993744288],[-117.8153580293459,34.59879942380878],[-117.81437661199283,34.59880597801591],[-117.81437397154777,34.598535464300966],[-117.81404683341822,34.598537647261004],[-117.81405211222426,34.59907867471784],[-117.81536067300694,34.59906993744288]]]},"id":"2_+5398+3992","properties":{"count":5,"date":"2023-07-12","thr":1,"threshold":"TOP2"}},{"type":"Feature","geometry":{"geodesic":false,"type":"Polygon","coordinates":[[[-117.81554434729304,34.51736772384858],[-117.81553380265264,34.516285654786444],[-117.81520698644336,34.51628783633613],[-117.81519908150241,34.515476284339655],[-117.81487226842826,34.515478464946106],[-117.81486963456784,34.51520794757502],[-117.81421601042277,34.515212306119935],[-117.81421337871832,34.51494178868597],[-117.81355975654056,34.51494614369151],[-117.81355712698307,34.51467562620365],[-117.81257669661798,34.51468215209587],[-117.81258982892741,34.51603473974182],[-117.81324345976495,34.51603038981175],[-117.81324608844207,34.5163009072547],[-117.81357290486696,34.516298730960166],[-117.81357553463104,34.51656924836718],[-117.81390235208,34.51656707117433],[-117.81390498294004,34.516837588554395],[-117.81423180140409,34.51683541046323],[-117.81423706534301,34.51737644514252],[-117.81554434729304,34.51736772384858]]]},"id":"2_+5400+4302","properties":{"count":56,"date":"2023-07-12","thr":1,"threshold":"TOP2"}},{"type":"Feature","geometry":{"geodesic":false,"type":"Polygon","coordinates":[[[-117.8263789342769,34.58844509268683],[-117.82637357766778,34.58790406595764],[-117.82604648219025,34.587906280493456],[-117.82604380499511,34.58763576709293],[-117.82538961606124,34.58764019349657],[-117.82538694103104,34.587369680033156],[-117.82473275407348,34.58737410287947],[-117.82473542699263,34.587644616387806],[-117.82342704841524,34.587653451651],[-117.82342437973614,34.58738293806182],[-117.82309728606421,34.58738514466552],[-117.82309461848104,34.587114631031426],[-117.82244043314044,34.58711904157082],[-117.82243776771323,34.58684852788283],[-117.8217835843579,34.5868529348649],[-117.82178092108666,34.58658242112301],[-117.82145383041511,34.58658462328005],[-117.82145116823081,34.58631410950222],[-117.82177825784235,34.586311907372135],[-117.82177559464296,34.586041393603296],[-117.82144850609143,34.58604359571542],[-117.821445843979,34.58577308191064],[-117.82111875645155,34.58577528312445],[-117.82111609544405,34.585504769292726],[-117.82078900893171,34.58550696959923],[-117.82079166888818,34.5857774834579],[-117.82046458128887,34.58577968291999],[-117.82046724022126,34.58605019678765],[-117.82079432888058,34.586047997307595],[-117.82080230905542,34.58685953876683],[-117.82047521721607,34.58686173830977],[-117.82047787629219,34.58713225213251],[-117.81949659738747,34.58713884557805],[-117.81949925331051,34.58740935945469],[-117.8191721592074,34.58741155553911],[-117.81917481411533,34.587682069415756],[-117.81852062369028,34.58768645899746],[-117.81852327650513,34.58795697291901],[-117.81819618018318,34.58795916641629],[-117.81819883197397,34.58822968033785],[-117.81689044208679,34.58823844565821],[-117.81687985208147,34.5871563895408],[-117.81655275875988,34.58715857859142],[-117.81655011240392,34.586888064508166],[-117.81687720466547,34.58688587547552],[-117.81687190995028,34.586344847317996],[-117.81654481979974,34.58634703630573],[-117.81654746608386,34.58661755041593],[-117.81589328357296,34.58662192579527],[-117.81589857200893,34.58716295406059],[-117.81557147857956,34.587165140488125],[-117.81557412179143,34.58743565461629],[-117.81491993270485,34.587440024875235],[-117.81490936856203,34.58635796808409],[-117.8145822782049,34.586360151807696],[-117.81457171885907,34.585278094738065],[-117.81489880497617,34.58527591109531],[-117.81489616417177,34.585005396814424],[-117.81653158891817,34.58499446559303],[-117.81652894284966,34.58472395141096],[-117.81718311038564,34.58471957283362],[-117.81718046222406,34.5844490586785],[-117.8178346274963,34.584444676633666],[-117.81783197725959,34.58417416252346],[-117.81815905878629,34.58417197020298],[-117.818161710083,34.5844424843042],[-117.81848879263377,34.5844402910854],[-117.81848614027706,34.58416977701113],[-117.8188132217229,34.58416758294791],[-117.81881587513963,34.58443809699523],[-117.81914295761855,34.5844359020337],[-117.81913764870099,34.58389487396601],[-117.82011888956207,34.583888283943054],[-117.8201242048397,34.584429311875994],[-117.82077836947413,34.58442491405674],[-117.82077570970631,34.58415440013518],[-117.8211027909096,34.584152199936476],[-117.82110013010872,34.5838816860239],[-117.82142721021609,34.583879484971796],[-117.82141922484898,34.58306794324306],[-117.82109214792165,34.58307014423229],[-117.82108948726449,34.5827996302748],[-117.82076241135226,34.58280183036571],[-117.82075975179106,34.58253131637229],[-117.81977852703677,34.582537911327],[-117.81976524564293,34.58118534085684],[-117.82009231530289,34.58118314352376],[-117.82008434371593,34.580371601166206],[-117.81910314416838,34.58037819032678],[-117.81910579815106,34.580648704526816],[-117.8187787305123,34.58065089918292],[-117.8187813834709,34.580921413391934],[-117.81845431472723,34.58092360719464],[-117.81845696666176,34.581194121412636],[-117.81812989683112,34.58119631436195],[-117.81812724595662,34.58092580012598],[-117.81780017715006,34.58092799217697],[-117.81779487761989,34.580386963615204],[-117.81714074413004,34.58039134499529],[-117.81713809654337,34.58012083065153],[-117.81582983338153,34.58012958282056],[-117.81582719007085,34.579859068377985],[-117.81550012525281,34.57986125420365],[-117.81549748302908,34.579590739725134],[-117.81713280146884,34.57957980193705],[-117.81713544899264,34.57985031629878],[-117.81746251363101,34.57984812608934],[-117.81745986504721,34.57957761174558],[-117.81778692859862,34.57957542068273],[-117.81778957823344,34.57984593500853],[-117.81811664280895,34.57984374303839],[-117.81811929353971,34.58011425732825],[-117.81910049022164,34.58010767611776],[-117.819089874785,34.579025619155935],[-117.81876281350634,34.57902781367729],[-117.81876016079029,34.57875729938743],[-117.81908722101792,34.57875510488404],[-117.8190792599233,34.577943561996484],[-117.81875220286672,34.57794575642801],[-117.81874955030338,34.57767524208424],[-117.8180954382114,34.57767962828828],[-117.8180980886637,34.57795014267696],[-117.81646280252735,34.577961092951625],[-117.81646015737512,34.57769057845515],[-117.81613310110005,34.57769276586185],[-117.81613045704377,34.57742225132944],[-117.81514929119201,34.57742880822253],[-117.81515193207726,34.57769932281782],[-117.81417076272209,34.57770587189557],[-117.81416812501688,34.57743535722841],[-117.81384106955929,34.577437538481654],[-117.81383843295004,34.577167023787545],[-117.8125302150004,34.577175739934134],[-117.81253284736961,34.577446254718076],[-117.81220579173235,34.577448431587534],[-117.81221368588453,34.578259975930365],[-117.81188662703131,34.578262151991346],[-117.81189714881857,34.57934421102828],[-117.81255127496019,34.57933985786428],[-117.81255390760788,34.5796103725494],[-117.8132080357258,34.57960601583706],[-117.81321067053842,34.579876530468276],[-117.81288360543293,34.57987870928709],[-117.81288623921249,34.58014922392729],[-117.81190504052732,34.58015575519145],[-117.8119024099278,34.57988524047938],[-117.81092121409927,34.57989176379344],[-117.81092384152774,34.58016227855941],[-117.8102697086757,34.580166623099586],[-117.8102749594004,34.580707652694414],[-117.80994789080944,34.58070982368889],[-117.80995313954887,34.58125085327473],[-117.80962606880196,34.58125302344276],[-117.8096391859658,34.58260559730855],[-117.80996626201278,34.58260342703272],[-117.80996888661156,34.58287394175378],[-117.81029596367362,34.58287177057964],[-117.81029858936836,34.583142285255775],[-117.8106256674635,34.5831401131923],[-117.81062829425416,34.583410627841495],[-117.81095537337337,34.58340845487072],[-117.81096062916458,34.58394948408825],[-117.81128771036788,34.583947310192215],[-117.81129033938637,34.58421782476056],[-117.81096325712306,34.58421999867456],[-117.81096588510849,34.584490513251886],[-117.81063880174923,34.584492686303506],[-117.81064142871058,34.58476320088982],[-117.80998725977322,34.584767544414895],[-117.8099846349319,34.58449702978367],[-117.80965755146482,34.584499200212214],[-117.80966017524615,34.5847697148614],[-117.80933309069212,34.58477188443654],[-117.80934620483762,34.58612445761961],[-117.8096732946917,34.586122287936675],[-117.80967591867964,34.586392802514],[-117.81065719121531,34.58638628814715],[-117.81065456404734,34.586115773641694],[-117.8109816537577,34.58611360045533],[-117.81098428199465,34.58638411494282],[-117.81163846343657,34.58637976590209],[-117.81163320276751,34.58583873698998],[-117.81196029131904,34.5858365611985],[-117.8119576599829,34.58556604674693],[-117.81228474743847,34.58556387010205],[-117.81227948274497,34.585022841207916],[-117.81293365330828,34.58501848536693],[-117.81293892224183,34.58555951417124],[-117.81326600959859,34.58555733489429],[-117.81326337404936,34.58528682052358],[-117.81359046031017,34.58528464039323],[-117.81358782373685,34.58501412602252],[-117.81391490890172,34.58501194503877],[-117.81393337303577,34.58690554518461],[-117.8142604655848,34.5869033631678],[-117.81426310452069,34.587173877403764],[-117.81459019808482,34.58717169448864],[-117.81459547818443,34.58771272287972],[-117.81426838249129,34.58771490583976],[-117.81427102153499,34.58798542003979],[-117.81230844030647,34.587998499519315],[-117.81231107302601,34.588269013836126],[-117.81198397497032,34.58827119069661],[-117.8119866066568,34.58854170503139],[-117.81133240832656,34.58854605617418],[-117.81133503793795,34.58881657053591],[-117.81100793765442,34.58881874481822],[-117.81101056624173,34.58908925918894],[-117.81362737596592,34.58907184021777],[-117.81363001306026,34.58934235439984],[-117.81395711517635,34.58934017306575],[-117.8139729448571,34.590963257771875],[-117.81430005329732,34.59096107542269],[-117.81430269276322,34.59123158947899],[-117.8149569116559,34.59122722211262],[-117.81495955327776,34.59149773611503],[-117.81561377415571,34.591493365200314],[-117.81561113041383,34.591222851242826],[-117.81593823974339,34.5912206644919],[-117.81593559497742,34.59095015055238],[-117.81626270321104,34.59094796294805],[-117.81625741167588,34.590406935069005],[-117.81658451774454,34.59040474662924],[-117.81657393085638,34.589322690808274],[-117.81690103265805,34.589320501586975],[-117.8168983849546,34.589049987620506],[-117.8182067875709,34.589041222039626],[-117.81821739552457,34.59012327746534],[-117.81854450032662,34.5901210837884],[-117.8185524598402,34.590932625157805],[-117.81920667570556,34.59092823504609],[-117.81920402037541,34.590657721313185],[-117.81953112718969,34.59065552495927],[-117.81953378357984,34.590926038674205],[-117.8201879992296,34.59092164329837],[-117.82019065776674,34.591192156959416],[-117.82051776660222,34.591189957937495],[-117.8205230859133,34.591730985169754],[-117.82085019683286,34.59172878522257],[-117.82084753609486,34.59145827163339],[-117.82150175569721,34.591453869160866],[-117.8214990928841,34.59118335560762],[-117.82182620157585,34.59118115307329],[-117.82182353772967,34.59091063952903],[-117.82215064532548,34.5909084361413],[-117.82214798045523,34.59063792260602],[-117.82247508695508,34.590635718364894],[-117.82247242106973,34.5903652048386],[-117.82279952646466,34.590362999744066],[-117.82279419267276,34.589821972700456],[-117.82312129592071,34.589819766770496],[-117.82311862801416,34.58954925325318],[-117.82344573016617,34.589547046469825],[-117.82344039234981,34.58900601944418],[-117.82376749234587,34.589003811825386],[-117.82376482242708,34.58873329831705],[-117.82441902019137,34.58872888051029],[-117.82441634818849,34.588458367028906],[-117.8263789342769,34.58844509268683]],[[-117.81487239848634,34.582570767774456],[-117.81486975802332,34.58230025337679],[-117.81454268356636,34.582302436768025],[-117.81454004420826,34.58203192233443],[-117.81388589729758,34.58203628645788],[-117.81389644648345,34.58311834429107],[-117.81455060186525,34.583113979996945],[-117.8145453229604,34.58257295119264],[-117.81487239848634,34.582570767774456]],[[-117.81456379972475,34.58446655179661],[-117.81455588090485,34.58365500875634],[-117.8142288011119,34.583657191384],[-117.81422616263414,34.58338667699532],[-117.81357200506046,34.58339103958265],[-117.8135746414182,34.583661554016246],[-117.81324756151744,34.583663734020824],[-117.8132501968511,34.5839342484634],[-117.81292311586338,34.58393642761459],[-117.81292838451846,34.58447745651771],[-117.81358255070698,34.58447309725415],[-117.81358518719945,34.58474361165181],[-117.81391227130432,34.58474143068603],[-117.81390963374285,34.58447091631532],[-117.81456379972475,34.58446655179661]]]},"id":"2_+5402+4071","properties":{"count":1158,"date":"2023-07-12","thr":1,"threshold":"TOP2"}},{"type":"Feature","geometry":{"geodesic":false,"type":"Polygon","coordinates":[[[-117.8128483384642,34.50899910666967],[-117.81284308514337,34.50845807105613],[-117.8125162992702,34.50846024497912],[-117.8125136737192,34.50818972713193],[-117.81153331906413,34.508196243582866],[-117.81154118632074,34.50900779727716],[-117.81186797441275,34.50900562594132],[-117.81187322153521,34.5095466616357],[-117.81220001170233,34.5095444893746],[-117.81219738705863,34.50927397155436],[-117.81252417613878,34.509271798448836],[-117.81252155047999,34.50900128063758],[-117.8128483384642,34.50899910666967]]]},"id":"2_+5403+4326","properties":{"count":14,"date":"2023-07-12","thr":1,"threshold":"TOP2"}},{"type":"Feature","geometry":{"geodesic":false,"type":"Polygon","coordinates":[[[-117.81030211990014,34.51604993698166],[-117.81029950075413,34.51577941932311],[-117.80997268609893,34.51578158684111],[-117.80997530418493,34.51605210451762],[-117.81030211990014,34.51604993698166]]]},"id":"2_+5408+4298","properties":{"count":1,"date":"2023-07-12","thr":1,"threshold":"TOP2"}},{"type":"Feature","geometry":{"geodesic":false,"type":"Polygon","coordinates":[[[-117.81130354655244,34.51820756943477],[-117.81130092396587,34.51793705193792],[-117.81097410095634,34.51793922224969],[-117.81097147946574,34.517668704716904],[-117.8106446574803,34.51767087413933],[-117.81064203707663,34.51740035657061],[-117.81031521611527,34.517402525094724],[-117.81031259680756,34.517132007499065],[-117.8099857768613,34.51713417512486],[-117.80997792229788,34.51632262218515],[-117.80965110549572,34.5163247888767],[-117.80965895688807,34.517136341870305],[-117.80933213687892,34.51713850774439],[-117.80933998542362,34.51795006070206],[-117.80901316220749,34.517952225767665],[-117.80902623852494,34.51930481388972],[-117.81000672390286,34.519298315737466],[-117.81000934243801,34.51956883326126],[-117.81033617187947,34.519566665437836],[-117.81033355229329,34.519296147940985],[-117.81066038064779,34.51929397926416],[-117.81065776002855,34.51902346177629],[-117.81098458729609,34.519021292246066],[-117.81097672249187,34.5182097397645],[-117.81130354655244,34.51820756943477]]]},"id":"2_+5409+4296","properties":{"count":46,"date":"2023-07-12","thr":1,"threshold":"TOP2"}},{"type":"Feature","geometry":{"geodesic":false,"type":"Polygon","coordinates":[[[-117.80796616744341,34.44329104774957],[-117.80796356294893,34.44302052671336],[-117.80731050039464,34.44302484043234],[-117.80730789803813,34.44275431934223],[-117.80796095848139,34.44275000565918],[-117.8079531452854,34.44193844242478],[-117.80762661823482,34.4419405996391],[-117.80762401496204,34.44167007851306],[-117.80729748892657,34.44167223482907],[-117.80729488674075,34.44140171367607],[-117.80598878647956,34.4414103301456],[-117.80600177672943,34.44276293624294],[-117.80632830711275,34.44276078332257],[-117.8063335055555,34.44330182563753],[-117.80666003800495,34.44329967180088],[-117.80666263833125,34.44357019291794],[-117.80764223862607,34.44356372612587],[-117.80763963513769,34.44329320507169],[-117.80796616744341,34.44329104774957]]]},"id":"2_+5418+4573","properties":{"count":38,"date":"2023-07-12","thr":1,"threshold":"TOP2"}},{"type":"Feature","geometry":{"geodesic":false,"type":"Polygon","coordinates":[[[-117.81346511447092,34.50520750642077],[-117.81346248617106,34.50493698849272],[-117.81313571408704,34.50493916387997],[-117.81313308688314,34.50466864591599],[-117.81280631582318,34.50467082040492],[-117.81280368970624,34.50440030240501],[-117.81247691967037,34.50440247599562],[-117.81247166965534,34.503861439923945],[-117.81181813369788,34.503865784401235],[-117.81182075658089,34.50413630249098],[-117.81116721836864,34.50414064350975],[-117.81116459759669,34.5038701253751],[-117.81149136566525,34.50386795532385],[-117.81148874387819,34.50359743720716],[-117.81116197686964,34.503599607240446],[-117.81115935616954,34.50332908908783],[-117.81083259017609,34.503331258222794],[-117.81082735099474,34.502790221836705],[-117.81050058707639,34.50279239004641],[-117.81049796859514,34.50252187181294],[-117.80919091681146,34.50253053585724],[-117.80918830257923,34.50226001752496],[-117.80886154060124,34.50226218133292],[-117.80885631436462,34.5017211445875],[-117.80852955446174,34.501723307479175],[-117.80852694244835,34.50145278906604],[-117.80787342465483,34.50145711217242],[-117.80787081478842,34.501186593705384],[-117.8072172989622,34.50119091328138],[-117.80721469124276,34.50092039475147],[-117.80460063498965,34.50093763792233],[-117.80460583358513,34.50147867529657],[-117.8049325928502,34.50147652292416],[-117.80493779369145,34.502017560208564],[-117.80526455503163,34.50201540691089],[-117.80526975811867,34.502556444114454],[-117.80559652153397,34.5025542899005],[-117.80560172687578,34.50309532700524],[-117.80527496134945,34.503097481264106],[-117.80528536822422,34.50417955541071],[-117.80561213797263,34.50417740107099],[-117.80561474084116,34.50444791955599],[-117.80724859433532,34.50443713461625],[-117.80725120250392,34.504707652984465],[-117.80823151735464,34.50470117146901],[-117.80823412873022,34.50497168975638],[-117.80888767389541,34.50496736433235],[-117.80889290097646,34.50550840078132],[-117.8092196756207,34.505506236721835],[-117.80922229026615,34.505776754901405],[-117.81216326997838,34.505757238786266],[-117.81216064583774,34.50548672079534],[-117.8131409686116,34.505480199763],[-117.81313834133584,34.505209681825974],[-117.81346511447092,34.50520750642077]]]},"id":"2_+5424+4353","properties":{"count":258,"date":"2023-07-12","thr":1,"threshold":"TOP2"}},{"type":"Feature","geometry":{"geodesic":false,"type":"Polygon","coordinates":[[[-117.80468009192876,34.44114841132265],[-117.80467749823202,34.44087788997203],[-117.8043509750442,34.44088003838286],[-117.80434838242545,34.44060951698732],[-117.8040218602617,34.44061166450882],[-117.80402704342411,34.44115270731787],[-117.80468009192876,34.44114841132265]]]},"id":"2_+5424+4576","properties":{"count":3,"date":"2023-07-12","thr":1,"threshold":"TOP2"}},{"type":"Feature","geometry":{"geodesic":false,"type":"Polygon","coordinates":[[[-117.80933398937572,34.61858829403538],[-117.80932348544697,34.617506241277674],[-117.80899627249674,34.61750841173316],[-117.80899889736502,34.61777892496302],[-117.80638118400752,34.61779625717489],[-117.80637856762831,34.61752574377436],[-117.80605135436367,34.617527906324675],[-117.80604873908042,34.617257392888206],[-117.80572152683987,34.61725955454919],[-117.80571891266155,34.61698904107679],[-117.80506449020164,34.6169933617128],[-117.80507232649333,34.617804902219824],[-117.80474511202495,34.61780706128468],[-117.80475033427305,34.61834808827439],[-117.80442311764872,34.61835024650381],[-117.80442833791156,34.61889127349352],[-117.80410111912228,34.6188934308875],[-117.80411155582111,34.61997548479506],[-117.80771100721229,34.619951704188615],[-117.80770838630558,34.619681190967746],[-117.80803560788861,34.61967902384501],[-117.80803298595782,34.6194085106421],[-117.80836020644492,34.61940634266596],[-117.80835758349005,34.61913582946306],[-117.8086848028812,34.61913366063352],[-117.80868217889326,34.618863147448586],[-117.80900939718848,34.61886097775666],[-117.80900677218544,34.618590464580706],[-117.80933398937572,34.61858829403538]]]},"id":"2_+5426+3924","properties":{"count":117,"date":"2023-07-12","thr":1,"threshold":"TOP2"}},{"type":"Feature","geometry":{"geodesic":false,"type":"Polygon","coordinates":[[[-117.80263490556132,34.50040949590891],[-117.80263231271799,34.50013897703764],[-117.80132529559131,34.500147556424714],[-117.80132788421255,34.500418075376835],[-117.8016546396059,34.5004159318169],[-117.80165722931412,34.50068645073309],[-117.80231074209505,34.50068216095421],[-117.80230815027578,34.500411642082945],[-117.80263490556132,34.50040949590891]]]},"id":"2_+5434+4356","properties":{"count":6,"date":"2023-07-12","thr":1,"threshold":"TOP2"}},{"type":"Feature","geometry":{"geodesic":false,"type":"Polygon","coordinates":[[[-117.80084335029477,34.48391853854001],[-117.8008407648266,34.48364801882432],[-117.80051407477673,34.48365015930303],[-117.80051665918488,34.483920679036686],[-117.80084335029477,34.48391853854001]]]},"id":"2_+5436+4417","properties":{"count":1,"date":"2023-07-12","thr":1,"threshold":"TOP2"}},{"type":"Feature","geometry":{"geodesic":false,"type":"Polygon","coordinates":[[[-117.80894378247044,34.61209814457592],[-117.80893328614142,34.61101609056057],[-117.8086060986225,34.61101825961469],[-117.80859560709949,34.60993620531187],[-117.80892279037836,34.60993403634758],[-117.80891754269895,34.609393009169224],[-117.8085903615491,34.6093951780886],[-117.80858773882778,34.60912466446349],[-117.80727901811804,34.60913333129257],[-117.80728163659928,34.609403845007506],[-117.80695445526976,34.6094060095431],[-117.80695969021106,34.60994703698197],[-117.80597813966479,34.60995352545937],[-117.8059755253607,34.60968301168155],[-117.80499397767106,34.60968949219987],[-117.80498614451449,34.60887795058792],[-117.80400460606852,34.60888442302141],[-117.80399939050388,34.60834339508846],[-117.80334503560627,34.608347705564526],[-117.80334242999787,34.608077191544155],[-117.80268807708553,34.60808149846288],[-117.8026906805739,34.60835201253715],[-117.80170914776036,34.608358466411445],[-117.80170654746101,34.608087952274296],[-117.80105219419833,34.60809225042547],[-117.80105479238665,34.608362764607534],[-117.8007276146414,34.60836491238955],[-117.80073280898783,34.6089059407447],[-117.80138716868245,34.60890164421947],[-117.8013897680296,34.60917215833866],[-117.80171694888301,34.60917000873307],[-117.8017195493261,34.60944052281632],[-117.80204673121257,34.60943837232139],[-117.80204933275161,34.609708886368715],[-117.80172214980512,34.60971103689059],[-117.80172475032006,34.60998155095587],[-117.80303348613049,34.609972943514414],[-117.80303869574828,34.61051397142939],[-117.80271150972057,34.61051612464621],[-117.80271411352335,34.6107866386037],[-117.80238692640867,34.61078879096712],[-117.8023843236659,34.61051827698268],[-117.8020571375753,34.610520428447785],[-117.80205453592848,34.6102499144364],[-117.80172735087095,34.610252065003195],[-117.80172995144878,34.61052257904153],[-117.80140276528631,34.610524728745936],[-117.80141316371692,34.61160678485437],[-117.80174035411943,34.611604635060125],[-117.80174295487693,34.611875149035576],[-117.8020701463125,34.611872998343024],[-117.80207535004632,34.61241402621308],[-117.80240254356599,34.61241187459527],[-117.80241816197196,34.61403495778323],[-117.80274536182475,34.614032805159304],[-117.80275057036457,34.614573832750885],[-117.80307777230145,34.61457167921067],[-117.80309079955292,34.61592424785725],[-117.80407242108407,34.61591778164011],[-117.8040750298186,34.6161882952742],[-117.80472944612505,34.61618398002808],[-117.8047268352615,34.615913466447886],[-117.80505404230082,34.615911307526765],[-117.80504881855252,34.61537028036638],[-117.8057032282833,34.61536595999088],[-117.8056980004297,34.61482493285744],[-117.80602520312117,34.61482277140307],[-117.80602258818826,34.61455225784084],[-117.8063497897748,34.61455009552409],[-117.80634717381781,34.61427958197084],[-117.80667437431738,34.61427741880069],[-117.8066691403822,34.61373639170318],[-117.80732353701553,34.61373206282064],[-117.80732091797732,34.61346154929434],[-117.80830250949576,34.613455049444276],[-117.80829988731345,34.613184535971875],[-117.8086270833484,34.613182367627424],[-117.80861659071147,34.61210031371987],[-117.80894378247044,34.61209814457592]],[[-117.80534728367093,34.612392470580886],[-117.80534205870991,34.611851443142015],[-117.80501486763366,34.61185360261111],[-117.80502009046567,34.6123946300949],[-117.80534728367093,34.612392470580886]],[[-117.80469289722448,34.61239678872856],[-117.8046876765125,34.611855761199855],[-117.80403329417136,34.611860075745284],[-117.80403590238487,34.612130589559044],[-117.8043630946379,34.61212843270405],[-117.80436570394737,34.61239894648187],[-117.80469289722448,34.61239678872856]]]},"id":"2_+5438+3957","properties":{"count":430,"date":"2023-07-12","thr":1,"threshold":"TOP2"}},{"type":"Feature","geometry":{"geodesic":false,"type":"Polygon","coordinates":[[[-117.79826517071494,34.556168289708346],[-117.7982625866212,34.55589777302897],[-117.79793561418592,34.55589991049832],[-117.79793819722863,34.55617042720465],[-117.79826517071494,34.556168289708346]]]},"id":"2_+5446+4150","properties":{"count":1,"date":"2023-07-12","thr":1,"threshold":"TOP2"}},{"type":"Feature","geometry":{"geodesic":false,"type":"Polygon","coordinates":[[[-117.79888320311439,34.48393136841364],[-117.79888062397934,34.48366084857219],[-117.79692048189241,34.48367364688801],[-117.79692305470331,34.48394416686421],[-117.79888320311439,34.48393136841364]]]},"id":"2_+5447+4417","properties":{"count":6,"date":"2023-07-12","thr":1,"threshold":"TOP2"}},{"type":"Feature","geometry":{"geodesic":false,"type":"Polygon","coordinates":[[[-117.79500347449793,34.62571633054854],[-117.79499831408087,34.62517530292102],[-117.79467106987826,34.6251774353688],[-117.7946762281753,34.62571846303224],[-117.79500347449793,34.62571633054854]]]},"id":"2_+5458+3894","properties":{"count":2,"date":"2023-07-12","thr":1,"threshold":"TOP2"}},{"type":"Feature","geometry":{"geodesic":false,"type":"Polygon","coordinates":[[[-117.79421623507224,34.5085805895738],[-117.79421110224244,34.50803955144499],[-117.79388431650402,34.50804167550249],[-117.79387918592899,34.50750063729282],[-117.79322561858439,34.507504882703905],[-117.7932281817474,34.50777540186264],[-117.792574612157,34.50777964381521],[-117.79258229551051,34.50859120134531],[-117.79290908349472,34.50858908073733],[-117.7929142080151,34.50913011898293],[-117.79356778809782,34.509125875063056],[-117.79356522370412,34.50885535599415],[-117.79389201264055,34.50885323274513],[-117.79388944722278,34.508582713676226],[-117.79421623507224,34.5085805895738]]]},"id":"2_+5459+4329","properties":{"count":21,"date":"2023-07-12","thr":1,"threshold":"TOP2"}},{"type":"Feature","geometry":{"geodesic":false,"type":"Polygon","coordinates":[[[-117.7873722691183,34.05627244856278],[-117.78736476445766,34.05546083000114],[-117.78671468567556,34.055464992434835],[-117.786712186257,34.05519445284842],[-117.78541203241181,34.055202767304344],[-117.7854145277071,34.055473306971614],[-117.78508948813189,34.055475383463325],[-117.78509447674615,34.05601646280685],[-117.78541951838749,34.05601438627921],[-117.78542201378158,34.056284925910546],[-117.78607209903157,34.05628077023218],[-117.78607459651873,34.05655130980961],[-117.78704972723688,34.056545069779276],[-117.78704722665051,34.056274530264716],[-117.7873722691183,34.05627244856278]]]},"id":"2_+5470+6001","properties":{"count":27,"date":"2023-07-12","thr":1,"threshold":"TOP2"}},{"type":"Feature","geometry":{"geodesic":false,"type":"Polygon","coordinates":[[[-117.77997534261304,34.488382105454114],[-117.77997030560654,34.48784106368712],[-117.77964359756339,34.48784314858706],[-117.77964108016057,34.48757262766763],[-117.77931437313254,34.48757471167824],[-117.77931185682567,34.487304190722874],[-117.77833173870599,34.487310437445664],[-117.77833676502254,34.48785147948216],[-117.77801005679974,34.48785356001629],[-117.7780125689564,34.488124081034535],[-117.77768585965562,34.48812616071527],[-117.77768837078821,34.48839668174249],[-117.77834179147385,34.488392521455765],[-117.7783468180599,34.488933563393445],[-117.77932695516998,34.48892731628438],[-117.7793244387014,34.488656795382916],[-117.77965114995152,34.48865471129145],[-117.77964863244989,34.488384190407956],[-117.77997534261304,34.488382105454114]]]},"id":"2_+5504+4404","properties":{"count":27,"date":"2023-07-12","thr":1,"threshold":"TOP2"}},{"type":"Feature","geometry":{"geodesic":false,"type":"Polygon","coordinates":[[[-117.77523743357986,34.50599713941651],[-117.77523492870853,34.50572661900912],[-117.77425459404097,34.50573283593479],[-117.77425709574123,34.50600335639608],[-117.77523743357986,34.50599713941651]]]},"id":"2_+5517+4336","properties":{"count":3,"date":"2023-07-12","thr":1,"threshold":"TOP2"}},{"type":"Feature","geometry":{"geodesic":false,"type":"Polygon","coordinates":[[[-117.77805480828904,34.63312995362675],[-117.77804723064028,34.63231840985885],[-117.77771995705378,34.6323204972022],[-117.77771743229376,34.632049982561995],[-117.77739015974032,34.632052069007045],[-117.77738763608522,34.63178155433989],[-117.77706036455585,34.63178363988661],[-117.77705784199671,34.631513125183524],[-117.77673057150041,34.63151520982296],[-117.77672805002821,34.63124469509292],[-117.77640078055599,34.63124677883403],[-117.77639826018874,34.63097626406806],[-117.77508918622549,34.63098459018412],[-117.77509925092298,34.632066649517505],[-117.77477197810003,34.632068728937725],[-117.77479210060494,34.634232847182275],[-117.77511938192595,34.63423076760036],[-117.7751218984574,34.63450128230345],[-117.77544918080248,34.634499201814236],[-117.77545169842988,34.634769716490375],[-117.77610626515023,34.634765552843945],[-117.7761037454028,34.63449503821272],[-117.77708559205178,34.63448878622581],[-117.77708306915127,34.63421827164848],[-117.77741035022973,34.634216185913104],[-117.7774053024075,34.63367515675846],[-117.77773258133898,34.63367307019663],[-117.77772753152249,34.633132041032994],[-117.77805480828904,34.63312995362675]]]},"id":"2_+5518+3873","properties":{"count":103,"date":"2023-07-12","thr":1,"threshold":"TOP2"}},{"type":"Feature","geometry":{"geodesic":false,"type":"Polygon","coordinates":[[[-117.77514958245935,34.6374769432559],[-117.77514203187684,34.63666539950596],[-117.77481474098879,34.63666747927652],[-117.77481222525682,34.63639696464529],[-117.77448493540183,34.63639904351754],[-117.77448996478165,34.63694007280694],[-117.7741626727707,34.63694215084375],[-117.77416770014727,34.637483180124164],[-117.77514958245935,34.6374769432559]]]},"id":"2_+5520+3853","properties":{"count":9,"date":"2023-07-12","thr":1,"threshold":"TOP2"}},{"type":"Feature","geometry":{"geodesic":false,"type":"Polygon","coordinates":[[[-117.77734978522038,34.627723832850315],[-117.77734221595291,34.62691228822901],[-117.77668771110852,34.626916457687535],[-117.77668519021125,34.626645942741895],[-117.77635793879517,34.62664802613267],[-117.77636045863242,34.62691854109627],[-117.77603320612039,34.62692062362466],[-117.77603068734315,34.6266501086431],[-117.77406717794833,34.626662585281196],[-117.77407974029468,34.62801516070107],[-117.77440699725338,34.62801308335596],[-117.77440951088327,34.62828359838244],[-117.77473676887502,34.62828152013003],[-117.77473928360087,34.628552035120585],[-117.77604831946657,34.62854371327152],[-117.77604328154376,34.62800268343415],[-117.77669779502996,34.62799851732634],[-117.77669527399794,34.6277280024346],[-117.77734978522038,34.627723832850315]]]},"id":"2_+5521+3889","properties":{"count":54,"date":"2023-07-12","thr":1,"threshold":"TOP2"}},{"type":"Feature","geometry":{"geodesic":false,"type":"Polygon","coordinates":[[[-117.77671827172261,34.48948499985406],[-117.77671074750566,34.4886734367005],[-117.7763840359591,34.48867551294069],[-117.7763790220932,34.48813447073351],[-117.77572560311434,34.48813862049199],[-117.77572309834183,34.48786809933001],[-117.77539638984955,34.48787017288423],[-117.775393886164,34.487599651686324],[-117.77506717870476,34.48760172434223],[-117.77506217354353,34.487060681874546],[-117.77473546815042,34.48706275361417],[-117.77473296667473,34.48679223234439],[-117.77440626231468,34.486794303194685],[-117.77440376192597,34.486523781879995],[-117.77179013422315,34.48654031707062],[-117.7718025943053,34.487892924317805],[-117.77147588542672,34.487894987388685],[-117.77148584987224,34.488977073042705],[-117.77083242356314,34.48898119673206],[-117.77083740176593,34.48952223957704],[-117.77051068645542,34.489524300150606],[-117.77050571036368,34.488983257269695],[-117.76985228385695,34.488987375721884],[-117.76984731211303,34.488446332706225],[-117.76919388968466,34.48845044758311],[-117.76919637343659,34.488720969131364],[-117.76886966111746,34.48872302527624],[-117.76886221314952,34.4879114605147],[-117.76788208549871,34.487917623532475],[-117.76789200353726,34.488999710102775],[-117.76756529003237,34.48900176278015],[-117.76758016175867,34.49062489240203],[-117.7679068815877,34.4906228395989],[-117.76790936137806,34.49089336113816],[-117.76954296531125,34.49088308394419],[-117.76954048024777,34.490612562512716],[-117.77084735857576,34.490604325114276],[-117.77084984786131,34.4908748464649],[-117.77313689103934,34.4908603972522],[-117.77313439436963,34.490589876045306],[-117.77411455206908,34.490583670483325],[-117.77411205227324,34.49031314933033],[-117.77541892451964,34.490304863099475],[-117.77541642053764,34.49003434201835],[-117.77606985434768,34.49003019370616],[-117.7760673482816,34.489759672651985],[-117.77639406408618,34.48975759720231],[-117.776391557005,34.48948707615712],[-117.77671827172261,34.48948499985406]]]},"id":"2_+5524+4407","properties":{"count":287,"date":"2023-07-12","thr":1,"threshold":"TOP2"}},{"type":"Feature","geometry":{"geodesic":false,"type":"Polygon","coordinates":[[[-117.77116446449988,34.63127999935071],[-117.77116196111976,34.63100948425236],[-117.7708346921416,34.63101155304551],[-117.77083719446172,34.631282068170805],[-117.77116446449988,34.63127999935071]]]},"id":"2_+5531+3873","properties":{"count":1,"date":"2023-07-12","thr":1,"threshold":"TOP2"}},{"type":"Feature","geometry":{"geodesic":false,"type":"Polygon","coordinates":[[[-117.76996169574801,34.500890309723445],[-117.76995672108458,34.500349267776784],[-117.7696299634724,34.5003513265627],[-117.76963493602479,34.500892368545294],[-117.76996169574801,34.500890309723445]]]},"id":"2_+5531+4356","properties":{"count":2,"date":"2023-07-12","thr":1,"threshold":"TOP2"}},{"type":"Feature","geometry":{"geodesic":false,"type":"MultiPolygon","coordinates":[[[[-117.80000320618943,34.60106531652175],[-117.8000058002904,34.60133583108111],[-117.80066010072316,34.60133153927204],[-117.8006626969801,34.60160205376852],[-117.8009898481981,34.60159990652549],[-117.80098465360014,34.60105887755051],[-117.80000320618943,34.60106531652175]]],[[[-117.73301648934532,34.53601678777446],[-117.73301411823314,34.535746266073495],[-117.73236032097373,34.53575018867498],[-117.73236268996588,34.536020710420864],[-117.73301648934532,34.53601678777446]]],[[[-117.73291409706954,34.63611488815737],[-117.7322595132273,34.63611882012829],[-117.73226189078039,34.63638933741853],[-117.73193459775435,34.6363913021149],[-117.73193697427438,34.63666181941412],[-117.73226426836044,34.63665985469978],[-117.73226664597642,34.63693037197205],[-117.7329212361967,34.636926439875374],[-117.73291409706954,34.63611488815737]]],[[[-117.73091562353706,34.52006773698068],[-117.73058878602872,34.52006969233457],[-117.73060531986289,34.521963349891735],[-117.73093216477334,34.52196139440309],[-117.73092980164719,34.52169087195652],[-117.7312566454617,34.52168891561448],[-117.73125428131146,34.52141839316791],[-117.73158112404799,34.52141643597247],[-117.7315787588647,34.52114591353489],[-117.73125191718819,34.52114787071236],[-117.73124482501596,34.52033630326486],[-117.73091798647457,34.520338259508094],[-117.73091562353706,34.52006773698068]]],[[[-117.70338385920577,34.51103110980217],[-117.70338158606386,34.51076058522659],[-117.70305478291608,34.5107624664605],[-117.70305705500697,34.51103299105404],[-117.70338385920577,34.51103110980217]]],[[[-117.67045295028876,34.561536204641676],[-117.67077995413814,34.56153440832552],[-117.67077778226331,34.561263884145205],[-117.67110478501675,34.561262086966664],[-117.67110261212682,34.56099156278635],[-117.67044860870405,34.56099515622715],[-117.67045295028876,34.561536204641676]]],[[[-117.73301648934532,34.53601678777446],[-117.73301886048444,34.53628730946644],[-117.73269195975267,34.53628927124329],[-117.73269432986773,34.53655979294426],[-117.73236742804899,34.53656175386771],[-117.73237453541172,34.53737331894365],[-117.732047630386,34.53737527904964],[-117.73204999851578,34.53764580074162],[-117.73172309240312,34.53764775999421],[-117.73172782663245,34.53818880336919],[-117.73140091837281,34.53819076178634],[-117.73140565062586,34.53873180516132],[-117.73173256099655,34.538729846708236],[-117.731734928228,34.5390003683553],[-117.73206183962277,34.5389984090039],[-117.73207131307609,34.54008049539454],[-117.73174439745026,34.54008245482679],[-117.73175149970157,34.54089401955239],[-117.73142458086876,34.54089597815819],[-117.73142694729172,34.541166499733386],[-117.73110002737195,34.54116845748579],[-117.73110239276185,34.541438979060985],[-117.72979470852827,34.5414468014198],[-117.72979234736046,34.541176279763754],[-117.72946542727898,34.54117823314135],[-117.72946070716216,34.54063718975739],[-117.72913378916478,34.54063914221871],[-117.72912907127579,34.54009809874491],[-117.7288021553625,34.54010005029894],[-117.72879979752743,34.539829528517124],[-117.72814596772204,34.53983342895717],[-117.72813890074757,34.53902186344105],[-117.72781198896652,34.53902381229114],[-117.72780963442827,34.53875329041051],[-117.72879036649255,34.53874744129105],[-117.72878329355326,34.53793587574798],[-117.72812947854314,34.53793977590955],[-117.72812712307962,34.537669254001976],[-117.72780021658066,34.53767120275325],[-117.72780257100214,34.53794172468778],[-117.72682184816357,34.537947565749356],[-117.72681949692212,34.53767704375194],[-117.7271464035109,34.53767509763273],[-117.72714169900681,34.537134053646895],[-117.72746860343963,34.53713210669225],[-117.72746625017697,34.53686158470382],[-117.72812005685074,34.53685768818941],[-117.72811770150399,34.53658716622793],[-117.72877150593196,34.53658326626399],[-117.72876914851011,34.536312744329464],[-117.72909604961917,34.53631079304493],[-117.72909369116425,34.53604027111939],[-117.730401291064,34.53603245733949],[-117.73039656579085,34.53549141360518],[-117.72974277013044,34.535495322166],[-117.72973804921413,34.534954278305925],[-117.72941115345004,34.534956231243356],[-117.72940643477952,34.534415187293455],[-117.72973332842358,34.53441323440094],[-117.72972388721978,34.53333114643825],[-117.7293969977978,34.533333099249916],[-117.72939463863322,34.53306257720759],[-117.7290677502443,34.53306452912992],[-117.72907010834888,34.533335051190214],[-117.72874321886401,34.533337002250164],[-117.72873850479287,34.53279595807568],[-117.72645029234072,34.53280959074674],[-117.72644794275217,34.5325390684978],[-117.72612105618684,34.53254101250597],[-117.72610931400234,34.53118840101874],[-117.72643619527659,34.53118645710938],[-117.7264338458767,34.530915934797555],[-117.726760726064,34.5309139900348],[-117.72675367487292,34.530102423081374],[-117.72642679785667,34.53010436778125],[-117.72642444858255,34.52983384542451],[-117.72609757259039,34.52983578923506],[-117.72609522440321,34.52956526683341],[-117.72576834943513,34.52956720975462],[-117.72576600233492,34.52929668732602],[-117.72543912839092,34.529298629348915],[-117.72543443640036,34.52875758441985],[-117.72510756454045,34.52875952552647],[-117.7251028747867,34.52821848050757],[-117.72477600501087,34.52822042070688],[-117.72477366124342,34.5279498981615],[-117.72411992371299,34.527953775883155],[-117.724115240481,34.527412730675614],[-117.7237883737864,34.52741466818897],[-117.7237836928002,34.526873622900574],[-117.72345682818072,34.52687555949765],[-117.72345448878805,34.52660503680853],[-117.72378135234753,34.52660310022943],[-117.72377667154997,34.52606205486917],[-117.72410353296247,34.52606011745463],[-117.72409885017964,34.525519072076406],[-117.72442570945417,34.52551713382643],[-117.72442336704316,34.5252466111463],[-117.72409650882867,34.52524854937831],[-117.72408948497332,34.52443698118521],[-117.72376262990292,34.524438918482964],[-117.72375794959945,34.523897872925076],[-117.72310424358191,34.52390174481667],[-117.72309956763526,34.523360699124034],[-117.72244586571405,34.523364567440325],[-117.72244119411525,34.52282352163091],[-117.72309489180539,34.522819653395466],[-117.72308787830762,34.52200808469931],[-117.7237415695299,34.52200421307722],[-117.72373922964317,34.521733690199454],[-117.72406607415836,34.521731753099324],[-117.72406373324755,34.52146123022157],[-117.7247174200591,34.521457353434165],[-117.72471976308096,34.52172787626701],[-117.72602714056681,34.52172011211902],[-117.72602479331388,34.52144958935804],[-117.72635163655347,34.52144764615835],[-117.72635398485743,34.521718168901366],[-117.72668082911211,34.521716224803356],[-117.726683178512,34.52198674751044],[-117.72701002379077,34.52198480251412],[-117.72701707533218,34.52279637050959],[-117.72734392375504,34.52279442457902],[-117.727350978746,34.52360599240381],[-117.72702412715208,34.52360793838828],[-117.7270264778186,34.52387846098756],[-117.72637277242988,34.52388235036935],[-117.72637746963068,34.52442339562181],[-117.72768488874446,34.52441561320209],[-117.72768253590402,34.52414509065671],[-117.72833624316122,34.52414119424111],[-117.72833388822771,34.523870671731665],[-117.72866074075587,34.5238687222258],[-117.72865838480726,34.523598199725335],[-117.72898523623948,34.52359624936607],[-117.7289828792668,34.52332572687459],[-117.72963657993036,34.523321823577895],[-117.72963422087358,34.52305130110438],[-117.72898052232105,34.52305520436514],[-117.72897816540225,34.52278468183773],[-117.72930501363648,34.52278273066998],[-117.72928850871908,34.520889072816374],[-117.72961534953322,34.520887120903026],[-117.7296129907549,34.52061659832171],[-117.7299398304731,34.520614645563946],[-117.7299374706707,34.52034412299162],[-117.73026430931093,34.52034216937147],[-117.73026194848445,34.52007164680812],[-117.72993511090425,34.52007360040132],[-117.72992567214386,34.51899150994131],[-117.730252505493,34.51898955642896],[-117.73024778419041,34.51844851115854],[-117.73057461539258,34.51844655681075],[-117.73057225373068,34.51817603417554],[-117.73089908385487,34.51817407896537],[-117.73089672116889,34.51790355634813],[-117.73122355019713,34.51790160027558],[-117.73122827771606,34.51844264547414],[-117.73155510882839,34.518440688494294],[-117.73155747368828,34.51871121104866],[-117.73253797000768,34.51870533480906],[-117.73254033806559,34.51897585730054],[-117.73123300536075,34.5189836906188],[-117.73123536922351,34.51925421317317],[-117.73090853491318,34.51925616933555],[-117.73091562353706,34.52006773698068],[-117.73222297328294,34.520059906851436],[-117.7322206061503,34.519789384386904],[-117.73287427871458,34.519785464112054],[-117.73287664795825,34.520055986531666],[-117.73385715974663,34.5200500995033],[-117.73385478733191,34.519779577146565],[-117.73450845958176,34.51977564813111],[-117.73450608508294,34.51950512579234],[-117.73515975509599,34.51950119331837],[-117.73515737852206,34.519230671015535],[-117.73646471393981,34.51922279564713],[-117.73645281040889,34.51787018433058],[-117.73612598188372,34.5178721543899],[-117.73612122279799,34.51733110973931],[-117.73644804921213,34.51732913972491],[-117.73644566866764,34.51705861739512],[-117.7361188433135,34.517060587391555],[-117.736116463847,34.51679006503482],[-117.73578963951695,34.51679203414192],[-117.73578726114638,34.516521511749254],[-117.73546043784042,34.516523479958046],[-117.73545330607945,34.51571191266326],[-117.7351264859086,34.5157138799378],[-117.73512173367702,34.515172834972795],[-117.73381446112337,34.51518069515967],[-117.73381208927456,34.514910172587335],[-117.73185118583848,34.51492193652904],[-117.73185355134517,34.51519245922714],[-117.73152673293502,34.515194416835804],[-117.73152436848835,34.51492389411974],[-117.72989028126153,34.51493366899378],[-117.7298926404351,34.51520419180865],[-117.72923900321055,34.515208095680265],[-117.72924136030004,34.51547861852209],[-117.72891454058733,34.51548056915983],[-117.72891689665272,34.51575109201064],[-117.72859007585305,34.51575304180396],[-117.72859243089437,34.51602356465477],[-117.72826560900772,34.51602551358571],[-117.72826796302496,34.516296036454484],[-117.72761431703286,34.5162999317382],[-117.72761666897499,34.51657045462495],[-117.72598254817814,34.51658017763026],[-117.72598489486512,34.51685070060683],[-117.7256580695559,34.51685264260278],[-117.72566745238719,34.51793473447314],[-117.72599428191847,34.517932792396344],[-117.7259989756338,34.51847383821474],[-117.72730630190671,34.51846606101424],[-117.72730865304035,34.51873658382911],[-117.72796231810369,34.518732689946766],[-117.72796467137532,34.519003212707744],[-117.72600366947489,34.51901488398822],[-117.72600836344175,34.519555929707806],[-117.725354691668,34.519559813223594],[-117.72535234678664,34.51928929032787],[-117.72502551191036,34.51929123075177],[-117.72502316810697,34.51902070782909],[-117.72469633425477,34.519022647354674],[-117.72469399154733,34.518752124396066],[-117.72436715871922,34.51875406303231],[-117.7243601339386,34.51794249403073],[-117.72468696359567,34.517940555448384],[-117.72468227845926,34.51739950942337],[-117.72435545091324,34.5174014479608],[-117.72435310944546,34.517130924912365],[-117.72402628292353,34.517132862560466],[-117.72402394254271,34.51686233947609],[-117.72369711704485,34.51686427622588],[-117.723694777751,34.51659375311456],[-117.72336795328621,34.516595688975016],[-117.72336561507933,34.51632516582776],[-117.72303879162962,34.5163271007899],[-117.72303645451868,34.5160565776157],[-117.72401692158893,34.5160507701601],[-117.72400522062811,34.5146981543879],[-117.7236784035834,34.51470009097599],[-117.72367606454108,34.51442956776586],[-117.72334924851147,34.514431503473595],[-117.7233469105561,34.51416098022753],[-117.72302009555955,34.514162915036955],[-117.72302476939517,34.514703961547056],[-117.72269795225164,34.51470589552105],[-117.72269328053605,34.514164848975014],[-117.72236646547661,34.514166782032724],[-117.72236413071926,34.513896258714794],[-117.72269094471868,34.51389432567505],[-117.72268393747319,34.51308275572125],[-117.72203031577153,34.513086620812594],[-117.72202798219097,34.512816097431774],[-117.72170117235075,34.51281802864794],[-117.72168951021511,34.51146541146539],[-117.72136270563003,34.51146734171137],[-117.72136037434916,34.511196818213776],[-117.72103357077917,34.511198747561444],[-117.72104056154058,34.51201031806321],[-117.72006014114679,34.51201610103972],[-117.72005781403409,34.51174557749721],[-117.7190773965239,34.511751352550576],[-117.71907274872147,34.511210305303855],[-117.71874594493589,34.51121222853399],[-117.7187482677726,34.51148275218431],[-117.71842146290007,34.511484674561046],[-117.71842378470372,34.511755198211354],[-117.71711656068604,34.511762879058566],[-117.71711424310448,34.511492355318424],[-117.71678743807922,34.511494273329355],[-117.71678280511695,34.51095322578619],[-117.71776321376976,34.51094746926507],[-117.71776089416699,34.51067694553391],[-117.71808769593136,34.51067502497176],[-117.71808305471357,34.51013397750945],[-117.71840985433995,34.51013205610289],[-117.71840521112792,34.50959100864057],[-117.71807841362156,34.50959293000221],[-117.71807609312046,34.50932240623513],[-117.71611531373274,34.509333915962586],[-117.7161176279007,34.509604439846456],[-117.71546403241189,34.50960826947231],[-117.71546172036395,34.509337745543526],[-117.71513492363013,34.50933965902694],[-117.71512336909471,34.5079870391225],[-117.71545016054642,34.50798512573789],[-117.71544784867814,34.507714601737234],[-117.71446747738626,34.507720339214075],[-117.71446978609248,34.507990863268624],[-117.71414299454194,34.50799277403015],[-117.71414530222408,34.50826329809369],[-117.7138185095866,34.50826520800181],[-117.71383004316432,34.50961782822965],[-117.71415684107492,34.509615918222714],[-117.71415914893672,34.50988644221438],[-117.71383234996611,34.50988835223929],[-117.71383465680383,34.51015887623096],[-117.71350785674626,34.51016078540246],[-117.71351246840048,34.51070183339479],[-117.71318566620492,34.510703741730865],[-117.71318797102143,34.51097426573151],[-117.71220756108403,34.51097998553849],[-117.7122052594296,34.51070946148394],[-117.71187845710827,34.510711366316585],[-117.71187615654978,34.510440842226096],[-117.71122255392834,34.51044464924136],[-117.71122025550783,34.510174125105955],[-117.71056665487167,34.510177928581854],[-117.71056435859813,34.50990740439256],[-117.71023755929515,34.5099093047965],[-117.71024444505248,34.51072087738237],[-117.70991764254251,34.510722776977836],[-117.70992223109207,34.51126382534745],[-117.70959542644411,34.5112657240985],[-117.70959771970828,34.5115362482878],[-117.70927091397336,34.511538146185444],[-117.7092754984805,34.512079194555064],[-117.70894869060757,34.512081091617276],[-117.70894639940055,34.511810567419],[-117.70763917181657,34.51181814685539],[-117.70764145880152,34.51208867113452],[-117.70698784271433,34.51209245564698],[-117.70699012762417,34.51236297994408],[-117.70633650930017,34.51236676099803],[-117.70633422651035,34.512096236664995],[-117.7040465688218,34.51210944268121],[-117.70403974279344,34.51129786918805],[-117.70371293759752,34.511299752209595],[-117.70371066336864,34.51102922766995],[-117.70338385920577,34.51103110980217],[-117.70339067880218,34.51184268343906],[-117.70371748614508,34.511840801252944],[-117.70372203480945,34.51238185025138],[-117.7033952253555,34.51238373247343],[-117.70340204541004,34.51319530593066],[-117.70307523276708,34.51319718733524],[-117.70307750511847,34.513467711812],[-117.70111662227177,34.5134789819947],[-117.701118888317,34.51374950657926],[-117.70079207334739,34.513751381902246],[-117.70078980835319,34.513480857299726],[-117.69980936642679,34.51348647796863],[-117.6998071046306,34.513215953294235],[-117.69948029165525,34.51321782508685],[-117.69946446731949,34.51132415192595],[-117.69913766170134,34.511326022712446],[-117.69913540225875,34.51105549791229],[-117.69848179304367,34.51105923681728],[-117.69848630773375,34.51160028648047],[-117.69815950096576,34.51160215466185],[-117.69816852649213,34.51268425393433],[-117.6978417154751,34.51268612131621],[-117.69784622630243,34.513227170916515],[-117.69751941313844,34.51322903745398],[-117.6975216675415,34.51349956225413],[-117.69719485329952,34.51350142794718],[-117.6971925999475,34.51323090312906],[-117.6968657867296,34.513232767923796],[-117.69686353447352,34.512962243069744],[-117.69653672227972,34.51296410697514],[-117.69653447110161,34.51269358209414],[-117.6958808487352,34.51269730723694],[-117.69587859970407,34.51242678230204],[-117.69522497932294,34.512430503914466],[-117.69520925171776,34.51053682879524],[-117.69586285730364,34.51053310745231],[-117.69586060851506,34.5102625824186],[-117.69618741020756,34.51026072045356],[-117.69618516038591,34.50999019543781],[-117.69651196100044,34.50998833261039],[-117.69650971015471,34.50971780759464],[-117.69749010862961,34.50971221394706],[-117.69749236264639,34.50998273889993],[-117.69847276401386,34.50997713732921],[-117.69847502122865,34.51024766221919],[-117.6991286241106,34.510243923421996],[-117.69913088346337,34.51051444826707],[-117.69945768591046,34.51051257753447],[-117.69945542549767,34.51024205271635],[-117.69978222686679,34.51024018113934],[-117.69977996542993,34.50996965632122],[-117.70010676571208,34.50996778388183],[-117.70009771604796,34.508885684582395],[-117.69944412390987,34.50888942842813],[-117.69944186368573,34.50861890353814],[-117.6987882735329,34.50862264385349],[-117.69878601544676,34.508352118909606],[-117.69845922138992,34.50835398773777],[-117.69845245047323,34.50754241277138],[-117.69812565955152,34.50754428067428],[-117.6981234036932,34.50727375564056],[-117.69681624391404,34.50728121841275],[-117.69681399231374,34.50701069329819],[-117.69648720335036,34.50701255678138],[-117.69648495283701,34.50674203163987],[-117.69289028386082,34.50676247213042],[-117.69289252275895,34.50703299748753],[-117.69354610131452,34.50702928886474],[-117.69355058343169,34.507570339453196],[-117.69420416609256,34.5075666272641],[-117.69420865255758,34.50810767773577],[-117.69388185912956,34.50810953430194],[-117.6938796169436,34.50783900906161],[-117.69355282453968,34.50784086473844],[-117.69355506567462,34.508111390005716],[-117.69322827218373,34.50811324482915],[-117.69323051229459,34.50838377010541],[-117.69290371771675,34.508385624075444],[-117.69291043504894,34.50919719987728],[-117.69389082818785,34.5091916351824],[-117.69388858587611,34.508921109978004],[-117.69421538246618,34.50891925334896],[-117.69422884310987,34.51054240426092],[-117.69455564600611,34.510540546643725],[-117.69455789060855,34.51081107174032],[-117.6939042826601,34.51081478613029],[-117.69390876773271,34.51135583635043],[-117.69358196160253,34.51135769226981],[-117.6936133456214,34.51514504270589],[-117.693286524678,34.515146898014414],[-117.6932887655614,34.51541742297626],[-117.69296194354003,34.5154192774224],[-117.69296642328564,34.5159603273461],[-117.6926395991083,34.51596218095681],[-117.69264407685965,34.51650323087153],[-117.69231725055332,34.5165050836468],[-117.69232396422936,34.51731665846947],[-117.69199713472501,34.517318510436255],[-117.69199937161991,34.51758903537116],[-117.69167254101961,34.51759088647557],[-117.69167477689042,34.517861411419446],[-117.69134794521216,34.517863261670456],[-117.6913546498332,34.51867483647516],[-117.69168148468252,34.51867298617025],[-117.69169490107518,34.52029613535745],[-117.69202174223966,34.52029428406439],[-117.69202397945794,34.52056480886455],[-117.69267766380811,34.52056110362841],[-117.69267990317337,34.52083162838365],[-117.69333358951779,34.520827919599164],[-117.69334255573739,34.521910018341636],[-117.69301570835657,34.52191187324592],[-117.69302915225566,34.523535021112586],[-117.69335600596959,34.523533166100506],[-117.69335824777828,34.52380369067608],[-117.69368510252528,34.52380183477467],[-117.6936873454299,34.5240723593233],[-117.69401420120099,34.52407050252357],[-117.69401644518358,34.524341027045246],[-117.69434330197873,34.52433916935619],[-117.69434779215379,34.524880218327674],[-117.69467465103304,34.52487835972234],[-117.69467914343592,34.52541940860399],[-117.69500600440824,34.52541754908237],[-117.69500375712883,34.52514702466849],[-117.6953306170142,34.52514516429347],[-117.6953283687107,34.52487463988857],[-117.69663580370671,34.52486718972873],[-117.69664481398867,34.525949286997964],[-117.696317951058,34.52595115092133],[-117.69632020264935,34.52622167522741],[-117.69599333863172,34.52622353829738],[-117.6959910881004,34.525953013973336],[-117.69468363595557,34.525960457431744],[-117.69469037496411,34.526772030592525],[-117.69436350868274,34.52677388933262],[-117.69436799939677,34.52731493807952],[-117.69404113096843,34.527316795975196],[-117.69404786408403,34.528128369073094],[-117.69502847878341,34.52812279258334],[-117.69503072637724,34.52839331686247],[-117.69535759894683,34.528391456271855],[-117.69537334039504,34.53028512578559],[-117.69570022032183,34.53028326417988],[-117.69570697028084,34.53109483658608],[-117.69701450238472,34.53108738120702],[-117.69700999392894,34.530546333097924],[-117.69733687476304,34.530544467099446],[-117.69733236431301,34.53000341898136],[-117.69700548558997,34.530005284934916],[-117.69700323146539,34.52973476083545],[-117.69667635377542,34.52973662589968],[-117.6966741007378,34.52946610177326],[-117.69634722406292,34.52946796594816],[-117.69634497211226,34.529197441785804],[-117.69667184772713,34.529195577628876],[-117.69666734180461,34.528654529313165],[-117.69601359477899,34.52865825666582],[-117.69600909320432,34.528117208224344],[-117.69666283599888,34.528113480943546],[-117.69666508889277,34.52838400513285],[-117.69699196130065,34.52838214016744],[-117.69699421527251,34.52865266432978],[-117.69797483549654,34.528647064106536],[-117.69798160711393,34.529458636342056],[-117.69830848362712,34.52945676780135],[-117.69831074194683,34.529727291837936],[-117.69863761949307,34.52972542239892],[-117.69864213834235,34.53026647039124],[-117.69896901797269,34.530264600044916],[-117.69897353904977,34.53080564795639],[-117.6986466573084,34.53080751833864],[-117.69864891684084,34.53107804229438],[-117.69799515114822,34.53108178048971],[-117.69800418110329,34.5321638763396],[-117.69669663245243,34.532171342516406],[-117.69669437914533,34.53190081849779],[-117.69538683424045,34.53190827060697],[-117.69538458519136,34.531637746498525],[-117.69505769994655,34.53163960731372],[-117.69505994793563,34.531910131440135],[-117.69473306160386,34.531911991410915],[-117.69473530856887,34.53218251553733],[-117.69440842115013,34.53218437464572],[-117.69442189722686,34.53380751929643],[-117.69507568472159,34.533803799983694],[-117.6950734365169,34.533533275938126],[-117.69572722177483,34.53352955315789],[-117.69572497149505,34.533259029148255],[-117.69605186301908,34.533257166464566],[-117.69605411435889,34.53352769045623],[-117.69703479193136,34.5335220971051],[-117.69703930105187,34.53406314495369],[-117.69736619563018,34.53406127871267],[-117.69737296270209,34.534872850328355],[-117.69704606495273,34.53487471662327],[-117.69705282913208,34.535686288194036],[-117.69737973005249,34.53568442183624],[-117.69739100955971,34.53703704077949],[-117.69771791573527,34.53703517346049],[-117.69772242986838,34.53757622091382],[-117.69804933812803,34.53757435267854],[-117.69805159629502,34.53784487637377],[-117.69837850558773,34.53784300724017],[-117.69838076484169,34.538113530899466],[-117.69805385449794,34.538115400051026],[-117.69805611271885,34.53838592371032],[-117.6987099354994,34.53838218450888],[-117.69871219586726,34.53865270812326],[-117.69903910826814,34.53865083719303],[-117.69903684684026,34.538380313596626],[-117.69969066944115,34.53837656914004],[-117.69967935216876,34.53702395116697],[-117.69935244617287,34.53702582373213],[-117.69933208650373,34.534591110439166],[-117.69900518999405,34.534592981962284],[-117.69899614626782,34.53351088677714],[-117.6996499307981,34.53350714300328],[-117.69965219380701,34.53377766677935],[-117.69997908708277,34.53377579355842],[-117.69997682302282,34.533505269800315],[-117.70030371522058,34.53350339572599],[-117.70030598033156,34.53377391946613],[-117.7006328735534,34.53377204449348],[-117.70063060738242,34.53350152077131],[-117.70095749950833,34.53349964495425],[-117.70096203400625,34.534040692344696],[-117.70128892821624,34.53403881560237],[-117.7012821233612,34.53322724455263],[-117.70160901437319,34.53322536700182],[-117.70160674508504,34.53295484330659],[-117.70193363501906,34.532952964902385],[-117.70192909443055,34.53241191752092],[-117.70225598220861,34.532410038272296],[-117.70225143962585,34.53186899089083],[-117.70257832526592,34.53186711079778],[-117.7025715084453,34.531055539685156],[-117.70289839088737,34.531053658783634],[-117.70289611761072,34.53078313507044],[-117.70322299896581,34.53078125331552],[-117.70322072466509,34.53051072961131],[-117.70354760493322,34.530508846994],[-117.70354305431952,34.529967799585584],[-117.70321617617141,34.52996968216696],[-117.70321162778552,34.52942863466871],[-117.70255787563052,34.52943239712753],[-117.70254651577798,34.528079777995636],[-117.70156590316269,34.52808541483421],[-117.70156363444947,34.52781489091441],[-117.70123676457484,34.527816768096905],[-117.70123449695757,34.52754624414117],[-117.700907628107,34.52754812042535],[-117.70089629573394,34.52619550039514],[-117.7012231593024,34.526193624209775],[-117.70122089185581,34.52592310018217],[-117.70220147920149,34.525917466424815],[-117.70219920861977,34.52564694244213],[-117.70252606995143,34.52564506278926],[-117.70251925522389,34.5248334908412],[-117.70317297145527,34.52482972902917],[-117.70316615065511,34.52401815708111],[-117.7038198604276,34.52401439188243],[-117.70381758477939,34.52374386790873],[-117.7041444385652,34.523741984024795],[-117.70414671527342,34.52401250797155],[-117.70512727960427,34.52400685099274],[-117.70513183945265,34.52454789874252],[-117.70545869628374,34.52454601130126],[-117.7054701017168,34.52589863036129],[-117.70579696380304,34.52589674194985],[-117.70580152829572,34.526437789457084],[-117.70547466409843,34.526439677904456],[-117.70548835198893,34.52806282024649],[-117.70516148142259,34.52806470793928],[-117.70516376178696,34.5283352316345],[-117.70483689012468,34.52833711847389],[-117.70483916946496,34.5286076421781],[-117.7045122967247,34.52860952816409],[-117.70451685337508,34.52915057557251],[-117.70418997848785,34.52915246072306],[-117.70419453315296,34.5296935081225],[-117.70386765611875,34.529695392428636],[-117.70387448516543,34.53050696350533],[-117.7042013653707,34.530505079136304],[-117.7042036428335,34.53077560278662],[-117.70485740526523,34.53077183138956],[-117.7048551256824,34.530501307784164],[-117.70518200578884,34.53049942079206],[-117.70517972518194,34.53022889719565],[-117.7055066042104,34.53022700935015],[-117.70550432257043,34.529956485753736],[-117.7061580784175,34.52995270747559],[-117.7061649297514,34.5307642781121],[-117.70649181080108,34.53076238760759],[-117.70649638062076,34.531303434593795],[-117.70682326375453,34.531301543173],[-117.70682783581101,34.53184259007836],[-117.70715472101989,34.53184069775027],[-117.70715700815755,34.532111221167014],[-117.7074838943905,34.5321093279406],[-117.70748618261513,34.532379851321416],[-117.70813995711124,34.5323760622006],[-117.70813766678455,34.53210553885572],[-117.70879143905283,34.53210174627639],[-117.70878914663308,34.53183122295845],[-117.70976980163088,34.531825527594634],[-117.7097720972217,34.53209605084969],[-117.7114065268863,34.53208654097866],[-117.71140882779513,34.5323570641349],[-117.7120626015636,34.53235325402045],[-117.71205338967273,34.53127116148534],[-117.71238027228549,34.53126925518844],[-117.71236875282926,34.5299166393354],[-117.71269563012399,34.529914732265944],[-117.71269102044606,34.52937368588161],[-117.71301789559381,34.52937177797673],[-117.71301558974423,34.52910125478456],[-117.71366933783885,34.52909743637866],[-117.71367164580845,34.529367959534895],[-117.71432539588834,34.52936413759862],[-117.71432770599593,34.52963466070096],[-117.71465458205097,34.529632748403316],[-117.71466151573343,34.53044431758456],[-117.71433463650733,34.53044622994509],[-117.71433925700995,34.53098727604196],[-117.7146661383471,34.530985363645506],[-117.71467307248768,34.53179693264709],[-117.71499995696892,34.531795019316384],[-117.71500458199907,34.53233606521563],[-117.71598524158726,34.53233031986955],[-117.71598061021503,34.5317892740781],[-117.7163074945705,34.53178735725295],[-117.71630517786927,34.53151683436621],[-117.71597829457382,34.531518751173394],[-117.71597597896854,34.53124822825072],[-117.716302861204,34.5312463114615],[-117.71630054456566,34.530975788547806],[-117.71662742572313,34.530973870896204],[-117.7166297434125,34.53124439379193],[-117.71793727194108,34.531236714391014],[-117.71793959389746,34.531507237196905],[-117.71826647700426,34.531505315143555],[-117.71826415399687,34.531234792355626],[-117.71859103602571,34.5312328694399],[-117.71858871198526,34.53096234666096],[-117.71924247383309,34.53095849825133],[-117.71923549557623,34.530146929950426],[-117.71890861784134,34.530148854537025],[-117.71890629286663,34.52987833173113],[-117.71956004618944,34.5298744817225],[-117.71955771913963,34.52960395894356],[-117.71923084355171,34.529605884365594],[-117.71922851758886,34.529335361550714],[-117.71857476843424,34.52933920972678],[-117.71857244461836,34.529068686858004],[-117.71693807646142,34.529078291905535],[-117.71693343949266,34.528537245943404],[-117.71627969623997,34.528541081758654],[-117.71627737991604,34.52827055871919],[-117.71529676797448,34.528276305825976],[-117.71529445484856,34.52800578272364],[-117.71431384580856,34.52801152189829],[-117.71431615576343,34.528282045063506],[-117.71398928496353,34.52828395639097],[-117.71398697605969,34.52801343320779],[-117.71366010629285,34.52801534364592],[-117.7136624141277,34.52828586684707],[-117.71300867237518,34.528289685127206],[-117.71300406095452,34.52774863863507],[-117.71267719213989,34.52775054642317],[-117.71267027840902,34.52693897653225],[-117.7123434127385,34.526940883395085],[-117.71233189574367,34.52558826657186],[-117.7126587561321,34.52558635980784],[-117.71265645176476,34.525315836427026],[-117.71298331106622,34.5253139288096],[-117.71298792192992,34.52585497551733],[-117.71331478331548,34.52585306698363],[-117.71331939642498,34.526394113610515],[-117.71462685009695,34.52638647058238],[-117.71462453929766,34.52611594735428],[-117.71560512605944,34.526110205960784],[-117.71560975401809,34.526651252291224],[-117.71593661832317,34.526649336705745],[-117.71593893340741,34.52691985983503],[-117.71626579873659,34.526917943351236],[-117.7162634826013,34.52664742023992],[-117.7165903468435,34.526645502902724],[-117.71658802967515,34.52637497980039],[-117.71724175595868,34.52637114254784],[-117.71724407523806,34.52664166561424],[-117.71789780350686,34.52663782481335],[-117.71790012493322,34.52690834782585],[-117.72116877499087,34.52688909118908],[-117.72116644300033,34.52661856836522],[-117.72214703423572,34.526612774375366],[-117.72214936939733,34.526883297136344],[-117.72247623414258,34.5268813640427],[-117.72247857039113,34.52715188676775],[-117.72280543616047,34.52714995277579],[-117.72280777349599,34.52742047547388],[-117.72248090667563,34.52742240948381],[-117.72248324298707,34.52769293219089],[-117.72215637507975,34.527694865347414],[-117.72215871036711,34.52796538806347],[-117.72183184136384,34.5279673203666],[-117.72183417562712,34.528237843082664],[-117.72118043541971,34.52824170510176],[-117.7211827675989,34.52851222785376],[-117.72085589639477,34.52851415756974],[-117.72086522119487,34.52959624851483],[-117.72119209663008,34.529594318718004],[-117.72119676132982,34.53013536407826],[-117.72152363884014,34.53013343337414],[-117.72152597229493,34.53040395600935],[-117.72250660783523,34.530398158578954],[-117.72250894448804,34.53066868115128],[-117.72283582399261,34.5306667469078],[-117.72283816174135,34.530937269453176],[-117.72316504227001,34.53093533431138],[-117.72316738110571,34.531205856820826],[-117.72349426265845,34.53120392078071],[-117.72349660258112,34.53147444326321],[-117.72415036771677,34.531470568532946],[-117.72415270977744,34.531741090952565],[-117.72447959336036,34.53173915226242],[-117.72448427970052,34.532280197038766],[-117.72383050828564,34.53228407363753],[-117.72383519052049,34.53282511844083],[-117.72350830264362,34.53282705546909],[-117.7235129828932,34.53336810026342],[-117.72383987287213,34.53336616319922],[-117.72384689664662,34.534177730242476],[-117.72352000349665,34.53417966736956],[-117.72352468405165,34.53472071204709],[-117.72319778875469,34.534722648329755],[-117.72320012802159,34.53499317066852],[-117.72221943876204,34.534998974342216],[-117.72220775858823,34.533646362235146],[-117.72188086739658,34.53364829494251],[-117.72187853251346,34.533377772460014],[-117.72155164234587,34.53337970427805],[-117.72155397616899,34.53365022677851],[-117.72090019362398,34.533654087818455],[-117.72090952078666,34.53473617783828],[-117.72058262523817,34.53473810713205],[-117.72058495604294,34.53500862962353],[-117.7202580594075,34.53501055805492],[-117.72024874058118,34.533928467927296],[-117.72057563298556,34.533926539576754],[-117.72057330229758,34.533656017031376],[-117.72024641095321,34.53365794536394],[-117.72024408135218,34.53338742279161],[-117.7199171910229,34.533389350234856],[-117.71991486251783,34.53311882762659],[-117.7189341945214,34.53312460464726],[-117.71893186921432,34.53285408196714],[-117.71860498087929,34.53285600587102],[-117.71860265665919,34.532585483163935],[-117.71696821980807,34.53259508946012],[-117.7169705387371,34.532865612266015],[-117.71598987308528,34.5328713656071],[-117.7159921888792,34.53314188844893],[-117.7156652992057,34.53314380450153],[-117.71566298447179,34.53287328163275],[-117.71533609583135,34.53287519678704],[-117.71533840950524,34.53314571967378],[-117.7146846300145,34.53314954739521],[-117.7146869416133,34.53342007031788],[-117.71403315987676,34.53342389458079],[-117.71403546939146,34.53369441752144],[-117.71436236132872,34.5336925058077],[-117.71436698256797,34.53423355160813],[-117.71469387658932,34.534231638987094],[-117.71469618830488,34.53450216185587],[-117.71436929323251,34.53450407449487],[-117.714371603924,34.53477459737263],[-117.71600608429848,34.53476502529327],[-117.716008400308,34.535035548063235],[-117.71666219436044,34.53503171307444],[-117.71666451250795,34.535302235781515],[-117.71699141054476,34.53530031695312],[-117.71700532647259,34.536923452872195],[-117.71667842209366,34.536925371817375],[-117.71668074047473,34.537195894443606],[-117.71537311842255,34.53720356154658],[-117.71537080427254,34.53693303883951],[-117.71471699518231,34.536936867099925],[-117.71471468317928,34.53666634434793],[-117.71438777964477,34.536668257139645],[-117.71438084700436,34.53585668873993],[-117.71405394661396,34.53585860060639],[-117.71405625639815,34.53612912343923],[-117.71340245340748,34.536132944584985],[-117.71339553046889,34.53532137594273],[-117.71306863209071,34.53532328514118],[-117.7130663255674,34.53505276221851],[-117.71339322288557,34.53505085303802],[-117.7133909153292,34.534780330115346],[-117.71273712277696,34.53478414756903],[-117.71273481736756,34.53451362460144],[-117.71240792210654,34.53451553200326],[-117.7124056177841,34.53424500899974],[-117.71175182927428,34.53424882112641],[-117.71174952709882,34.533978298077976],[-117.711422633859,34.533980202811804],[-117.71142493498343,34.53425072587821],[-117.71109804064767,34.53425262975864],[-117.71110034073904,34.534523152834026],[-117.7107734453253,34.53452505586106],[-117.71077804348684,34.53506610201183],[-117.71045114592611,34.53506800419445],[-117.71045344399629,34.53533852727882],[-117.709799646665,34.535342329056895],[-117.70980423866409,34.53588337526157],[-117.71013113945874,34.53588147476779],[-117.7101449225437,34.53750461295062],[-117.70981801540695,34.53750651356118],[-117.70982260790011,34.538047559568234],[-117.70949569861638,34.538049459334374],[-117.70949799384786,34.538319982337896],[-117.70917108347717,34.538321881250646],[-117.70917337768458,34.53859240426315],[-117.70851955473336,34.5385961995015],[-117.70852184685667,34.53886672254095],[-117.70884875940128,34.538864825335004],[-117.70885793243102,34.539946917286215],[-117.70853101565534,34.53994881456403],[-117.70853560024332,34.54048986049921],[-117.70820868132068,34.540491756941584],[-117.70821326390542,34.54103280286778],[-117.70788634283579,34.541034698474725],[-117.70789092343526,34.54157574439194],[-117.70756400022765,34.54157763916346],[-117.70756628951229,34.54184816212206],[-117.70723936520872,34.541850056031194],[-117.70724165346928,34.542120578998784],[-117.70691472807877,34.542122472054515],[-117.70691701531524,34.542392995022105],[-117.70659008882878,34.54239488722443],[-117.70659237504118,34.54266541020999],[-117.70593851987636,34.54266919201852],[-117.70594537233315,34.54348076100214],[-117.70561844153477,34.54348265065325],[-117.70562300786898,34.54402369661538],[-117.70594994078739,34.544021806928335],[-117.70595222505942,34.54429232986897],[-117.70562529108999,34.54429421957399],[-117.70562757433795,34.5445647425326],[-117.70464676906097,34.54457040645538],[-117.70464448898407,34.544299883451856],[-117.70431755488887,34.544301769653444],[-117.70431527590792,34.54403124661399],[-117.70496914195134,34.5440274733664],[-117.7049645798392,34.54348642732342],[-117.70398378707576,34.54349208577547],[-117.70398606494281,34.543762608859836],[-117.70300526872984,34.54376825948755],[-117.70300299403384,34.5434977363403],[-117.70169526956472,34.543505258185704],[-117.70169299912673,34.5432347349576],[-117.70136606899311,34.543236613209096],[-117.7013637996421,34.54296608995404],[-117.70103687053255,34.54296796731621],[-117.70103460227747,34.54269744402522],[-117.70005381794023,34.542703070793685],[-117.70005834814421,34.543244117474465],[-117.69973141785788,34.543245991351164],[-117.69973368194476,34.54351651469605],[-117.69907981916224,34.5435202598623],[-117.69907755718638,34.543249736481485],[-117.69842369639811,34.54325347811736],[-117.69842143656923,34.54298295468264],[-117.69809450719019,34.54298482416658],[-117.69808773106325,34.54217325375464],[-117.69743387855745,34.54217698998266],[-117.69743613512544,34.5424475135072],[-117.69710920776762,34.54244938032314],[-117.69711597446224,34.54326095086983],[-117.69744290499112,34.54325908399999],[-117.69744967513527,34.54407065437599],[-117.69777660880827,34.544068786571906],[-117.69779015624717,34.54569192689273],[-117.69811709623531,34.54569005809151],[-117.69811483719695,34.54541953475561],[-117.69876871497236,34.545415794575014],[-117.69876645384093,34.54514527126606],[-117.6990933916282,34.545143399877695],[-117.69909791602008,34.54568444645068],[-117.69942485589144,34.545682574155016],[-117.69943164588837,34.54649414387525],[-117.69975858889484,34.54649227064534],[-117.69976085334106,34.54676279383751],[-117.7000877973806,34.54676091971826],[-117.70009006292277,34.54703144288348],[-117.70041700798639,34.54702956786592],[-117.70042607467357,34.54811166032019],[-117.7000991253699,34.548113535418594],[-117.70010592252639,34.54892510468967],[-117.69912506493154,34.54893072488247],[-117.6991273275452,34.549201248011755],[-117.69880037389368,34.5492031196786],[-117.69880489708181,34.54974416592819],[-117.69847794128333,34.54974603675062],[-117.69848698377888,34.55082812917793],[-117.69816002372237,34.550829999209846],[-117.69816228337159,34.551100522303194],[-117.69783532221913,34.551102391472725],[-117.69783758083528,34.55137291457506],[-117.69751061860485,34.55137478289119],[-117.69751513380696,34.55191582909586],[-117.69718816942957,34.55191769656758],[-117.69719268263742,34.552458742763264],[-117.69686571610406,34.55246060940853],[-117.69687022731765,34.55300165558625],[-117.6965432586463,34.5530035213871],[-117.69657031574096,34.55624979768988],[-117.69624333434048,34.55625166283495],[-117.69625009612132,34.55706323169281],[-117.69657708069285,34.55706136649383],[-117.6965793357427,34.55733188939855],[-117.69690632134729,34.557330023301255],[-117.69690857747511,34.55760054617901],[-117.69756255071448,34.557596811307455],[-117.69756029246665,34.55732628847461],[-117.69788727797241,34.55732441974526],[-117.6978850187005,34.55705389690343],[-117.69853898752017,34.557050156866566],[-117.69854124891211,34.557320679663476],[-117.69952220509707,34.557315062965124],[-117.699524469696,34.55758558569915],[-117.69985145608213,34.55758371169669],[-117.69986278482601,34.5589363250614],[-117.69920880142668,34.558940072374625],[-117.69921332889979,34.55948111771692],[-117.69888633503967,34.55948299009343],[-117.69889086051852,34.560024035417754],[-117.69856386451143,34.560025906958835],[-117.69856838798702,34.56056695227418],[-117.69824138983297,34.560568822979825],[-117.69824817210439,34.5613803909214],[-117.69857517343847,34.56137852016185],[-117.69857743531551,34.56164904276113],[-117.69890443767368,34.561647171103274],[-117.69890670063768,34.5619176936756],[-117.69923370402891,34.56191582112841],[-117.69924049628061,34.562727388710655],[-117.69956750280697,34.56272551522922],[-117.69957203324451,34.563266560194215],[-117.69989904186394,34.5632646857965],[-117.69990130818763,34.56353520823408],[-117.6995742985082,34.563537082649766],[-117.6995788291254,34.5640781275429],[-117.7002328526884,34.56407437775931],[-117.70023512016193,34.56434490014299],[-117.70121615845291,34.56433926884702],[-117.70121842913343,34.564609791167825],[-117.70154544289123,34.564607912296495],[-117.70154771465872,34.56487843458137],[-117.70285577364248,34.56487091027458],[-117.70286715410238,34.56622352115096],[-117.70319417406752,34.56622163778805],[-117.70320328321807,34.567303726199896],[-117.70353030738734,34.56730184188477],[-117.70355765046067,34.57054810570995],[-117.70323061358923,34.57054999025864],[-117.70323516907179,34.571091034091765],[-117.70356220807224,34.571089149516126],[-117.70356676579162,34.571630193268405],[-117.70389380687617,34.571628307776486],[-117.703891526943,34.57135778592281],[-117.70487264682794,34.57135212424581],[-117.70487036374168,34.57108160243705],[-117.70552444139224,34.57107782364686],[-117.70552672659853,34.571348345410705],[-117.70618080625233,34.57134456307217],[-117.70618309359661,34.5716150847911],[-117.7071642160238,34.57160940466271],[-117.70716650658404,34.57187992630978],[-117.70749354838723,34.57187803116097],[-117.70751188242727,34.57404220376258],[-117.70718483215296,34.574044099064096],[-117.70718941384837,34.57458514213365],[-117.7075164662427,34.5745832467962],[-117.7075370949303,34.57701793983215],[-117.70721003299586,34.57701983534029],[-117.7072214891478,34.578372442255095],[-117.7075485563823,34.578370546648145],[-117.70755084875714,34.578641067980804],[-117.70787791701572,34.578639171475544],[-117.70788021048651,34.578909692772264],[-117.70820727977815,34.578907795377674],[-117.7082095743359,34.57917831663846],[-117.70853664465163,34.579176418345554],[-117.70854123598596,34.579717460804254],[-117.7072329460633,34.579725048864475],[-117.70723523753983,34.579995570152214],[-117.70690816392728,34.57999746499559],[-117.70691274485014,34.58053850756209],[-117.70658566908165,34.58054040157003],[-117.70658795852798,34.58081092285778],[-117.70626088167252,34.58081281600334],[-117.70626317009477,34.581083337300065],[-117.70659024801024,34.58108144413654],[-117.70659482705562,34.58162248664913],[-117.70626774702014,34.58162437984859],[-117.70627690123915,34.58270646481091],[-117.70594981693665,34.58270835721087],[-117.7059521045145,34.58297887844471],[-117.70529793369067,34.582982660657485],[-117.70530021917543,34.58325318191827],[-117.70497313266308,34.58325507173109],[-117.70497084823833,34.58298455045233],[-117.70464376275007,34.58298643937581],[-117.70464147942126,34.58271591807011],[-117.70431439496605,34.58271780609527],[-117.70431211272421,34.582447284753634],[-117.70398502929308,34.582449171889465],[-117.70398046701925,34.5819081291433],[-117.70365338568119,34.58191001535387],[-117.7036511056492,34.58163949394935],[-117.70299694500329,34.58164326370249],[-117.70300377882901,34.582454828005886],[-117.70333086234997,34.5824529435111],[-117.70334453718796,34.584076071677714],[-117.7030174473159,34.584077956289285],[-117.70302428196808,34.584889520269286],[-117.70269718888007,34.5848914040544],[-117.70269946610033,34.585161925378074],[-117.70237237192535,34.585163808309794],[-117.70237464811255,34.58543432964245],[-117.70106626686716,34.585441852682614],[-117.70106172299981,34.58490080987357],[-117.70073462973212,34.58490268840354],[-117.70072781733123,34.584091124028284],[-117.70040072721663,34.584093001624005],[-117.70039391827423,34.583281437087045],[-117.70006683130374,34.583283313757505],[-117.7000645627702,34.58301279220027],[-117.70071873456419,34.58300903802392],[-117.70071192280109,34.58219747339713],[-117.70103900546866,34.5821955950558],[-117.701029919306,34.58111350879093],[-117.69906744826483,34.58112476525636],[-117.69906291807881,34.5805837218185],[-117.69742753531068,34.580593077915914],[-117.69742527556265,34.580322556089186],[-117.69546282159845,34.580333754379716],[-117.69546056823745,34.58006323242722],[-117.69415226923283,34.58007068034128],[-117.69414327303645,34.5789885921091],[-117.69447034359472,34.57898673151848],[-117.69446584355616,34.578445687370944],[-117.6934846381516,34.578451266402936],[-117.69348688497287,34.57872178853509],[-117.69315981538479,34.57872364648466],[-117.69316206118198,34.578994168625805],[-117.69283499050692,34.57899602571299],[-117.69283723527106,34.579266547863114],[-117.69316430700611,34.57926469075796],[-117.6931665528572,34.57953521288113],[-117.69349362562534,34.57953335487766],[-117.69349811954636,34.58007439904316],[-117.69382519440757,34.5800725401324],[-117.69383193868921,34.580884106232425],[-117.69350486064798,34.58088596520607],[-117.69351609642521,34.58223857522007],[-117.69318901305697,34.58224043341218],[-117.69319350545985,34.58278147737107],[-117.69286641994462,34.58278333471877],[-117.69288438226178,34.58494751022194],[-117.69321147625709,34.584945652730504],[-117.69321372273701,34.58521617459317],[-117.69288662769067,34.58521803211155],[-117.69289336413901,34.58602959769055],[-117.69322046236539,34.586027740118276],[-117.69322270897108,34.58629826193602],[-117.69289560968468,34.58630011951728],[-117.6928978552573,34.58657064134401],[-117.69224365446567,34.58657435392836],[-117.6922458979542,34.58684487578204],[-117.69028328850959,34.58685599260436],[-117.69028552566499,34.58712651455686],[-117.68897711454163,34.58713390832047],[-117.68897264873787,34.58659286426277],[-117.68799134644102,34.58659840026545],[-117.68798688711412,34.586057356055036],[-117.68700559090784,34.58606288405373],[-117.68700336446935,34.58579236187666],[-117.6863491689688,34.5857960427954],[-117.68634694468626,34.58552552056443],[-117.68601984795109,34.585527359685315],[-117.6860131784452,34.58471579286663],[-117.68568608485411,34.584717631062254],[-117.68567941879775,34.58390606407289],[-117.68535232835977,34.583907901334264],[-117.68533900340661,34.58228476692435],[-117.68566608748452,34.582282929779765],[-117.68565942221868,34.58147136246701],[-117.68598650308961,34.58146952448699],[-117.68598205761472,34.58092847959386],[-117.68696329368778,34.5809229605334],[-117.68696106781522,34.58065243811378],[-117.68663399021416,34.58065427866298],[-117.68663176542856,34.58038375621642],[-117.68630468885158,34.580385595867305],[-117.68629579425466,34.57930350590137],[-117.68531457708215,34.579309019374314],[-117.68531679750194,34.57957954193766],[-117.6849897239972,34.579581378031214],[-117.68499194339292,34.57985190060355],[-117.68466486879223,34.579853735834725],[-117.68465821386599,34.5790421680279],[-117.6856394280471,34.57903665987299],[-117.68563720661221,34.578766137300654],[-117.68531013631446,34.57876797421168],[-117.68530125513836,34.577685883724726],[-117.68497418904472,34.57768771969252],[-117.68495643659197,34.57552353799996],[-117.68462937894249,34.57552537293469],[-117.68462494324129,34.57498432735884],[-117.68495199877074,34.57498249246004],[-117.6849431234876,34.5739004012185],[-117.68527017475006,34.5738985655202],[-117.68526351542206,34.573086997021676],[-117.684282371076,34.57309250133179],[-117.68427793802482,34.57255145549543],[-117.68395089197259,34.57255328848082],[-117.68394646115821,34.5720122425636],[-117.68361941719007,34.57201407463271],[-117.68360834597522,34.57066145952527],[-117.68393538464329,34.57065962754599],[-117.68390880402404,34.56741335027303],[-117.68358177805814,34.56741518202772],[-117.68357956425895,34.56714465881759],[-117.68325253931712,34.567146489682955],[-117.68325032660488,34.56687596644587],[-117.68194223080816,34.56688328105892],[-117.68194002235393,34.566612757740984],[-117.6809589533765,34.566618234445876],[-117.68095674812926,34.56634771106506],[-117.67997568206239,34.56635317982885],[-117.6799778841206,34.56662370327255],[-117.67899681461317,34.56662916421201],[-117.67898362172136,34.56500602304677],[-117.67865660483741,34.5650078415064],[-117.67865440718992,34.56473731791897],[-117.67832739133905,34.5647391354713],[-117.67832519476954,34.564468611856924],[-117.67734415023527,34.56447405921386],[-117.67734195687275,34.5642035355366],[-117.67701494302511,34.56420534954957],[-117.67701275074955,34.56393482583638],[-117.67668573793499,34.563936638960016],[-117.67668792915055,34.564207162691176],[-117.67636091524004,34.56420897496141],[-117.67636529564096,34.56475002242372],[-117.67603827959246,34.56475183384955],[-117.67604046877783,34.5650223575807],[-117.675386434462,34.565025977845195],[-117.67538424739665,34.56475545407811],[-117.67505723125832,34.564757262871865],[-117.67505067341301,34.56394569143585],[-117.67472366041879,34.56394749930434],[-117.67471929077969,34.563406451581514],[-117.6750463016539,34.56340464374895],[-117.67504411582823,34.56313411989203],[-117.67537112561547,34.56313231120607],[-117.67536893874775,34.56286178734915],[-117.67569594744803,34.562859977800805],[-117.67569375955624,34.56258945395287],[-117.67602076716956,34.562587643542145],[-117.67601638935578,34.56204659584626],[-117.67634339482213,34.562044784600104],[-117.67634120490015,34.561774260752166],[-117.67797622649164,34.56176519148682],[-117.67797403130552,34.561494667719735],[-117.67862803762087,34.561491033917626],[-117.678630234927,34.561761557648786],[-117.67895723909977,34.56175973941374],[-117.67895504073363,34.56148921570054],[-117.67993604990122,34.56148375580313],[-117.67993825143841,34.56175427946242],[-117.68059225952345,34.561750635114095],[-117.68059446320763,34.56202115872847],[-117.68124847328691,34.56201751084078],[-117.68125067911805,34.56228803440126],[-117.6819046911916,34.56228438297421],[-117.68190689916972,34.56255490648977],[-117.68223390622609,34.562553079442246],[-117.68223611529116,34.56282360293086],[-117.6828901314251,34.5628199461768],[-117.68289234263715,34.56309046961152],[-117.68420037879473,34.56308314551225],[-117.68417601051043,34.56010738787413],[-117.68450300783803,34.56010555486179],[-117.6844919272268,34.55875293736483],[-117.68416493519925,34.558754770278355],[-117.68416272022326,34.55848424672686],[-117.68383572922878,34.55848607875105],[-117.68383351533973,34.55821555516362],[-117.68350652536932,34.55821738629848],[-117.68349988706193,34.55740581541043],[-117.68317290023562,34.55740764561104],[-117.68317068858339,34.557137121942766],[-117.68349767435866,34.557135291760126],[-117.68347997373871,34.55497110209951],[-117.68315299644354,34.55497293213842],[-117.68313530618116,34.55280874155254],[-117.68280833731218,34.552810570567374],[-117.68280612722302,34.552540046674515],[-117.683133095023,34.55253821767765],[-117.68312425072276,34.55145612204335],[-117.68345121426472,34.55145429225596],[-117.68344900220825,34.55118376833616],[-117.68377596466325,34.551181937677406],[-117.68377817777974,34.551452461579245],[-117.6841051412678,34.551450630040144],[-117.68410735547126,34.55172115390605],[-117.68541521334917,34.55171381889226],[-117.68541299491467,34.551443295098224],[-117.68573995825002,34.551441459175344],[-117.68573551935081,34.55090041157828],[-117.68508159687524,34.550904082480805],[-117.68507494508411,34.55009251089207],[-117.68409407068178,34.55009801050401],[-117.68410071294177,34.55090958226342],[-117.6831198287478,34.55091507415882],[-117.68311098514825,34.54983297823706],[-117.68016836905589,34.54984940600714],[-117.6801771745669,34.550931502584675],[-117.68115805956036,34.55092603432394],[-117.68116246883314,34.55146708243305],[-117.68083550508454,34.551468906102905],[-117.68084211604724,34.55228047822165],[-117.68018818210915,34.55228412304608],[-117.680185980545,34.55201359897356],[-117.67985901458657,34.55201542005627],[-117.67986121509969,34.55228594413777],[-117.6795342480543,34.5522877643581],[-117.67953204860117,34.55201724024965],[-117.67920508258885,34.552019059580644],[-117.67920288423169,34.55174853544524],[-117.67887591924342,34.55175035387792],[-117.67887811654955,34.55202087803129],[-117.67822418437217,34.55202451230052],[-117.67821759889469,34.55121293970567],[-117.67789063593662,34.551214755470355],[-117.67788844189137,34.55094423122716],[-117.67756147996637,34.55094604610251],[-117.67753955170402,34.548240802826115],[-117.67721260032523,34.54824261664146],[-117.67720821713954,34.54770156780472],[-117.67688126785383,34.54770338071276],[-117.67687688689595,34.54716233178619],[-117.67654993969434,34.54716414378694],[-117.67654556097327,34.54662309477951],[-117.67687250606384,34.546621282814705],[-117.67685717405874,34.54472761103721],[-117.67718411171127,34.5447257983268],[-117.6771775381185,34.54391422458211],[-117.67750447257302,34.54391241105424],[-117.6774935118779,34.54255978798771],[-117.67782044101439,34.5425579736783],[-117.67781386177121,34.54174639975395],[-117.67748693580577,34.541748214009466],[-117.6774825519104,34.54120716462475],[-117.67715562803804,34.54120897796399],[-117.67714686481973,34.54012687897897],[-117.67616610570718,34.54013231354389],[-117.67616391814776,34.53986178871679],[-117.6758369994407,34.53986359846276],[-117.67583262652275,34.53932254872771],[-117.67550570990878,34.53932435757537],[-117.67549915392298,34.53851278282456],[-117.67484532693831,34.538516397771026],[-117.67484314378963,34.538245872791215],[-117.67353549370102,34.53825309211996],[-117.67353331480136,34.537982567059295],[-117.6728794917064,34.53798617143259],[-117.67287731495372,34.53771564631803],[-117.67255040441235,34.53771744717966],[-117.67254822874663,34.53744692203815],[-117.67222131923833,34.537448722001464],[-117.67221697010777,34.536907671646574],[-117.67189006268354,34.5369094707026],[-117.67188571578978,34.536368420266854],[-117.67155881044967,34.536370218406596],[-117.6715501212256,34.535288117310536],[-117.67122322008959,34.53528991450704],[-117.67121453556369,34.53420781315047],[-117.67088763862282,34.534209609394765],[-117.67087461904296,34.532586456883806],[-117.67120150964173,34.53258466074731],[-117.67119282626568,34.53150255890565],[-117.67086593989798,34.53150435497028],[-117.67086377018809,34.53123382946046],[-117.67053688485345,34.531235624635755],[-117.67053471622154,34.530965099090004],[-117.67020783191097,34.53096689337597],[-117.67020566436602,34.53069636780326],[-117.66987878108853,34.53069816119091],[-117.66988094757346,34.530968686781584],[-117.66890029438127,34.53097406175227],[-117.66890462108988,34.531515112996495],[-117.66759707463991,34.53152226752078],[-117.66759491550319,34.53125174183129],[-117.6672680298721,34.531253528257],[-117.66726371379056,34.530712476806166],[-117.66693683024357,34.530714262315584],[-117.66693467330772,34.53044373655424],[-117.66660779079379,34.53044552117433],[-117.66660563493592,34.53017499538603],[-117.66627875344606,34.53017677911679],[-117.66627013453312,34.52909467575698],[-117.66692388902375,34.52909110756782],[-117.6669217322496,34.52882058173461],[-117.66724860839447,34.52881879634196],[-117.66724645059625,34.52854827051773],[-117.66691957551139,34.52855005588342],[-117.66691741880013,34.528279530023255],[-117.66659054473934,34.528281314508604],[-117.66658838911503,34.528010788612505],[-117.6652808968155,34.528017917714465],[-117.6652787454492,34.52774739173752],[-117.66462500124429,34.527750951006404],[-117.66462070281464,34.5272098989537],[-117.66625505253816,34.527200994412425],[-117.66625289809065,34.52693046845345],[-117.666906635666,34.52692690055175],[-117.66690232261176,34.52638584867871],[-117.66722918924349,34.526384063447765],[-117.66722055925432,34.52530195962981],[-117.66689369685366,34.525303744779904],[-117.66689154048376,34.52503321877601],[-117.66656467910718,34.52503500303678],[-117.66655605815507,34.52395289883255],[-117.66688291530058,34.52395111464365],[-117.66687429057554,34.522869010304674],[-117.66752799634153,34.52286543944752],[-117.66752367992761,34.52232438727803],[-117.66785053065016,34.522322600573844],[-117.66784837142362,34.5220520744891],[-117.66817522106818,34.522050286922536],[-117.66817306081755,34.521779760846776],[-117.66653881761627,34.521788689831205],[-117.66653450776903,34.521247637455104],[-117.66620766115177,34.52124942059297],[-117.66619904602972,34.52016731563416],[-117.6665258884249,34.52016553256816],[-117.66651942421099,34.51935395377493],[-117.66684626339918,34.51935216989146],[-117.66684410766707,34.51908164361807],[-117.66782462188989,34.5190762867664],[-117.66782246301369,34.51880576053792],[-117.66814929998303,34.518803973186955],[-117.66814714007377,34.51853344696747],[-117.66847397595615,34.518531658763095],[-117.6684718150228,34.5182611325436],[-117.66879864980925,34.51825934348583],[-117.66879648785181,34.517988817275324],[-117.66912332156028,34.51798702735517],[-117.66910818126465,34.51609334365703],[-117.66845452860704,34.51609692236546],[-117.66845236793421,34.51582639603817],[-117.66812554262499,34.515828184071864],[-117.66812338303912,34.51555765770864],[-117.66779655875398,34.515559444844016],[-117.66779224177412,34.51501839205469],[-117.66746541957308,34.51502017828277],[-117.66746326218808,34.51474965185667],[-117.66713644101111,34.514751437186426],[-117.66713428470409,34.514480910724394],[-117.66648064438036,34.5144844787249],[-117.6664784902203,34.51421395221795],[-117.66549803269015,34.5142192976161],[-117.66549157987588,34.5134077178527],[-117.66581839591447,34.51340593698756],[-117.66581194019864,34.512594357179246],[-117.66613875303923,34.51259257548766],[-117.66613660012784,34.51232204888189],[-117.66580978834726,34.51232383054653],[-117.66580763652283,34.51205330391381],[-117.66515401498286,34.512056864593056],[-117.6651518653054,34.511786337906436],[-117.66449824575072,34.51178989506428],[-117.66449609821125,34.51151936832377],[-117.66351567184367,34.51152469744444],[-117.66351781622106,34.51179522423886],[-117.66253738642192,34.51180054554419],[-117.66253524522455,34.51153001869588],[-117.66220843629162,34.51153179070363],[-117.66220629617224,34.51126126382837],[-117.66187948827238,34.5112630349378],[-117.66187734923098,34.510992508035585],[-117.66155054235519,34.51099427825568],[-117.66154840440973,34.51072375132652],[-117.66122159855803,34.51072552064831],[-117.66121305126777,34.509643412725055],[-117.66088624961118,34.50964518111259],[-117.66087984261098,34.508833599983745],[-117.66055304409852,34.50883536743704],[-117.66055090954869,34.50856484035516],[-117.66022411206029,34.50856660691912],[-117.66027745804632,34.515329780794914],[-117.6599506341295,34.515331546927676],[-117.65995490046234,34.51587260054345],[-117.66028172649021,34.51587083437476],[-117.66032868691882,34.52182242059096],[-117.66000183765154,34.52182418714593],[-117.66000823924388,34.52263576668476],[-117.66033509168221,34.52263400007588],[-117.66036498395873,34.526421369556246],[-117.66003811672513,34.526423136416646],[-117.66004025104141,34.52669366273495],[-117.66036711932603,34.52669189585659],[-117.66037993218556,34.52831505339811],[-117.66005305754986,34.528316820384276],[-117.66026665029835,34.55536938372732],[-117.66059363068374,34.55536761497147],[-117.66058935392145,34.55482656493099],[-117.66189726672236,34.55481948126582],[-117.6618994093211,34.555090006227665],[-117.66222638851173,34.55508823310601],[-117.66222853219742,34.55535875803193],[-117.66255551241211,34.55535698402094],[-117.66255765718478,34.55562750891092],[-117.66288463843254,34.555625734001616],[-117.66289107610123,34.556437308572754],[-117.66354504485801,34.55643375602327],[-117.6635471929185,34.55670428081444],[-117.66387417831648,34.55670250321019],[-117.66387632746394,34.55697302797441],[-117.66420331388599,34.55697124947184],[-117.66420761439075,34.55751229892842],[-117.66289966006072,34.55751940781828],[-117.66289751402144,34.557248883027114],[-117.66224353880577,34.557252432180974],[-117.66224139491347,34.5569819073359],[-117.66158742170103,34.5569854529504],[-117.6615852799557,34.55671492806041],[-117.66125829436008,34.55671669953815],[-117.6612561537107,34.556446174621215],[-117.66060218454967,34.5564497149087],[-117.6605979075628,34.555908664967035],[-117.6602709250574,34.55591043375881],[-117.66028588761237,34.55780410848278],[-117.65995889766891,34.55780587652895],[-117.65996103423097,34.55807640146386],[-117.66715482963278,34.55803730178806],[-117.66716346931477,34.55911939982086],[-117.6668364746821,34.55912118634538],[-117.66685158782167,34.56101485754795],[-117.66914060151714,34.561002332607444],[-117.66913410205335,34.56019075968022],[-117.66946110071945,34.56018896695732],[-117.66945459833613,34.5593773939762],[-117.66978159379524,34.559375600426854],[-117.66977942533401,34.55910507609382],[-117.67010641970616,34.55910328169108],[-117.67010208076249,34.55856223302502],[-117.67108305735717,34.55855684466045],[-117.67109609360976,34.5601799901915],[-117.67273108577244,34.56017099152476],[-117.67272890769924,34.559900467398336],[-117.6730559049909,34.55989866505448],[-117.67305372588464,34.55962814092807],[-117.67403471439997,34.55962272870425],[-117.67403907898155,34.56016377683132],[-117.67436607721646,34.56016197097505],[-117.67437044403485,34.56070301902127],[-117.67469744435385,34.56070121224872],[-117.67469962885899,34.56097173623141],[-117.67437262748896,34.560973543030904],[-117.67438354519072,34.562326162881455],[-117.67242150456833,34.562336985784],[-117.6724193273126,34.562066461729444],[-117.67111130388415,34.56207365941778],[-117.67111564994248,34.56261470766163],[-117.67176966595065,34.562611110492824],[-117.67177401635682,34.56315215861989],[-117.67210102643152,34.56315035868352],[-117.67210320273504,34.56342088271112],[-117.67243021384282,34.56341908188542],[-117.67243239123329,34.563689605877094],[-117.67275940337412,34.56368780416206],[-117.67276376036494,34.56422885207353],[-117.67309077458987,34.564227049442216],[-117.6730929541902,34.564497573362026],[-117.67276593890527,34.564499376011305],[-117.67276811747254,34.56476989994009],[-117.67211408469284,34.564773502651505],[-117.67212279078727,34.56585559838462],[-117.67146874942866,34.56585919772735],[-117.6714709238996,34.56612972166512],[-117.66983581470441,34.5661387048],[-117.66983364551555,34.56586818077239],[-117.66917960375268,34.565871767853125],[-117.66917743671978,34.565601243780606],[-117.66786935707476,34.565608407368885],[-117.66787151987661,34.56587893151327],[-117.66754449883348,34.56588072023867],[-117.66754666061124,34.56615124439203],[-117.66721963848114,34.566153032264026],[-117.6672174777634,34.56588250808371],[-117.66689045666637,34.56588429505739],[-117.66691637440978,34.56913058455642],[-117.66658934057465,34.56913237086535],[-117.66663900348597,34.5753544212544],[-117.66696606167444,34.57535263453225],[-117.66712386567511,34.595100837612726],[-117.66679673010576,34.59510262564641],[-117.66681618648295,34.59753733129471],[-117.6671433315924,34.597535543099326],[-117.66718443398128,34.6026754736894],[-117.66685726873159,34.602677262226145],[-117.66711047826209,34.634328319286254],[-117.66678318876643,34.63433010904471],[-117.66684814603445,34.64244573847817],[-117.66815743134434,34.64243857199732],[-117.6681596012878,34.642709092719116],[-117.66914156814931,34.642703708585614],[-117.6691372219203,34.642162667240825],[-117.67011918214327,34.64215727530994],[-117.67012571109875,34.64296883714297],[-117.6704530343082,34.64296703802407],[-117.6704552117436,34.64323755859316],[-117.67012788747414,34.643239357730025],[-117.67013224031474,34.64378039887718],[-117.66980491388934,34.643782197169635],[-117.66981144017683,34.64459375884995],[-117.67013876979125,34.64459196049462],[-117.67014529952827,34.64540352200425],[-117.6704726322958,34.645401722723655],[-117.67047481000068,34.64567224318495],[-117.67080214381025,34.64567044299705],[-117.67080432260211,34.64594096343139],[-117.67178632703117,34.64593555755866],[-117.67178850903899,34.64620607793012],[-117.67211584486078,34.64620427419388],[-117.67211366178397,34.64593375384936],[-117.6724409965098,34.645931949259726],[-117.67243881239993,34.64566142891521],[-117.67309347963278,34.64565781713082],[-117.67309129342982,34.645387296813254],[-117.67374595842587,34.64538368155238],[-117.67374814674885,34.645654201834006],[-117.67407548027096,34.64565239286957],[-117.67407985914474,34.646193433360956],[-117.67506186589145,34.64618800107775],[-117.67505967324757,34.645917480894944],[-117.67538700771291,34.64591566840013],[-117.67538481403597,34.64564514821731],[-117.67603948074779,34.64564152062257],[-117.67603728497778,34.6453710004667],[-117.67701928162744,34.64536555254383],[-117.67701708269534,34.645095032432884],[-117.67799907590445,34.64508957664975],[-117.6779968738103,34.64481905658372],[-117.67865153367696,34.64481541503814],[-117.67864932948973,34.64454489499906],[-117.67897665831364,34.6445430729282],[-117.67896342743207,34.64291995252303],[-117.6786361049862,34.6429217744771],[-117.67863390100558,34.64265125434819],[-117.67830657959276,34.64265307541293],[-117.67829776821577,34.64157099470863],[-117.67797045101605,34.64157281482116],[-117.67796824930818,34.64130229459344],[-117.67633166823238,34.64131138189695],[-117.6763294718605,34.6410408615704],[-117.6760021566191,34.64104267637389],[-117.67599996135215,34.640772156011415],[-117.67501801863735,34.64077759511283],[-117.67502240283814,34.64131863592762],[-117.67469508641098,34.64132044723666],[-117.67469727749179,34.64159096764405],[-117.6733880072646,34.64159820417553],[-117.67338363363699,34.64105716320803],[-117.674365579972,34.641051737231],[-117.67436339001408,34.6407812167787],[-117.67469070433918,34.64077940638594],[-117.67467974966277,34.63942680404356],[-117.6743524406557,34.639428614346485],[-117.67434806111716,34.63888757328915],[-117.67369344725321,34.63889119119108],[-117.67368907208049,34.63835015001697],[-117.6753255958887,34.63834109885268],[-117.67532121020568,34.637800057804334],[-117.67597581527511,34.63779643126062],[-117.67598020520715,34.6383374722371],[-117.67630750982147,34.638335657613275],[-117.67630970588793,34.63860617806558],[-117.67696431715575,34.63860254614095],[-117.67695992079176,34.63806150529922],[-117.67728722425623,34.638059688061304],[-117.67728502505466,34.637789167644925],[-117.67761232743216,34.63778734953564],[-117.67760792698984,34.63724630870289],[-117.67728062674132,34.63724812676726],[-117.67727842762957,34.63697760630597],[-117.67695112841413,34.63697942347203],[-117.6769467324005,34.63643838248657],[-117.67727402948692,34.63643656535644],[-117.67727183045604,34.636166044868204],[-117.6775991264555,34.63616422687569],[-117.67759472637249,34.63562318589023],[-117.67923119529362,34.63561408293806],[-117.67923340063071,34.63588460334546],[-117.67890610584395,34.635886425712755],[-117.6789215366278,34.6377800683489],[-117.6792488388526,34.63777824586482],[-117.67925104443222,34.6380487661734],[-117.67990565092099,34.63804511851927],[-117.67990344321237,34.63777459823764],[-117.68088534953641,34.63776912022121],[-117.68088092784892,34.637228079747786],[-117.6815355276722,34.63722442342492],[-117.68153774062698,34.6374949436257],[-117.68186504154922,34.63749311412577],[-117.6818805405152,34.639386755100034],[-117.68220784884853,34.63938492459399],[-117.68221006416589,34.63965544466901],[-117.6825373735323,34.639653613264656],[-117.68253958994559,34.63992413330374],[-117.68286690034506,34.63992230101005],[-117.68286468287175,34.63965178097995],[-117.68417391994211,34.639644443073585],[-117.68417614166445,34.63991496302284],[-117.68483076214,34.639911288760615],[-117.6848329860183,34.64018180865597],[-117.68548760850607,34.64017813084539],[-117.68549206060152,34.64071917053728],[-117.6858193739295,34.64071733027554],[-117.68582160108664,34.64098785009004],[-117.68680354407095,34.64098232397781],[-117.68680131372477,34.64071180422619],[-117.68811056637192,34.64070442385646],[-117.68810833180368,34.64043390416772],[-117.68909026778111,34.64042835972087],[-117.6890947433226,34.64096939898157],[-117.69007668540858,34.64096384652175],[-117.6900811674449,34.64150488562075],[-117.69040848353968,34.64150303300717],[-117.69041072566276,34.64177355252523],[-117.69106535989151,34.6417698446211],[-117.69106760417056,34.64204036408526],[-117.69139492229553,34.64203850880369],[-117.69139716767052,34.642309028231914],[-117.69172448683754,34.64230717205203],[-117.69172897978838,34.6428482108456],[-117.69205630104848,34.642846353740445],[-117.69206304390183,34.64365791178258],[-117.69173571945271,34.64365976894164],[-117.69174919958084,34.64528288480133],[-117.69142186872674,34.64528474118784],[-117.69142411446104,34.645555260481316],[-117.69076945053399,34.645558970658186],[-117.69077169416624,34.64582948996963],[-117.69011702799341,34.645833196670026],[-117.69011926953259,34.64610371600842],[-117.6904466036925,34.64610186308043],[-117.69044884632761,34.64637238238289],[-117.69012151109871,34.64637423532885],[-117.69012375269179,34.64664475464928],[-117.68979641637593,34.64664660673285],[-117.6898008975319,34.647187645364724],[-117.68947355906008,34.64718949660388],[-117.68947579862296,34.64746001592431],[-117.68914845905519,34.64746186631007],[-117.6891529361418,34.64800290493296],[-117.68882559440908,34.64800475448328],[-117.6888278319328,34.648275273794724],[-117.68915517472551,34.64827342423542],[-117.68915741334517,34.64854394351992],[-117.68948475716196,34.648542093053315],[-117.6894892366201,34.64908313155045],[-117.68981658253897,34.64908128016756],[-117.68981882336847,34.64935179938019],[-117.69014617032039,34.64934994710798],[-117.69015065420723,34.649890985452394],[-117.68982330512631,34.64989283776054],[-117.68984347451429,34.65232750989269],[-117.69017083315329,34.65232565741387],[-117.69017307541112,34.652596176455816],[-117.69050043509216,34.652594323078674],[-117.69050267844594,34.65286484209368],[-117.69083003916005,34.65286298781822],[-117.69082555035942,34.65232194981516],[-117.69115290891757,34.652320094704265],[-117.69115066350665,34.65204957569825],[-117.69147802096886,34.65204771972497],[-117.6914757745159,34.651777200727935],[-117.69180313089113,34.651775343892275],[-117.69180088340511,34.65150482490422],[-117.69245559393676,34.65150110863677],[-117.69245334435766,34.65123058966669],[-117.6947448228057,34.65121755518378],[-117.6947425658155,34.65094703633047],[-117.69506991869629,34.650945170772175],[-117.69506766067303,34.65067465192785],[-117.69539501245788,34.65067278550717],[-117.69539049437218,34.65013174782751],[-117.69604519360301,34.65012801241696],[-117.6960384103255,34.64931645591992],[-117.69636575670249,34.64931458694802],[-117.69636123254418,34.64877354926836],[-117.69668857676521,34.648771679461035],[-117.69668631366646,34.64850116061671],[-117.69701365680054,34.648499289947],[-117.69701139266873,34.648228771111654],[-117.69733873470686,34.64822689957956],[-117.69733420440407,34.64768586190888],[-117.69766154428625,34.64768398954135],[-117.69765927811525,34.64741347070601],[-117.69798661691047,34.6474115974761],[-117.69798434970643,34.64714107864974],[-117.69831168739671,34.64713920455745],[-117.69830488279318,34.64632764806041],[-117.69797754828294,34.64632952208982],[-117.69797528120465,34.646059003218554],[-117.69764794772746,34.64606087634965],[-117.69764568174513,34.64579035744244],[-117.69699101682993,34.645794101045624],[-117.69698875300355,34.64552358208452],[-117.69666142156554,34.64552545254762],[-117.69665915882612,34.64525493355957],[-117.69633182842117,34.645256803124354],[-117.69632956677769,34.64498628410936],[-117.6960022374058,34.644988152775824],[-117.69599093494664,34.643635557404366],[-117.6966455830274,34.64363181937972],[-117.69664332050358,34.64336130030184],[-117.69795261206575,34.64335381378718],[-117.6979548788386,34.64362433278421],[-117.69860952656903,34.643620584213345],[-117.69861179549784,34.643891103165465],[-117.6992664452315,34.64388735103727],[-117.69926871631627,34.6441578699355],[-117.69992336805319,34.64415411426794],[-117.69992109483941,34.64388359540565],[-117.70155771832468,34.64387419094294],[-117.70155088291791,34.64306263457167],[-117.70122356146916,34.643064517171005],[-117.70122128412314,34.64279399833567],[-117.70154860450289,34.64279211576328],[-117.70154404778064,34.6422510780926],[-117.70187136601342,34.64224919468477],[-117.70186908662822,34.64197867584944],[-117.70219640376506,34.641976791579225],[-117.70218728229861,34.640894716201935],[-117.70087803057673,34.640902247722195],[-117.70087575453326,34.640631728770074],[-117.70120306645087,34.64062984723074],[-117.70119851233375,34.6400888093265],[-117.70054389272957,34.64009257146193],[-117.70054161783595,34.63982205245591],[-117.7008689265915,34.63982017185083],[-117.70086209892821,34.639008614814806],[-117.7011894044678,34.63900673338327],[-117.70118485071897,34.63846569534429],[-117.7015121541026,34.638463813068334],[-117.7015098762086,34.63819329405333],[-117.70183717849628,34.638191410915006],[-117.70183262067809,34.63765037287602],[-117.7021599208098,34.63764848891123],[-117.70215764088562,34.63737796988725],[-117.7024849399214,34.63737608506008],[-117.70248037803384,34.636835047021094],[-117.70280767492265,34.63683316134952],[-117.70280539295928,34.63656264232553],[-117.70313268875213,34.63656075580055],[-117.70313497177551,34.636831274797586],[-117.70346226860144,34.6368293873743],[-117.70347368948552,34.63818198208998],[-117.70380099159354,34.63818009369651],[-117.70380556228459,34.63872113145702],[-117.70413286648568,34.63871924214726],[-117.70413515294062,34.638989760991585],[-117.70446245817477,34.638987870774535],[-117.7044670333035,34.63952890839131],[-117.70512164793101,34.63952512525327],[-117.70511706855325,34.63898408771734],[-117.70544437369757,34.63898219486823],[-117.7054466644285,34.63925271362272],[-117.70610127674733,34.63924892525648],[-117.7060989838874,34.63897840653792],[-117.70675359396046,34.63897461468623],[-117.70674900408139,34.63843357729402],[-117.70773091257936,34.638427883053104],[-117.70772631644803,34.6378868457148],[-117.7090355188524,34.63787924125134],[-117.70903782115363,34.63814975985312],[-117.71001972582478,34.63814404722368],[-117.71002433689509,34.63868508426554],[-117.71035164051229,34.63868317826508],[-117.71035394716135,34.638953696750086],[-117.71133586102226,34.638947973412726],[-117.7113381708873,34.63921849182586],[-117.71166547650773,34.63921658226808],[-117.71166778745973,34.63948710065426],[-117.71264970733039,34.639481366662885],[-117.71265202150734,34.63975188496822],[-117.712979329131,34.63974997186209],[-117.71298164439492,34.64002049014946],[-117.71494549587719,34.640008992944516],[-117.71494781754609,34.640279511106115],[-117.71691167428351,34.64026798216369],[-117.71690934623656,34.63999746412785],[-117.71789127099404,34.63999168786176],[-117.71789360223,34.640262205843705],[-117.71822091148861,34.640260278643005],[-117.71822324382052,34.64053079658901],[-117.7198597949375,34.64052114732641],[-117.71986213261438,34.6407916651736],[-117.72018944380437,34.64078973266386],[-117.72018710506748,34.64051921484362],[-117.7205144151705,34.64051728148048],[-117.72050973565754,34.639976245839996],[-117.71952781164566,34.63998204318056],[-117.71952313862752,34.63944100737838],[-117.7208323620884,34.63943327598297],[-117.72083002137522,34.639162758144764],[-117.72115732610631,34.63916082311974],[-117.72115966787052,34.639431340939986],[-117.7214869736257,34.63942940501665],[-117.72148228799522,34.638888369394124],[-117.72082768069797,34.638892240288584],[-117.72082299944226,34.6383512045403],[-117.72049569787325,34.638353138631075],[-117.72048867939881,34.63754158486491],[-117.72016138099185,34.63754351801246],[-117.72015670429062,34.63700248206654],[-117.71982940797673,34.63700441430679],[-117.71982473352129,34.63646337827104],[-117.71949743930048,34.63646530958602],[-117.71948342307574,34.63484220108352],[-117.7198107109275,34.63484026988533],[-117.71980603697511,34.63429923365195],[-117.72013332266192,34.63429730160934],[-117.72013098467063,34.63402678350163],[-117.72111283837137,34.63402098216356],[-117.72112220328127,34.63510305430692],[-117.72177678075445,34.63509918220872],[-117.72177912418054,34.63536970017269],[-117.72210641393673,34.6353677627851],[-117.72210875845877,34.63563828072213],[-117.72276334000132,34.63563440326997],[-117.72276099335028,34.635363885377856],[-117.72308828301662,34.635361945349224],[-117.7230859353415,34.635091427466094],[-117.72341322390292,34.63508948658406],[-117.72341087519473,34.634818968700934],[-117.72373816266919,34.63481702695651],[-117.72373581292793,34.63454650908237],[-117.72406309930645,34.63454456648455],[-117.72406074854112,34.634274048619396],[-117.72471531907931,34.634270160827626],[-117.72471296621191,34.633999642989416],[-117.72504025038057,34.633997697795465],[-117.72503789648012,34.633727179957255],[-117.72536517955284,34.63372523390991],[-117.72536282461932,34.63345471608068],[-117.72798107953518,34.63343911620695],[-117.72798344295778,34.63370963387448],[-117.72831072574303,34.633707679921955],[-117.72831309026157,34.63397819755355],[-117.72896765786227,34.63397428697153],[-117.72897002453678,34.63424480455821],[-117.7299518788843,34.63423893203763],[-117.72995424877476,34.634509449552446],[-117.73028153456039,34.634507490263935],[-117.73027916360093,34.634236972776065],[-117.73093373294437,34.634233051611886],[-117.73093135990081,34.633962534141986],[-117.73224049396136,34.63395468136621],[-117.73224524859144,34.63449571612635],[-117.73191796299446,34.634497680679],[-117.73192033928991,34.634768198059064],[-117.73159305260597,34.63477016175831],[-117.73159542787735,34.63504067914736],[-117.7329045786825,34.63503281902337],[-117.73291409706954,34.63611488815737],[-117.73324138893676,34.6361129208469],[-117.73323186630068,34.63503085180273],[-117.73355915389192,34.63502888369276],[-117.73354486451646,34.633405779870486],[-117.73387214570272,34.633403811014915],[-117.73386976318194,34.63313329368874],[-117.73354248306468,34.63313526252635],[-117.73354010163985,34.63286474517323],[-117.73386738070607,34.63286277634461],[-117.73386499824818,34.63259225899149],[-117.73517410992271,34.63258437499926],[-117.73517172326069,34.63231385771801],[-117.73582627677581,34.632309910484715],[-117.73582388802072,34.632039393230414],[-117.73615116366437,34.632037418320195],[-117.73614638411502,34.63149638381158],[-117.7364736576117,34.631494408056945],[-117.73647126682641,34.631223890802644],[-117.7384349007457,34.63121201798513],[-117.73843729790903,34.63148253512265],[-117.73876457118112,34.63148055322354],[-117.73876696944039,34.63175107033411],[-117.73909424373656,34.63174908753668],[-117.73909664309177,34.63201960460234],[-117.73942391842101,34.63201762091558],[-117.73943111985531,34.63282917198679],[-117.73975839833764,34.632827187365784],[-117.73976079993864,34.633097704341615],[-117.74041535894246,34.633093732413634],[-117.74041776269941,34.633364249335564],[-117.7410723236975,34.63336027385026],[-117.74107472961938,34.63363079072727],[-117.74140201112904,34.633628801650616],[-117.74140441813789,34.63389931850068],[-117.74205898319636,34.633895337661414],[-117.74206139236118,34.63416585445758],[-117.74337052633189,34.634157882169944],[-117.74337293978166,34.634428398876274],[-117.74370022425575,34.634426403583284],[-117.74370263880147,34.63469692025368],[-117.74402992430862,34.63469492407136],[-117.7440323399413,34.63496544070583],[-117.74435962648151,34.63496344362518],[-117.7443644599747,34.635504476822256],[-117.74469174860799,34.63550247881635],[-117.74469416645951,34.63577299537895],[-117.74502145612585,34.635770996483714],[-117.74502387507331,34.63604151301038],[-117.74469658435594,34.63604351192359],[-117.74469900227933,34.63631402845924],[-117.74600816921821,34.6363060274345],[-117.74601785823127,34.637388093136934],[-117.74569056229468,34.63739009479],[-117.74570024757973,34.638472160375656],[-117.74471834683422,34.63847816030428],[-117.74471351050235,34.63793712742162],[-117.74504080865779,34.63793512835571],[-117.74503113213132,34.636853062518526],[-117.74437654428257,34.63685705959933],[-117.74437896124476,34.63712757611702],[-117.74405166620649,34.63712957335935],[-117.7440589140837,34.63794112290343],[-117.744386212311,34.63793912559821],[-117.74438862939894,34.63820964207098],[-117.74373403079738,34.638213635837005],[-117.74373644579227,34.63848415233672],[-117.74340914538206,34.63848614792616],[-117.74342362964703,34.64010924678075],[-117.74309632282285,34.64011124160662],[-117.74309873592227,34.64038175806142],[-117.74277142800216,34.64038375203389],[-117.74277384006854,34.640654268488696],[-117.74244653106146,34.64065626160777],[-117.74244894209477,34.64092677807155],[-117.74146701168688,34.64093275220057],[-117.74146941955811,34.64120326871826],[-117.74048748567375,34.641209234996],[-117.74048267632729,34.64066820183486],[-117.73982805782803,34.64067217488574],[-117.73983046036328,34.64094269151122],[-117.73950314999975,34.640944676734094],[-117.7395103546051,34.641756226610546],[-117.7401649816653,34.64175225515868],[-117.74016738538631,34.64202277172128],[-117.74049469993601,34.64202078465686],[-117.74049710475296,34.642291301183526],[-117.74115173587354,34.64228732437769],[-117.74115414285545,34.642557840859446],[-117.74213609248727,34.64255186900317],[-117.74213850268515,34.642822385404074],[-117.74279313773137,34.642818399740854],[-117.74279555008519,34.64308891609684],[-117.74410482405834,34.643080934143335],[-117.74410724069715,34.64335145040051],[-117.7444345601696,34.643349452700036],[-117.74443939566602,34.64389048513353],[-117.74476671723154,34.64388848651677],[-117.7447763928597,34.64497055116818],[-117.74444906704515,34.64497254987477],[-117.74445632091413,34.645784098295955],[-117.74478364992667,34.64578209953547],[-117.7447860690089,34.64605261563094],[-117.74511339904552,34.646050615972136],[-117.7451109789033,34.64578009989462],[-117.745438307844,34.64577809937344],[-117.74544557156749,34.646589647507156],[-117.74479090727213,34.64659364779495],[-117.74479332645315,34.646864163854495],[-117.74413865990303,34.646868160665804],[-117.74413624284202,34.646597644561346],[-117.74348157828615,34.64660163781533],[-117.74348640817709,34.647142670087135],[-117.74315907372973,34.64714466543403],[-117.74316390161742,34.64768569769684],[-117.7434912381938,34.64768370230504],[-117.74349365325155,34.647954218400514],[-117.74316631561517,34.64795621381029],[-117.74316872963986,34.648226729905765],[-117.74349606834524,34.64822473447803],[-117.74349848346588,34.64849525054655],[-117.74415316290684,34.64849125701409],[-117.74415558018345,34.648761773028724],[-117.74481026162763,34.64875777593893],[-117.7448126810602,34.64902829189967],[-117.7451400227929,34.64902629201628],[-117.74513518182573,34.64848526012177],[-117.74546252140247,34.64848325940295],[-117.74546009989481,34.648212743451204],[-117.74611477682049,34.64820873941744],[-117.74610992966393,34.64766770755886],[-117.74643726595284,34.64766570427086],[-117.74643484136395,34.64739518834606],[-117.74676217655693,34.6473931841867],[-117.7467500487616,34.64604060449084],[-117.74707737860959,34.64603859954994],[-117.74706767269922,34.64495653565312],[-117.74674034710924,34.644958540504184],[-117.7467354964762,34.644417508439],[-117.74640817297032,34.64441951237378],[-117.74640090045233,34.643607964132265],[-117.74672822076919,34.64360596026036],[-117.7467257955964,34.643335444173864],[-117.74705311480834,34.64333343943958],[-117.74705068861147,34.643062923362066],[-117.74737800673645,34.64306091777438],[-117.74737315230354,34.64251988561936],[-117.74770046826357,34.64251787918725],[-117.7476956118364,34.641976847032225],[-117.74802292564048,34.64197483976469],[-117.74802049641629,34.64170432368718],[-117.74834780912443,34.64170231555726],[-117.74834537886717,34.641431799488736],[-117.74998193662272,34.641421745795604],[-117.74997950108336,34.641151229807924],[-117.75128874245665,34.64114317112032],[-117.75129118224503,34.64141368702715],[-117.75161849356977,34.64141167013866],[-117.75162093445408,34.64168218600956],[-117.75293018367866,34.64167410958922],[-117.75292773853631,34.64140359380815],[-117.75325504969935,34.641401572526895],[-117.75325260353293,34.64113105674583],[-117.75488915353601,34.64112093727805],[-117.75488670208749,34.64085042158681],[-117.75521401093287,34.64084839507736],[-117.75520665359595,34.64003684799467],[-117.75422473654602,34.640042924702314],[-117.75422228735228,34.639772408921246],[-117.7538949826661,34.63977443271778],[-117.7538925345683,34.63950391690078],[-117.75356523091519,34.639505939799],[-117.75356278391332,34.63923542395506],[-117.75225357320852,34.639243506663604],[-117.75225113049164,34.638972990729826],[-117.75028731982881,34.638985088323786],[-117.75028244724095,34.638444056168765],[-117.75060974697742,34.638442042136916],[-117.75060730966838,34.6381715260594],[-117.75126190691348,34.63816749540855],[-117.75125946751139,34.63789697935799],[-117.75158676502004,34.63789496273899],[-117.75158432459385,34.637624446697416],[-117.752893510056,34.63761637149878],[-117.75289106540772,34.63734585552907],[-117.75387295098069,34.63733978996952],[-117.753875398809,34.63761030587635],[-117.75551187941721,34.63760017894358],[-117.75551433259947,34.63787069474261],[-117.7558416296859,34.63786866669704],[-117.75583917544364,34.63759815092496],[-117.75649376739767,34.63759409224667],[-117.75649131106232,34.63732357650154],[-117.75747319554833,34.63731748196234],[-117.7574756550727,34.637587997644594],[-117.75845754245127,34.63758189513734],[-117.75845507974687,34.63731137951797],[-117.75878237440786,34.63730934361214],[-117.75877498329427,34.63649779672708],[-117.75910227473929,34.63649576000378],[-117.75909734536891,34.63595472872911],[-117.75844276669199,34.6359588012145],[-117.75844030417623,34.635688285514284],[-117.75811301584837,34.635690320414],[-117.75810809305366,34.63514928894169],[-117.75745352055715,34.63515335603719],[-117.75745106132922,34.634882840238156],[-117.75712377609156,34.634884872451906],[-117.75712131795959,34.634614356625924],[-117.756794033755,34.634616387932375],[-117.75678666273673,34.633804840310695],[-117.75645938168522,34.6338068706829],[-117.75645692580801,34.63353635476709],[-117.75612964578957,34.63353838424098],[-117.75612719100832,34.63326786828923],[-117.75579991201394,34.6332698968648],[-117.75579255105681,34.6324583488838],[-117.75546527521553,34.63246037651614],[-117.75545791773487,34.631648828364455],[-117.75513064504669,34.631650855053564],[-117.75512574234729,34.63110982285363],[-117.75545301290649,34.631107796200446],[-117.75544810821283,34.63056676398254],[-117.75577537662504,34.63056473649393],[-117.75576556337498,34.62948267200422],[-117.75642009159354,34.629478614547644],[-117.75642254697667,34.6297491306521],[-117.7570770771805,34.6297450696382],[-117.75707953472858,34.63001558568876],[-117.7574068008411,34.63001355384332],[-117.75740925947613,34.63028406985795],[-117.75839106081408,34.63027796901258],[-117.75838859899002,34.630007453060834],[-117.75871586497678,34.630005417702975],[-117.75870108835511,34.62838232184876],[-117.7590283479279,34.6283802857453],[-117.75902588421738,34.62810976974864],[-117.75935314269422,34.6281077327828],[-117.75934821323402,34.62756670078947],[-117.75967546956389,34.6275646629882],[-117.75967053810943,34.62702363098589],[-117.75999779228334,34.62702159234919],[-117.75999285883462,34.62648056034688],[-117.76064736283459,34.62647648051327],[-117.7606498316655,34.62674699648298],[-117.76097708467161,34.626744955232176],[-117.7609746147807,34.62647443928043],[-117.76162911858304,34.62647035418269],[-117.76162664659904,34.62619983826688],[-117.7619538973863,34.626197794419944],[-117.76195142436924,34.62592727851311],[-117.76260592372493,34.62592318822311],[-117.76260839886201,34.62619370409401],[-117.76326290020299,34.626189610264646],[-117.76326537749603,34.626460126072665],[-117.7635926291816,34.62645807782398],[-117.76360006444739,34.627269625131255],[-117.76392731928605,34.62726757593934],[-117.76393227841761,34.6278086073847],[-117.76425953534037,34.627806557267526],[-117.76426201602006,34.62807707294978],[-117.76491653190475,34.628072970047434],[-117.764921497603,34.628614001286174],[-117.76524875761595,34.628611948483034],[-117.76525124158348,34.62888246406647],[-117.76557850262053,34.62888041035604],[-117.76558098768399,34.629150925903545],[-117.76590824975409,34.62914887130378],[-117.76591073590453,34.62941938681535],[-117.76656526207493,34.62941527492985],[-117.76657023873263,34.6299563058452],[-117.76755203410575,34.62995013131103],[-117.76755452567302,34.63022064668785],[-117.76788179179452,34.63021858672514],[-117.76788677713893,34.63075961740692],[-117.76854131353215,34.630755494777574],[-117.76854380837828,34.631026010055585],[-117.76919834676578,34.631021883868904],[-117.76919584979065,34.63075136863581],[-117.76985038592336,34.630747238981634],[-117.76984288883553,34.62993569331828],[-117.76951562397166,34.629937758518174],[-117.76951312607126,34.629667243258126],[-117.76918586224046,34.6296693075597],[-117.76918086865851,34.62912827694978],[-117.76885360692079,34.629130340335074],[-117.76883613787753,34.62723673267932],[-117.76916339218619,34.62723466943776],[-117.7691484136412,34.625611576808495],[-117.76980290941262,34.625607447935856],[-117.76980540787895,34.625877963366584],[-117.77013265677975,34.62587589759177],[-117.77013765593126,34.62641692837237],[-117.76981040490145,34.62641899418311],[-117.76981540206768,34.626960024954734],[-117.77014265520853,34.62695795909907],[-117.77014515490556,34.62722847444895],[-117.77047240907947,34.62722640769498],[-117.77047741068338,34.62776743831388],[-117.77211369167696,34.62775709117708],[-117.772111185548,34.627486575979916],[-117.7724384405843,34.627484503934866],[-117.77243091920602,34.626672958334396],[-117.77275817101736,34.626670885480856],[-117.77275566290312,34.62640037027471],[-117.77308291361851,34.6263982965588],[-117.77308542280176,34.626668811746974],[-117.77341267455022,34.626666737132744],[-117.77340514391929,34.62585519161312],[-117.77373239245178,34.62585311618142],[-117.77372485892828,34.62504157061688],[-117.77536108515157,34.62503118063044],[-117.7753585687369,34.624760665514124],[-117.77601305687264,34.624756503421786],[-117.77601053836489,34.6244859883414],[-117.77633778131884,34.624483905992676],[-117.77633526178701,34.62421339092128],[-117.77666250364503,34.62421130771915],[-117.77665998308014,34.62394079265673],[-117.77731446457732,34.62393662366533],[-117.77731194192835,34.62366610862986],[-117.77763918155853,34.623664022831605],[-117.77763665787649,34.62339350781411],[-117.77796389641972,34.62339142116245],[-117.77796642116176,34.62366193616198],[-117.77927537922439,34.62365358070694],[-117.77928043729639,34.62419461050838],[-117.78026216186431,34.62418833457238],[-117.78025962962133,34.623917819743525],[-117.7809141103729,34.62391363143835],[-117.78091157604582,34.62364311662746],[-117.78156605453364,34.62363892485478],[-117.78156351811349,34.62336841008881],[-117.7818907562435,34.62336631289992],[-117.78188821879927,34.623095798133946],[-117.78385164051852,34.62308319673782],[-117.78384655298177,34.62254216742147],[-117.78417378769818,34.62254006415996],[-117.7841763325086,34.62281057880017],[-117.78581251086965,34.622800049215535],[-117.78581506101607,34.62307056373896],[-117.7871240073377,34.62306212418365],[-117.78712656177805,34.62333263860826],[-117.78810827434448,34.62332629966442],[-117.78810571672409,34.6230557853027],[-117.78908742579607,34.62304943852555],[-117.78908486503157,34.62277892420873],[-117.7900665706091,34.62277256959828],[-117.79006144280089,34.622231541063464],[-117.79038867580151,34.622229421147196],[-117.79038354600802,34.621688392612384],[-117.79136523844319,34.62168202771622],[-117.79136267041132,34.621411513489235],[-117.79267158893009,34.621403014761896],[-117.79267416120202,34.621673528899045],[-117.79398308342185,34.62166501605019],[-117.7939805069009,34.62139450199388],[-117.79430773630826,34.62139237161224],[-117.79431031388923,34.62166288564159],[-117.79496477472516,34.621658622192335],[-117.79496993424391,34.62219965013426],[-117.79562439919412,34.62219538308276],[-117.79562698112292,34.62246589699534],[-117.79595421460864,34.6224637621311],[-117.79595938070305,34.62300478987539],[-117.79628661628185,34.62300265408589],[-117.79628403215216,34.62273214024518],[-117.79661126662602,34.62273000361126],[-117.79660868147226,34.62245948977954],[-117.79759038149821,34.62245307466755],[-117.79759296984099,34.622723588436386],[-117.7979202041801,34.62272144828108],[-117.79792279360984,34.622991962022965],[-117.79825002897303,34.62298982096934],[-117.7982552100783,34.62353084836329],[-117.79858244752558,34.62352870639337],[-117.7985876308946,34.624069733688515],[-117.79989658884942,34.62406115686164],[-117.79989399290689,34.623790643308396],[-117.80022123124351,34.62378849692775],[-117.80021344043352,34.62297695625903],[-117.79988620527695,34.62297910256781],[-117.79988101369733,34.62243807534453],[-117.80020824673387,34.62243592908067],[-117.80020305316899,34.62189490184842],[-117.80053028404059,34.621892754740145],[-117.80052768624753,34.621622241133],[-117.80150937548471,34.621615794615906],[-117.80150677453858,34.62134528106266],[-117.80281568878137,34.62133667350442],[-117.80281829396756,34.621607186976824],[-117.80314552350967,34.62160503287067],[-117.80314031104422,34.621064005952825],[-117.80117694604459,34.621076917159925],[-117.8011743462393,34.620806403561765],[-117.80248325212777,34.62079779968662],[-117.80248064810041,34.62052728615134],[-117.80313509871351,34.62052297899905],[-117.80312988652653,34.61998195198239],[-117.80378433275585,34.61997764140751],[-117.80378172459625,34.619707127926134],[-117.80149116961631,34.61972219945573],[-117.8014885689217,34.61945168581265],[-117.801161347698,34.61945383535536],[-117.80115874809933,34.61918332167635],[-117.8005043076821,34.619187618093775],[-117.80050171023939,34.61891710436087],[-117.80082892939697,34.61891495661479],[-117.80082633093018,34.61864444289086],[-117.80049911282363,34.61864659060999],[-117.8004861262928,34.617294021711885],[-117.80015891345934,34.61729616844287],[-117.80015631731919,34.61702565461115],[-117.79982910551881,34.617027800443815],[-117.7998265104746,34.61675728657616],[-117.7994992996983,34.6167594315195],[-117.79949670575003,34.61648891760692],[-117.79916949599782,34.61649106165194],[-117.79916171753966,34.615679519788465],[-117.79883451094052,34.61568166289025],[-117.79882932759845,34.61514063488545],[-117.79784771395451,34.61514705879194],[-117.79785030243204,34.615417572866214],[-117.79752309674919,34.61541971242864],[-117.79752568419364,34.615690226511894],[-117.79687127061808,34.615694503058585],[-117.79687385596947,34.615965017177764],[-117.79621944013014,34.61596929025696],[-117.79622460670068,34.61651031854024],[-117.79491576611973,34.61651885434106],[-117.79491318706553,34.61624834012306],[-117.79524039619793,34.61624620750461],[-117.79522749612993,34.61489363633376],[-117.7949002922976,34.61489576883543],[-117.79488481971515,34.61327268289862],[-117.79455762221595,34.613274814403155],[-117.79455504463499,34.61300430001448],[-117.79422784815986,34.61300643061172],[-117.79422527167485,34.612735916196094],[-117.7938980762328,34.61273804589502],[-117.79389035015541,34.61192650249542],[-117.79356315786643,34.6119286312601],[-117.79355800944188,34.61138760222223],[-117.793230819237,34.61138973006164],[-117.79322824613863,34.611119215502285],[-117.79290105695783,34.61112134244338],[-117.7928984849554,34.61085082785707],[-117.79224410862399,34.61085507906229],[-117.79224153877753,34.61058456442208],[-117.79125997719095,34.61059093459136],[-117.79125227740725,34.609779390383274],[-117.79092509332888,34.60978151195245],[-117.7909225278662,34.609510997177495],[-117.7899409786045,34.609517356558],[-117.78993841635778,34.6092468417022],[-117.7889568699707,34.609253193132616],[-117.78894919297727,34.60844164829572],[-117.78927637196219,34.608439532098465],[-117.78927125201423,34.60789850218923],[-117.78959842883421,34.60789638515655],[-117.78959586785412,34.607625870201936],[-117.78992304357816,34.60762375231585],[-117.78992048157399,34.60735323737022],[-117.79122917989771,34.60734475711224],[-117.79123174615093,34.607615271968044],[-117.79155892171326,34.6076131496892],[-117.79156148906242,34.607883664518056],[-117.79123431244007,34.60788578681486],[-117.7912420115051,34.60869733127447],[-117.79189637107395,34.608693085674744],[-117.79189893961787,34.60896360042275],[-117.793862023867,34.6089508424323],[-117.79385687407702,34.60840981316986],[-117.79352969557718,34.60841194164707],[-117.79352454805094,34.60787091229479],[-117.7931973716352,34.607873039855725],[-117.79318965378638,34.60706149567459],[-117.79351682701311,34.60705936817654],[-117.7935142534027,34.6067888534465],[-117.79416859763731,34.606784595854265],[-117.79416602194281,34.60651408116016],[-117.7944931929507,34.606511951065976],[-117.79449061622313,34.60624143638085],[-117.79514495601109,34.60623717361432],[-117.79514237719943,34.60596665895614],[-117.79579671472362,34.60596239272211],[-117.79580703866593,34.60704445112124],[-117.79613421162315,34.60704231660735],[-117.79613679374958,34.60731283115772],[-117.79679114168525,34.607308559443965],[-117.79679372596765,34.60757907394044],[-117.79777525078617,34.60757265973575],[-117.79777266331477,34.607302145311145],[-117.79809983712539,34.60730000550617],[-117.79810242565682,34.60757051991281],[-117.79908395006213,34.60756409517987],[-117.79908654180952,34.60783460951465],[-117.79941371760542,34.607832466161334],[-117.79941112479801,34.6075619518535],[-117.799738299489,34.60755980764678],[-117.7997279243607,34.606477750370544],[-117.79940075390078,34.60647989449641],[-117.79939816126405,34.6062093801257],[-117.7990709918372,34.60621152334427],[-117.79906840029642,34.60594100894661],[-117.79874123189366,34.605943151266864],[-117.79873605103991,34.60540212238171],[-117.79840888472124,34.60540426378569],[-117.79840629540828,34.60513374930717],[-117.79873346066695,34.605131607921166],[-117.79872828001083,34.60459057896414],[-117.79840111688118,34.604592720305234],[-117.79839852766703,34.60432220578181],[-117.79807136556146,34.60432434622459],[-117.79806877744325,34.604053831674214],[-117.79774161636176,34.60405597120969],[-117.79772350793361,34.60216236884502],[-117.79837781521152,34.602158089190155],[-117.79837522631179,34.60188757455894],[-117.79902953132596,34.60188329142759],[-117.79902694034213,34.6016127768323],[-117.7993540917398,34.60161063397305],[-117.7993514997229,34.60134011938675],[-117.79967865002462,34.6013379756741],[-117.79967605698366,34.601067461087794],[-117.80000320618943,34.60106531652175],[-117.79999283013586,34.59998325816753],[-117.79933854016848,34.59998754625757],[-117.79933076485443,34.59917600222916],[-117.79900362299688,34.59917814489975],[-117.79900103235441,34.5989076301787],[-117.79932817314297,34.59890548753505],[-117.79932558147642,34.59863497282298],[-117.79899844174788,34.59863711543968],[-117.79899326063364,34.598096085943666],[-117.79932039824216,34.5980939433629],[-117.79931780667442,34.597823428614895],[-117.79997207967263,34.597819140875195],[-117.79996689240492,34.5972781114241],[-117.80062116101935,34.59727382026182],[-117.80062375676424,34.597544334946946],[-117.80095089208207,34.59754218802731],[-117.80094829527715,34.597271673360154],[-117.80127542949903,34.59726952558712],[-117.80127802736395,34.59754004022734],[-117.8016051626099,34.59753789155599],[-117.80160776156178,34.59780840616925],[-117.80193489783181,34.5978062565906],[-117.80193749787963,34.598076771167925],[-117.8016103605496,34.598078920764536],[-117.80161295957335,34.59834943535085],[-117.8019400979634,34.59834728573627],[-117.8019504986398,34.59942934386591],[-117.80227764124295,34.59942719328115],[-117.80228544530308,34.60023873668973],[-117.80261259105033,34.60023658517073],[-117.80262300117701,34.60131864278833],[-117.8032773010528,34.60131433693859],[-117.80328251057179,34.60185536559018],[-117.80295535852734,34.60185751899565],[-117.80295275481438,34.60158700465189],[-117.80197130166344,34.60159345954128],[-117.80197390219637,34.60186397393894],[-117.80164675001717,34.60186612384098],[-117.80165194907077,34.602407152654266],[-117.80132479473562,34.60240930171189],[-117.80132999179496,34.60295033052518],[-117.80034852222282,34.60295677257764],[-117.80036149958185,34.604309344709684],[-117.8006886614449,34.604307198131416],[-117.80069125808811,34.60457771250213],[-117.80199990943893,34.604569117313694],[-117.80199730855567,34.60429860303281],[-117.80330595511847,34.60428999390252],[-117.80330856024179,34.60456050810255],[-117.80396288543211,34.604556198228366],[-117.80395506380093,34.603744655736065],[-117.80460938249644,34.60374034248421],[-117.8046067732319,34.60346982833808],[-117.80558824781664,34.603463351952],[-117.80558302303528,34.60292232374957],[-117.80754595855038,34.60290934755834],[-117.80754857729214,34.60317986153379],[-117.80787573414257,34.603177695740555],[-117.80787835398029,34.60344820968008],[-117.80853266971135,34.60344387542561],[-117.8085274258408,34.60290284761844],[-117.8088545815324,34.602900679220085],[-117.80884933567657,34.60235965140393],[-117.80917648921222,34.60235748217015],[-117.80917124137112,34.60181645435399],[-117.81080699791924,34.60180559524934],[-117.81080436874804,34.6015350814266],[-117.81145866900113,34.60153073169416],[-117.81145603774583,34.60126021790735],[-117.81178318676297,34.601258041747556],[-117.81178055448358,34.600987527969735],[-117.81210770239578,34.60098535094756],[-117.81209453621985,34.59963278198657],[-117.81307596385864,34.59962624600626],[-117.81307332754582,34.59935573223742],[-117.8134004689632,34.59935355184656],[-117.8133978316263,34.599083038095685],[-117.81372497193875,34.59908085684245],[-117.81371441870148,34.59799880179403],[-117.81338728262908,34.59800098295744],[-117.81337937124722,34.59718944148023],[-117.81370650414857,34.59718726038869],[-117.81370122794765,34.59664623271626],[-117.81435548939352,34.59664186798196],[-117.81435284922694,34.5963713541682],[-117.81467997884045,34.59636917050747],[-117.81467733764978,34.59609865671168],[-117.81435020909628,34.59610084034546],[-117.81434756900155,34.595830326513735],[-117.81369331391576,34.59583469112227],[-117.81368803807416,34.59529366332408],[-117.81336091260188,34.595295844271895],[-117.81335563901506,34.59475481638387],[-117.81302851562687,34.59475699640642],[-117.81302324430379,34.59421596842856],[-117.8126961229997,34.594218147534825],[-117.81269348844758,34.59394763350547],[-117.81073076625542,34.59396068956591],[-117.81073339443847,34.59423120373001],[-117.81007915130925,34.59423554878223],[-117.81008702972295,34.595047091319444],[-117.80975990491541,34.595049262592404],[-117.80978353250283,34.59748388973693],[-117.81011066684148,34.59748171826634],[-117.8101211731418,34.59856377437477],[-117.81077545020936,34.59855942862187],[-117.81077807899429,34.59882994257936],[-117.8111052185342,34.598827768368906],[-117.8111078484061,34.599098282281474],[-117.81143498897006,34.59909610717271],[-117.81144288199934,34.599907648784665],[-117.81111573825532,34.5999098239653],[-117.81111836827095,34.60018033783295],[-117.810791223431,34.6001825121512],[-117.81079385242253,34.60045302603682],[-117.8101395605148,34.60045737208616],[-117.81014218742224,34.60072788599874],[-117.80948789325974,34.600732228589564],[-117.80949051807411,34.60100274252909],[-117.80916336987445,34.60100491253542],[-117.80916074612009,34.60073439856895],[-117.8088335989445,34.60073656767697],[-117.80883097627711,34.600466053674566],[-117.80850383013458,34.60046822188426],[-117.80849596552801,34.59965667975129],[-117.8081688225296,34.59965884700878],[-117.80816620212595,34.59938833291655],[-117.80783906015161,34.5993904992847],[-117.80783644083492,34.599119985156534],[-117.80750929988466,34.59912215062637],[-117.8075066816729,34.59885163646227],[-117.80717954174672,34.5988538010338],[-117.80717692463091,34.598583286842754],[-117.8068497857378,34.598585450506974],[-117.80683932184697,34.597503393527184],[-117.80651218715796,34.59750555623021],[-117.80650695754368,34.596964527623534],[-117.80683409011264,34.59696236496542],[-117.80683147429939,34.59669185066657],[-117.80748573721849,34.5966875227632],[-117.80748311932113,34.5964170084913],[-117.80846451025477,34.59641051012345],[-117.80846188920432,34.59613999590545],[-117.80878901838665,34.59613782805508],[-117.80878115227988,34.59532628540108],[-117.80845402627759,34.59532845318857],[-117.80845140537089,34.595057938925656],[-117.80812428039268,34.59506010582382],[-117.80811380135624,34.593978048556565],[-117.8084409220944,34.593975881748236],[-117.80843306000311,34.59316433874389],[-117.8087601775253,34.59316217112708],[-117.80875493418475,34.592621142439555],[-117.80842781878258,34.59262331001145],[-117.80842519822622,34.59235279562277],[-117.8080980838571,34.592354962296355],[-117.80809546439669,34.59208444788073],[-117.80776835104268,34.592086613655994],[-117.80776311434967,34.59154558473491],[-117.80743600307974,34.59154774959389],[-117.80743338584715,34.591277235088434],[-117.80645205502879,34.5912837243294],[-117.80645466908135,34.59155423889774],[-117.80612755768567,34.591556400244315],[-117.80612494468413,34.591285885658],[-117.80481650296416,34.591294522204876],[-117.80481389424759,34.591024007519756],[-117.80448678479227,34.591026164437636],[-117.80448417716266,34.59075564971658],[-117.80382996026425,34.59075996089332],[-117.80381693324634,34.58940738690177],[-117.80414403641346,34.58940523186137],[-117.80414143005048,34.589134717041496],[-117.80446853213063,34.5891325611477],[-117.80446592474357,34.588862046345795],[-117.80577432843785,34.58885341409287],[-117.80577694006496,34.589123928804945],[-117.80610404196545,34.589121768536344],[-117.80610665467952,34.58939228321249],[-117.8064337576041,34.58939012203659],[-117.80644421306873,34.59047218057047],[-117.80677132018843,34.5904700184244],[-117.80676870521062,34.59019950383809],[-117.80742291724914,34.59019517697676],[-117.80741768315225,34.58965414784008],[-117.80709057927547,34.589656311666],[-117.80708534744234,34.58911528243949],[-117.80675824564965,34.589117445349125],[-117.80674255735474,34.58749435724737],[-117.80641546188619,34.5874965191509],[-117.80641284835465,34.58722600440289],[-117.80608575391018,34.587228165408106],[-117.80606746756172,34.585334561678],[-117.8063945545861,34.58533240083448],[-117.80638671491675,34.58452085625809],[-117.80671379873415,34.58451869459711],[-117.80670857034157,34.58397766486753],[-117.80736273362854,34.583973339003336],[-117.80736011736612,34.5837028241655],[-117.80768719789569,34.58370065993533],[-117.80768458060919,34.583430145106476],[-117.80735750113963,34.58343230930969],[-117.80735226879446,34.58289127957114],[-117.807025191409,34.58289344284909],[-117.80701734633179,34.582081898084056],[-117.80734442053722,34.58207973486],[-117.80734180451735,34.58180921994131],[-117.80766887762682,34.58180705586386],[-117.80766626058288,34.58153654094518],[-117.8079933326054,34.58153437602331],[-117.80799071453737,34.581263861113605],[-117.80864485634561,34.58125952867374],[-117.80863699600603,34.58044798400752],[-117.80830992829542,34.58045015060025],[-117.8083073093111,34.580179635672586],[-117.80798024262458,34.580181801367004],[-117.80796977126873,34.579099741422766],[-117.80829683371522,34.57909757581818],[-117.80828635867628,34.57801551576615],[-117.80795930046985,34.578017681280905],[-117.80793312591607,34.57531253008183],[-117.80760607826483,34.57531469450962],[-117.80759299759055,34.57396211834415],[-117.8079200399507,34.57395995402415],[-117.80790695485672,34.572607377670025],[-117.80823399188087,34.57260521257748],[-117.80823137390267,34.572334697290486],[-117.81052062469051,34.57231951731627],[-117.81051799934613,34.57204900216402],[-117.8111720685615,34.57204465718367],[-117.81116944113303,34.57177414207634],[-117.81149647462681,34.5717719682881],[-117.81149384617426,34.571501453180765],[-117.81182087857209,34.57149927854811],[-117.81181299023203,34.570687733226116],[-117.81214001942287,34.570685557775995],[-117.81213738898504,34.570415042668664],[-117.81344550117602,34.57040633220841],[-117.81344286653407,34.57013581717295],[-117.81376989343421,34.57013363739294],[-117.81376462214708,34.56959260733099],[-117.81343759736696,34.56959478706608],[-117.8134349628328,34.56932427199468],[-117.81310793907676,34.569326450840435],[-117.81310003886995,34.56851490548251],[-117.81277301825801,34.56851708338503],[-117.81276775374417,34.56797605304461],[-117.81113266071866,34.567986929181316],[-117.81114316870779,34.56906899024844],[-117.81081614576023,34.569071162931756],[-117.81081089381382,34.568530132384716],[-117.81048387295036,34.568532304151745],[-117.81048649785457,34.56880281945671],[-117.81015947589515,34.56880499037034],[-117.81016472367338,34.56934602098026],[-117.809837699567,34.56934819106744],[-117.80984032244999,34.569618706381384],[-117.80951329724766,34.569620875606184],[-117.80951591910659,34.56989139092911],[-117.80886186648308,34.56989572679156],[-117.80886448625792,34.57016624215042],[-117.80788340387763,34.570172739449276],[-117.80787555418307,34.5693611931571],[-117.80820257849608,34.56935902833405],[-117.80819996094907,34.56908851289434],[-117.8078729376871,34.56909067769943],[-117.80787032122706,34.56882016223277],[-117.808197343429,34.56881799745463],[-117.80819472594489,34.56854748199696],[-117.80852174705089,34.568545316356435],[-117.80851651006144,34.56800428545007],[-117.80884352902048,34.5680021189831],[-117.80882519326467,34.56610851057277],[-117.80784415853101,34.56611500689246],[-117.80783631040852,34.56530346005231],[-117.80849032724313,34.56529913018163],[-117.80849294536507,34.56556964575608],[-117.80914696418496,34.56556531233705],[-117.80915220477667,34.56610634337816],[-117.80980622768391,34.56610200636587],[-117.80980360525903,34.565831490899214],[-117.81013061560324,34.56582932109949],[-117.8101332390881,34.56609983654818],[-117.81111427308514,34.56609332183998],[-117.81111689978597,34.56636383720782],[-117.81078988742955,34.566366009675534],[-117.810795138819,34.566907040429186],[-117.81112215329546,34.566904867916556],[-117.81112740693968,34.56744589857139],[-117.81210845650452,34.5674393756436],[-117.81209793664863,34.56635731454953],[-117.81144391210647,34.56636166385975],[-117.81143865662968,34.56582063315102],[-117.81078463618383,34.56582497887697],[-117.81078201061487,34.56555446346421],[-117.81045500139356,34.565556634988695],[-117.81045237692055,34.565286119540005],[-117.81012536873232,34.56528829016617],[-117.81012274534625,34.56501777468155],[-117.80979573817311,34.56501994440941],[-117.809793115883,34.56474942888885],[-117.80946610974291,34.56475159772737],[-117.80946348854874,34.564481082170886],[-117.80913648342377,34.564483250111095],[-117.80913386332554,34.56421273452766],[-117.80880685922463,34.56421490156056],[-117.80880424021338,34.56394438594119],[-117.80847723713656,34.56394655208477],[-117.80846676569088,34.56286448939169],[-117.80813976680919,34.562866654565084],[-117.80811360120262,34.56016149676339],[-117.80844058949317,34.56015933180559],[-117.80843797207193,34.55988881597961],[-117.80876495926654,34.55988665015943],[-117.8087571040204,34.559075102672494],[-117.80908408800802,34.55907293605281],[-117.8090814686015,34.558802420217845],[-117.80875448567389,34.55880458681956],[-117.80875186736331,34.55853407095764],[-117.80777092154491,34.558540565453754],[-117.80776830644133,34.55827004951099],[-117.80678736347957,34.55827653605701],[-117.80678475159195,34.558006020033396],[-117.80547683138892,34.55801465641857],[-117.8054716161836,34.55747362417372],[-117.8057985941615,34.55747146642939],[-117.80579598555272,34.557200950306964],[-117.80612296244367,34.557198791718214],[-117.80612035281081,34.55692827560477],[-117.8064473286058,34.55692611616263],[-117.80644471794888,34.556655600058164],[-117.80742564196515,34.55664911653048],[-117.80743086966604,34.55719014858669],[-117.8077578463863,34.55718798561417],[-117.80776307634194,34.55772901758953],[-117.80841703390573,34.557724688931565],[-117.8084144167899,34.55745417299779],[-117.80874139446237,34.55745200737523],[-117.80873877633147,34.557181491450436],[-117.80906575290798,34.55717932497448],[-117.809063133744,34.55690880905866],[-117.80939010923358,34.556906641738294],[-117.80938486890238,34.55636560990666],[-117.8103657887954,34.55635910280719],[-117.81036316550816,34.55608858693629],[-117.81069013768294,34.556086416175376],[-117.81069276203019,34.55635693201933],[-117.811346708383,34.556352587820506],[-117.81135196141636,34.55689361938264],[-117.81527566198207,34.55686748012366],[-117.81526774440184,34.556055933553004],[-117.81494077272113,34.556058116566945],[-117.81493813464762,34.55578760100147],[-117.81559207586206,34.55578323412918],[-117.81558943571343,34.555512718581674],[-117.81591640520226,34.55551053386094],[-117.81591112289279,34.55496950278389],[-117.81656505754952,34.5549651307912],[-117.81656241432867,34.55469461527963],[-117.81688938053864,34.55469242798971],[-117.81687615969123,34.553339850359976],[-117.81622223780855,34.55334422384387],[-117.8162195958633,34.553073708242465],[-117.81556567595689,34.55307807817802],[-117.81555775666986,34.5522665311582],[-117.81621167023415,34.55226216134842],[-117.81620902842366,34.55199164569312],[-117.81718989532506,34.551985084488116],[-117.81718725037943,34.55171456888671],[-117.81751420488435,34.55171238008762],[-117.81750626708303,34.55090083328341],[-117.81783321838097,34.550898643675836],[-117.81783057145906,34.55062812806545],[-117.81815752166104,34.55062593760447],[-117.81816016964297,34.55089645318791],[-117.81881407205917,34.55089206959797],[-117.81881672218807,34.551162585127514],[-117.81848976993793,34.55116477738512],[-117.81849241904276,34.551435292914654],[-117.81914632561815,34.551430907492154],[-117.81913041881704,34.54980781435085],[-117.82043820615026,34.54979903350759],[-117.82043555090993,34.54952851803195],[-117.82076249660238,34.549526320662935],[-117.82075718410952,34.54898528971165],[-117.82206495803989,34.54897649162972],[-117.82206761849942,34.54924700702452],[-117.82239456295218,34.54924480529867],[-117.82239722450765,34.549515320657534],[-117.8227241699845,34.549513118024386],[-117.82273748357397,34.550865694522244],[-117.82241053280605,34.5508678972542],[-117.82241319457711,34.55113841254119],[-117.82208624271324,34.55114061442874],[-117.82209156424315,34.55168164500272],[-117.82176461023231,34.551683846054836],[-117.82176726999116,34.55195436135081],[-117.82209422505302,34.55195216027175],[-117.82209688590781,34.5522226755318],[-117.82275079805277,34.55221827070569],[-117.82276145026643,34.55330033144044],[-117.82243448998534,34.55330253437901],[-117.82243715207082,34.55357304954922],[-117.82276411341192,34.553570846592685],[-117.82276677659334,34.55384136173595],[-117.82309373895852,34.55383915788109],[-117.8230990675402,34.55438018807779],[-117.82342603198947,34.55437798329768],[-117.82342869738973,34.55464849836009],[-117.82375566286308,34.55464629269064],[-117.8237583293593,34.55491680770814],[-117.82343136282593,34.554919013404536],[-117.82343402829805,34.55518952844],[-117.82376099588244,34.55518732272564],[-117.82376366245052,34.55545783772517],[-117.82409063105898,34.555455631112494],[-117.824093298723,34.55572614607609],[-117.82442026835555,34.555723938565094],[-117.82442293710653,34.555994453492765],[-117.82507687838385,34.55599003579379],[-117.82507420751284,34.55571952091104],[-117.82540117703759,34.55571731076798],[-117.82539850514252,34.55544679589421],[-117.82605244197318,34.555442373029926],[-117.826049767994,34.55517185818311],[-117.8267037025609,34.55516743186031],[-117.82670637865111,34.55543794666221],[-117.82703334694517,34.555435732171304],[-117.82704405588744,34.55651779116333],[-117.8267170833713,34.55652000574406],[-117.82672511227975,34.55733154993418],[-117.82705208797593,34.55732933528158],[-117.82705476540463,34.55759984995772],[-117.82738174212489,34.557597634406804],[-117.82738442064954,34.55786814905599],[-117.82771139839386,34.55786593260676],[-117.82772211709184,34.558947990987924],[-117.82739513511643,34.558950207518],[-117.82744603663386,34.56408998256479],[-117.82711903450925,34.56409219864572],[-117.82712171283627,34.56436271302541],[-117.82810272226438,34.56435606207871],[-117.8281000407663,34.56408554777088],[-117.82842704277412,34.564083329057894],[-117.82842436025197,34.563812814759046],[-117.83005936448801,34.5638017081865],[-117.83006205230124,34.564072222368566],[-117.83071605586774,34.56406777356992],[-117.83071874583693,34.564338287698085],[-117.83137275137074,34.56433383534211],[-117.83137544349589,34.56460434941638],[-117.83235645470265,34.56459766425285],[-117.83235915003478,34.56486817824627],[-117.83399417328815,34.56485701867312],[-117.83399687395627,34.565127532540785],[-117.83432387955736,34.56512529798151],[-117.83432117782922,34.564854784131825],[-117.83464818234336,34.56485254871915],[-117.83464547959115,34.56458203487845],[-117.83497248300932,34.5645797986034],[-117.83496707551065,34.56403877093995],[-117.83529407676389,34.56403653383845],[-117.83528866729789,34.56349550616602],[-117.83561566640417,34.56349326823806],[-117.83561837217472,34.56376378205182],[-117.83594537230506,34.56376154322555],[-117.83594807918054,34.56403205700338],[-117.83627508032599,34.5640298172788],[-117.83627778829742,34.56430033102967],[-117.83889380466549,34.56428238148656],[-117.83889108823193,34.56401186791534],[-117.84216109486245,34.56398935240632],[-117.8421583678737,34.5637188390507],[-117.84248536727641,34.5637165826983],[-117.84247991130462,34.56317555599605],[-117.84280690855138,34.563173298826186],[-117.84280417955938,34.56290278547955],[-117.84345817183406,34.56289826854369],[-117.84345544076696,34.56262775523299],[-117.8431284457031,34.56263001410965],[-117.84309295883578,34.55911333963324],[-117.84374692140318,34.55910882158347],[-117.84374145819996,34.55856779464766],[-117.84341447905425,34.55857005406331],[-117.84341174856206,34.55829954055498],[-117.8427577922739,34.55830405671829],[-117.84275506393766,34.558033543156064],[-117.8430820410442,34.55803128553704],[-117.84307931168388,34.55776077197481],[-117.84275233563737,34.55776302957587],[-117.842749607373,34.55749251598669],[-117.84209565728321,34.55749702851182],[-117.84209293117479,34.55722651485976],[-117.8414389830613,34.55723102383655],[-117.84143625909986,34.55696051013059],[-117.84110928604473,34.556962763284986],[-117.84111473188351,34.55750379073284],[-117.83947985548673,34.55751504358704],[-117.83947713784045,34.557244529755316],[-117.83915016350971,34.55724677768152],[-117.83914744695937,34.55697626381386],[-117.83882047365272,34.556978510841745],[-117.83881775819833,34.55670799693816],[-117.83849078590677,34.55671024306773],[-117.8384799286796,34.55562818725574],[-117.83880689673111,34.55562594122499],[-117.83880418145638,34.5553554272675],[-117.83913114841195,34.55535318037436],[-117.8391338647467,34.55562369431388],[-117.83946083272635,34.55562144652243],[-117.83944452891478,34.55399836285835],[-117.83911756728622,34.55400061050607],[-117.83910670303423,34.55291855439765],[-117.8387797456008,34.55292080107519],[-117.83877431580594,34.55237977290869],[-117.83910127112833,34.55237752626707],[-117.8391039870678,34.552648040332365],[-117.83943094340529,34.55264579280142],[-117.83942007564985,34.55156373653129],[-117.83974702772035,34.551561488209835],[-117.83973887410777,34.5507499459511],[-117.84006582298025,34.55074769681217],[-117.8400549477688,34.54966564038933],[-117.8403818923653,34.54966339046887],[-117.840379172599,34.54939287635867],[-117.84136000299287,34.54938612143197],[-117.84135728009144,34.54911560736669],[-117.84364587568405,34.54909981538824],[-117.84364314540746,34.548829301475664],[-117.84429702742291,34.54882478164723],[-117.84428609822272,34.54774272605982],[-117.84395916146852,34.54774498631989],[-117.84395643032056,34.547474472371384],[-117.84362949458145,34.54747673173314],[-117.84362676452943,34.5472062177487],[-117.84297289506344,34.54721073379523],[-117.8429756230044,34.547481247824585],[-117.84199481536487,34.54748801540855],[-117.84199209059494,34.54721750131631],[-117.84101128579408,34.54722426095017],[-117.84101400739294,34.547494775114274],[-117.83970626292734,34.547503775802234],[-117.83970082823664,34.5469627472764],[-117.83937389414145,34.54696499522057],[-117.83936302943131,34.545882937926365],[-117.84001688911466,34.54587844135531],[-117.84001145274412,34.545337412721686],[-117.84033838041636,34.54533516316953],[-117.84033566122498,34.545064648861704],[-117.84262414652243,34.54504887764331],[-117.84261051411188,34.54369630669705],[-117.84228359303329,34.54369856224096],[-117.84228086771539,34.54342804799602],[-117.84195394766985,34.54343030264161],[-117.84194849926187,34.542889274070866],[-117.84162158128247,34.542891527791205],[-117.84161885819239,34.54262101346541],[-117.84129194123706,34.54262326628742],[-117.84127560979333,34.541000179919415],[-117.84094869914416,34.54100243174431],[-117.84094053707844,34.54019088832674],[-117.84061362957337,34.54019313919942],[-117.84060547101109,34.53938159560219],[-117.84027856663215,34.53938384554061],[-117.84025682052119,34.53721972857167],[-117.83992992456847,34.5372219774411],[-117.83992720752406,34.536951462747],[-117.83927341762184,34.53695595782685],[-117.83927613255521,34.53722647257485],[-117.83894923649468,34.537228718821204],[-117.83895195039499,34.53749923357819],[-117.8386250532475,34.537501478971144],[-117.838614202057,34.53641941979946],[-117.83894109498242,34.536417174487354],[-117.83893295379353,34.53560563004571],[-117.83860606403918,34.53560787528595],[-117.83859250140978,34.53425530085422],[-117.83826561690158,34.534257545106314],[-117.83825206046156,34.532904970252375],[-117.83792518119954,34.532907213525306],[-117.83792247108114,34.53263669848984],[-117.83759559284319,34.53263894086445],[-117.83758204805432,34.53128636541762],[-117.8369283020348,34.5312908473102],[-117.83692559530306,34.531020332139995],[-117.83659872329942,34.53102257174779],[-117.83660142898013,34.531293086935975],[-117.83529393638416,34.531302036716404],[-117.8352885335118,34.53076100614241],[-117.8346347912203,34.53076547569214],[-117.83463209195355,34.53049496034227],[-117.8343052218184,34.53049719377864],[-117.83429712740481,34.52968564758528],[-117.83266279200942,34.529696801337344],[-117.8326600992285,34.52942628579882],[-117.83233323309985,34.52942851390819],[-117.8323305414059,34.52915799833373],[-117.83200367630131,34.529160225544786],[-117.8320009857033,34.52888970994338],[-117.83069352913876,34.52889860993019],[-117.83069084279876,34.528628094220984],[-117.82971025317136,34.52863475996294],[-117.82970488695025,34.52809372838284],[-117.83003174808428,34.52809150738813],[-117.83002906397212,34.527820991607065],[-117.83100964398754,34.52781432343966],[-117.83101233127077,34.52808483915784],[-117.83330035743928,34.52806924933626],[-117.83330305216056,34.52833976489275],[-117.83493736077716,34.52832860295704],[-117.8349346607738,34.52805808751733],[-117.8352615213329,34.52805585252687],[-117.83525071746566,34.52697379074109],[-117.83557757376676,34.526971554969094],[-117.8355694680793,34.52616000856912],[-117.83524261494925,34.52616224427823],[-117.83523721345132,34.52562121323712],[-117.83491036239639,34.525623448020966],[-117.8349049631622,34.52508241689002],[-117.8352318120971,34.52508018215109],[-117.83521830933142,34.523727604215935],[-117.83489146567862,34.523729838838086],[-117.8348887662951,34.52345932320075],[-117.83423508099271,34.523463789786035],[-117.83422698938185,34.52265224264046],[-117.83455382888445,34.52265000985088],[-117.83454843254285,34.52210897840552],[-117.83487526989846,34.5221067447805],[-117.83486447342436,34.52102468183589],[-117.83519130651298,34.52102244742934],[-117.83517510655565,34.51939935277886],[-117.83550193326624,34.51939711763569],[-117.83549923234659,34.51912660183665],[-117.83451875526012,34.519133304580215],[-117.83451605753848,34.51886278870033],[-117.83418923282215,34.51886502117551],[-117.83418114305285,34.5180534734101],[-117.83450796458914,34.51805124100679],[-117.8345052670202,34.51778072508199],[-117.83483208746952,34.517778491816294],[-117.83482938887651,34.51750797590946],[-117.8351562082299,34.517505741790366],[-117.83516160757188,34.518046773568095],[-117.83548842900936,34.51804453853272],[-117.83548572826038,34.51777402267979],[-117.83581254860192,34.517771786791016],[-117.83580444341752,34.51696023921425],[-117.83547762624704,34.51696247503116],[-117.8354695245481,34.51615092727473],[-117.83514271051276,34.516153162157394],[-117.83514001107532,34.51588264618768],[-117.83546682405965,34.51588041134095],[-117.8354587228009,34.51506886344079],[-117.8364391520341,34.51506215384308],[-117.83644185558582,34.51533266974992],[-117.83709547700899,34.515328192268065],[-117.83708736012854,34.514516644637396],[-117.83676055259697,34.51451888374214],[-117.83675784810204,34.514248367817345],[-117.83610423505115,34.51425284336782],[-117.83610693744403,34.51452335934652],[-117.83545332213838,34.51452783144747],[-117.83545602244718,34.51479834744413],[-117.83480240488676,34.51480281609554],[-117.83479700852718,34.51426178398543],[-117.83447020180411,34.514264016954684],[-117.83446750472925,34.51399350085921],[-117.83283347586598,34.514004652482264],[-117.83283616765875,34.514275168685536],[-117.83218255374548,34.51427962326035],[-117.83218524346314,34.51455013949956],[-117.83055120277805,34.514561260750575],[-117.83055388724955,34.5148317770886],[-117.83022707795729,34.51483399873908],[-117.83023244489705,34.51537503142411],[-117.82990563344883,34.515377252239155],[-117.82991099842127,34.51591828492418],[-117.82958418481711,34.51592050491278],[-117.82958954782224,34.516461537588825],[-117.82926273208008,34.516463756750966],[-117.82926541258102,34.516734273097974],[-117.82893859574293,34.51673649140672],[-117.82894127521979,34.517007007753726],[-117.82861445729472,34.517009225218054],[-117.82861981424522,34.51755025793003],[-117.82829299417317,34.51755247455893],[-117.82829834914736,34.51809350727091],[-117.82797152692835,34.51809572306438],[-117.82797687994422,34.51863675576737],[-117.82765005556925,34.51863897073438],[-117.82765273107556,34.51890948709936],[-117.82797955650156,34.518907272105395],[-117.82798223309483,34.51917778842545],[-117.82765540660881,34.51918000343738],[-117.82766878484105,34.52053258498376],[-117.82734195303702,34.520534799232124],[-117.82734730246861,34.521075831809355],[-117.8270204685176,34.52107804522228],[-117.82703918524892,34.52297165901352],[-117.82736602659305,34.522969445438896],[-117.82737940204052,34.52432202623968],[-117.82705255541428,34.52432423992211],[-117.82705790372297,34.524865272202895],[-117.82673105494976,34.52486748505886],[-117.8267444210727,34.526220065653035],[-117.82707127513699,34.526217852689264],[-117.82707929840402,34.52702940083197],[-117.82642558391538,34.527033826031875],[-117.82642825629554,34.5273043421004],[-117.82577453955213,34.527308763832814],[-117.825771869283,34.52703824771937],[-117.8251181545069,34.52704266592139],[-117.82511548638475,34.52677214975405],[-117.82380806064138,34.52678097556697],[-117.82380539677725,34.52651045929183],[-117.82315168580101,34.52651486690272],[-117.82314902409283,34.526244350582665],[-117.82216846053453,34.526250955373925],[-117.82216580203333,34.52598043897302],[-117.82151209492883,34.52598483775347],[-117.82150943857461,34.52571432128968],[-117.82085573343743,34.52571871652179],[-117.82085307923018,34.52544820000411],[-117.82019937606928,34.52545259170583],[-117.82019672401799,34.525182075125265],[-117.81758191841723,34.52519960675414],[-117.81758456201538,34.52547012350539],[-117.81725771010704,34.52547231104684],[-117.81725506755095,34.525201794268646],[-117.81692821665771,34.525203980911776],[-117.81692293378231,34.5246629472925],[-117.81594238722911,34.52466950184098],[-117.81593974901187,34.524398984946004],[-117.81430550933199,34.52440989159848],[-117.81430814226714,34.52468040860126],[-117.81300074566512,34.524689118271],[-117.81298497394368,34.52306601551772],[-117.81265813103647,34.5230681906175],[-117.81265550359902,34.52279767343506],[-117.81232866172486,34.52279984763653],[-117.8123312881113,34.523070364845914],[-117.8090628568473,34.52309205899833],[-117.80906024102507,34.52282154157334],[-117.808079714136,34.52282803270077],[-117.80807710152074,34.52255751519494],[-117.80775026021253,34.5225596771344],[-117.80775287176778,34.522830194667186],[-117.8074260293726,34.522832355753245],[-117.80742863991276,34.52310287328603],[-117.8067749528946,34.52310719287999],[-117.80676712771508,34.52229564010198],[-117.80644028732314,34.52229779852004],[-117.80642985847558,34.52121572789484],[-117.80675669463645,34.521213569557624],[-117.80675147830824,34.52067253421358],[-117.80642464424943,34.52067469250588],[-117.80641943017599,34.52013365706302],[-117.80609259820127,34.520135814439044],[-117.8060847805137,34.519324261122044],[-117.80575795166513,34.519326417554836],[-117.80573971899999,34.51743279257957],[-117.8054128975176,34.51743494798828],[-117.80540248384258,34.516352876222214],[-117.80572930110289,34.51635072090333],[-117.80572669671619,34.516080202948345],[-117.80605351288057,34.516078046776066],[-117.80604309145309,34.51499597493814],[-117.80571627950182,34.514998131029564],[-117.80570846696159,34.51418657695798],[-117.80538165815443,34.51418873210618],[-117.80537124614129,34.51310665974723],[-117.80504444152028,34.51310881393423],[-117.8050366360498,34.51229725947637],[-117.80536343749976,34.51229510536123],[-117.80536083468512,34.51202458719963],[-117.8063412356753,34.51201811966196],[-117.80634384165201,34.5122886377517],[-117.80797784787772,34.51227784092725],[-117.80797262538708,34.51173680495439],[-117.80829942442057,34.511734643005944],[-117.80829681217362,34.511464125024],[-117.80797001420014,34.5114662869455],[-117.80796479192509,34.51092525090077],[-117.80763799602671,34.51092741190598],[-117.80763538599861,34.51065689383421],[-117.80730859112431,34.51065905395009],[-117.80730337328693,34.51011801773468],[-117.80664978765263,34.51012233524455],[-117.80664718089439,34.50985181708295],[-117.80632038908335,34.50985397450388],[-117.80631517778572,34.509312938090844],[-117.80729554677791,34.509306463339705],[-117.80729293801642,34.5090359451781],[-117.80761972655759,34.50903378519697],[-117.8076145070224,34.508492748891726],[-117.80794129341659,34.50849058807516],[-117.80794390421725,34.5087611062188],[-117.80892426636427,34.508754618478015],[-117.80892165238357,34.50848410040624],[-117.80924843864302,34.50848193610421],[-117.80924582364723,34.508211418032445],[-117.80957260881074,34.50820925287701],[-117.8095673768159,34.50766821675143],[-117.80989415983244,34.50766605076956],[-117.80989154283341,34.50739553270677],[-117.8095647608679,34.50739769867966],[-117.80955168166686,34.506045108096224],[-117.80922490494753,34.50604727308097],[-117.8092301344091,34.5065883093952],[-117.80857657664953,34.50659263682247],[-117.80857918931868,34.50686315500204],[-117.80825240932947,34.506865317435576],[-117.80825502098354,34.507135835624126],[-117.80792823989839,34.50713799719528],[-117.80793085053735,34.5074085154018],[-117.8069505039132,34.50741499494096],[-117.80694789645428,34.50714447668054],[-117.80629433397854,34.507148791962585],[-117.80629172865761,34.50687827363929],[-117.80596494842585,34.506880429946314],[-117.80596234419188,34.506609911596065],[-117.80563556497523,34.506612067004774],[-117.80562775566894,34.50580051180131],[-117.80497420346992,34.50580481987887],[-117.80497160254176,34.505534301411835],[-117.80399127715378,34.505540756903095],[-117.80399387491092,34.50581127544199],[-117.80334032237054,34.50581557477894],[-117.80334291805256,34.50608609334479],[-117.80236258581046,34.506092535855394],[-117.80236517835735,34.50636305447514],[-117.8020383998234,34.50636520025391],[-117.80204617450863,34.50717675609517],[-117.80171939276771,34.50717890106546],[-117.80172198334729,34.50744941967622],[-117.80139520051043,34.50745156380209],[-117.80139779006592,34.507722082421836],[-117.80107100615108,34.50772422568532],[-117.8010684176466,34.50745370703863],[-117.79910771973607,34.507466548150184],[-117.79911030189844,34.507737066922644],[-117.79878351774106,34.507739204068606],[-117.7987912612727,34.50855076037699],[-117.79846447390833,34.50855289671447],[-117.79846963432539,34.50909393423243],[-117.79814284482302,34.509096069743464],[-117.79814542402094,34.509366588506936],[-117.79847221459231,34.50936445297794],[-117.79847479488619,34.50963497170549],[-117.79880158646365,34.509632835278175],[-117.79880416785348,34.50990335397877],[-117.7997845455683,34.50989693939679],[-117.79978196101642,34.50962642076806],[-117.80010875246813,34.5096242808463],[-117.80010099584803,34.50881272494216],[-117.80042778410174,34.50881058421192],[-117.8004226110813,34.508269546927515],[-117.80140296927574,34.50826311962539],[-117.80140555893905,34.5085336382092],[-117.80173234598901,34.50853149400248],[-117.80173493673928,34.50880201255934],[-117.80238851285144,34.50879772148689],[-117.80239110574867,34.50906823998088],[-117.80304468382813,34.509063945369064],[-117.80304727887234,34.50933446380915],[-117.80337406892268,34.50933231517373],[-117.80337666505386,34.50960283357788],[-117.80304987394351,34.50960498224024],[-117.80305246905958,34.50987550065337],[-117.80272567686227,34.509877648462336],[-117.80272827095426,34.51014816688445],[-117.80240147766999,34.510150313840015],[-117.80240407073791,34.51042083227111],[-117.80109689302839,34.51042941144259],[-117.80109430419154,34.51015889292166],[-117.79978713015612,34.51016745801653],[-117.79978971477988,34.510437976627294],[-117.79946292013017,34.510440115731576],[-117.79946550372983,34.51071063435132],[-117.79848511640303,34.51071704649887],[-117.79848769686758,34.51098756517251],[-117.79685371203075,34.51099823471467],[-117.79684856169278,34.51045719715179],[-117.79652176672866,34.51045932839582],[-117.79651661863649,34.50991829074311],[-117.79618982575646,34.50992042107085],[-117.79618725281978,34.509649902199584],[-117.79651404464879,34.5096477718898],[-117.79650889676321,34.50910673416522],[-117.79683568644525,34.509104603028995],[-117.79683053658339,34.50856356529543],[-117.79617696140548,34.50856782660669],[-117.79617438863949,34.508297307681524],[-117.7945404553929,34.508307945558066],[-117.7945455904056,34.508848983624006],[-117.79487237923423,34.5088468577519],[-117.79488265388598,34.50992893363225],[-117.79390227462605,34.509935308885986],[-117.79390484020551,34.51020582789201],[-117.79357804599599,34.51020795123985],[-117.79358317515167,34.51074898926087],[-117.79325637878618,34.510751111782255],[-117.7932589423624,34.51102163079726],[-117.79260534743054,34.51102587327085],[-117.79260278597434,34.51075535421093],[-117.79162239649158,34.51076171130074],[-117.79161983823339,34.51049119216895],[-117.79096624718224,34.5104954258121],[-117.79096880332939,34.510765944988805],[-117.7906420067034,34.51076806051232],[-117.79064456182647,34.511038579697995],[-117.79031776410451,34.511040694377094],[-117.7903203182125,34.51131121357176],[-117.78966672055874,34.51131544035179],[-117.7896641685618,34.5110449211122],[-117.78933737074104,34.51104703316822],[-117.78933481984004,34.51077651390168],[-117.78900802303437,34.51077862506837],[-117.78900292344223,34.51023758645446],[-117.78867612872065,34.510239696695876],[-117.7886710313743,34.50969865799213],[-117.78834423872783,34.50970076732625],[-117.78834169116857,34.509430247933956],[-117.78801489954618,34.50943235636976],[-117.7880072602191,34.508620798058125],[-117.78833404867045,34.50861868968521],[-117.78832640648673,34.507807131328654],[-117.78799962119746,34.507809239638696],[-117.78799707492279,34.507538720138605],[-117.78538279984008,34.50755555496229],[-117.7853802620455,34.50728503528253],[-117.78505347856185,34.50728713567841],[-117.78505094185424,34.50701661597171],[-117.78374381180933,34.50702500873378],[-117.78374634428587,34.507295528530314],[-117.78341956064052,34.50729762456038],[-117.78342968667499,34.508379703710595],[-117.78277611082335,34.50838389331834],[-117.78277105196082,34.507842853680344],[-117.78244426609663,34.50784494713225],[-117.7824417377703,34.50757442727283],[-117.78211495293019,34.50757651982642],[-117.78211242569081,34.50730599994005],[-117.78178564187479,34.50730809159533],[-117.78178311572238,34.507037571673024],[-117.78145633293042,34.50703966243896],[-117.78145380787396,34.506769142480735],[-117.78080024428432,34.50677332134462],[-117.78079772137482,34.50650280133249],[-117.77981737890988,34.506509063012224],[-117.7798148591984,34.50623854292823],[-117.7794880793619,34.50624062838512],[-117.7794780050704,34.50515854784252],[-117.77980478068481,34.50515646246647],[-117.77980226113502,34.50488594231959],[-117.77947548658062,34.50488802766869],[-117.77946793131788,34.504076467093306],[-117.77914115989861,34.50407855151714],[-117.77913612533551,34.50353751102575],[-117.77848258661123,34.503541677151524],[-117.77848007149014,34.50327115685193],[-117.77815330313412,34.503273238580825],[-117.7781558171952,34.50354375890737],[-117.77782904775222,34.50354583978286],[-117.77783407387115,34.50408688043594],[-117.7775073022812,34.504088960484985],[-117.77750981433903,34.50435948081153],[-117.77783658698002,34.50435740074452],[-117.77785166634293,34.50598052234445],[-117.77850522420131,34.50597635933583],[-117.77851025515318,34.50651739968349],[-117.77752991197858,34.506523643010645],[-117.77753242433286,34.506794163229394],[-117.77720564215177,34.50679624261368],[-117.77720815349096,34.507066762841404],[-117.7768813702229,34.507068841372295],[-117.77688890125806,34.507880402046496],[-117.77656211478302,34.507882479759914],[-117.77656462414592,34.50815299997866],[-117.77493068602148,34.50816337556511],[-117.77492818194068,34.507892855238566],[-117.77460139526801,34.50789492771481],[-117.77459889228315,34.50762440735233],[-117.77427210663456,34.50762647893026],[-117.77426460103968,34.50681491771707],[-117.7739378185262,34.50681698836075],[-117.77393281706603,34.50627594744715],[-117.77360603663664,34.50627801717455],[-117.77360103742225,34.50573697617112],[-117.77294748067777,34.50574111292199],[-117.77294498322654,34.50547059236188],[-117.77261820586041,34.50547265940332],[-117.77261570950512,34.50520213880728],[-117.77228893316307,34.505204204959384],[-117.77228394266234,34.50466316369544],[-117.7719571683954,34.504665228931266],[-117.77195467424997,34.504394708254374],[-117.77162790099813,34.50439677259188],[-117.77162540794863,34.504126251888046],[-117.77097186346616,34.50413037790405],[-117.77096937255465,34.50385985714631],[-117.77064260132401,34.50386191881582],[-117.7706251732619,34.50196827302659],[-117.77029840937949,34.501970333681],[-117.7702934323445,34.501429291878075],[-117.7699666705372,34.501431351616205],[-117.76996418312913,34.501160830678806],[-117.76931066153573,34.50116494749606],[-117.76931314683276,34.50143546847837],[-117.76898638493562,34.501437525593424],[-117.76898886921755,34.50170804658472],[-117.76866210622447,34.501710102855355],[-117.76866707277611,34.50225114483795],[-117.76834030763607,34.50225320027315],[-117.76835023691253,34.50333528418444],[-117.76802346752343,34.50333733882912],[-117.76802843024826,34.50387838075781],[-117.7677016587122,34.503880434567066],[-117.7677041390685,34.50415095553141],[-117.76737736644547,34.504153008487265],[-117.76737984578668,34.504423529460595],[-117.76672629833078,34.50442763279413],[-117.76673125287195,34.50496867478571],[-117.76640447698804,34.50497072518136],[-117.76641438225253,34.506052809101625],[-117.76674116235853,34.50605075862513],[-117.76675107237511,34.50713284226692],[-117.76609750367405,34.50713694251924],[-117.7660999791525,34.50740746343867],[-117.76577319369255,34.50740951228023],[-117.76577566814692,34.50768003320865],[-117.76512209502614,34.50768412829565],[-117.76511467810397,34.50687256533973],[-117.76478789466523,34.506874611513304],[-117.76478295232319,34.50633356944986],[-117.76510973365089,34.50633152331222],[-117.76510726147824,34.506061002284994],[-117.76543404171898,34.50605895530294],[-117.76542909536145,34.505517913239494],[-117.76575587345522,34.505515865422005],[-117.76575092511243,34.504974823358566],[-117.7660777010682,34.50497277470565],[-117.76607275074012,34.50443173263322],[-117.76639952454893,34.50442968314487],[-117.76639209614628,34.50361812000928],[-117.76606532550854,34.50362016942577],[-117.76606285049722,34.50334964833566],[-117.76573608087456,34.503351696862815],[-117.7657336069502,34.503081175736774],[-117.76475330105568,34.5030873160092],[-117.7647508303383,34.502816794811295],[-117.76409729501864,34.50282088391552],[-117.76409976363396,34.503091405149355],[-117.76377299487369,34.503093448412386],[-117.76377546246493,34.50336396966419],[-117.76344869260872,34.503366012073826],[-117.76345115917589,34.50363653332563],[-117.76279761727157,34.50364061556673],[-117.76280254628261,34.50418165812424],[-117.76182222683252,34.50418777504946],[-117.76182468822537,34.50445829637313],[-117.76117113965557,34.5044623699904],[-117.76117605830905,34.50500341268266],[-117.7605225053824,34.505007482895316],[-117.760524962652,34.5052780042639],[-117.76019818507926,34.505280038076656],[-117.76020309759724,34.50582108081383],[-117.75987631788651,34.50582311379115],[-117.7598812284282,34.50636415652833],[-117.75922766468584,34.50636821994972],[-117.75923011788606,34.506638741336275],[-117.7585765519069,34.50664280129915],[-117.75857900303203,34.50691332272164],[-117.75825221893751,34.506915351413994],[-117.75825466903855,34.50718587283648],[-117.75792788385708,34.50718790067543],[-117.75793033293404,34.50745842211589],[-117.75629640124154,34.507468548294085],[-117.75628662621479,34.50638646208311],[-117.75661340839589,34.506384438672846],[-117.75661096366677,34.50611391710663],[-117.7562841825457,34.50611594049892],[-117.75626463432476,34.50395176737629],[-117.75593786161191,34.50395378972654],[-117.7559329769956,34.503412746288674],[-117.75560620635785,34.503414767722646],[-117.75560376515912,34.50314424596778],[-117.75527699554546,34.503146266503435],[-117.7552745554247,34.50287574471264],[-117.75494778683512,34.50287776436794],[-117.7549453478103,34.50260724254121],[-117.7546185802448,34.502609261289216],[-117.75461370439605,34.502068217563895],[-117.75396017337931,34.50207225237394],[-117.75398696893846,34.50504799271051],[-117.75464052316767,34.50504395746029],[-117.75464539972607,34.50558500091612],[-117.7552989580516,34.505580962081616],[-117.75530139849575,34.505851483755634],[-117.75497461829094,34.50585350362653],[-117.75497705771102,34.50612402530953],[-117.75465027641924,34.50612604432703],[-117.75465271481524,34.50639656601003],[-117.75399915003084,34.506400601466865],[-117.75400158635172,34.506671123176815],[-117.7536748028501,34.50667313961615],[-117.75368697963954,34.50802574811199],[-117.75434055716205,34.50802171415535],[-117.75433811962844,34.50775119252624],[-117.75466490728027,34.50774917426333],[-117.75466246872259,34.50747865263423],[-117.75596961480242,34.507470570913824],[-117.7559720575822,34.507741092462076],[-117.75629884507234,34.50773906982437],[-117.75630128894805,34.50800959133669],[-117.7559745003979,34.508011613992366],[-117.75597938611914,34.508552657017],[-117.755652595422,34.50855467883724],[-117.75565747916696,34.50909572186188],[-117.75533068633183,34.50909774284669],[-117.75533312719818,34.50936826435901],[-117.7546795393181,34.509372303759456],[-117.75468197810036,34.50964282529872],[-117.7540283879745,34.50964686124065],[-117.75403326141576,34.5101879043641],[-117.75370646419687,34.51018992106395],[-117.75371133566183,34.5107309641874],[-117.75338453629597,34.51073298005181],[-117.75338940577566,34.5112740231573],[-117.75306260426282,34.51127603819526],[-117.75306747176622,34.51181708129177],[-117.75241386441964,34.51182110881648],[-117.75241629610521,34.51209163039168],[-117.7511090768037,34.512099675029624],[-117.75111150430313,34.51237019667669],[-117.75078469834362,34.512372205668996],[-117.75078712480999,34.51264272731606],[-117.75046031776353,34.512644735463944],[-117.75046274321478,34.51291525712],[-117.75013593507238,34.5129172644055],[-117.75013351068112,34.512646742731484],[-117.7498067035628,34.51264874911867],[-117.74980912690302,34.51291927081964],[-117.74948231869773,34.512921276353424],[-117.749489585736,34.513732841438355],[-117.74916277433272,34.51373484616366],[-117.74917003848739,34.51454641119469],[-117.74884322387712,34.514548415111506],[-117.74884564427086,34.514818936785524],[-117.7485188285826,34.514820939839964],[-117.74852124795228,34.51509146152296],[-117.74786761435693,34.51509546505367],[-117.74787003165149,34.51536598676362],[-117.74721639581934,34.515369986835815],[-117.74721881102981,34.5156405085817],[-117.7468919920088,34.51564250732422],[-117.74689682040854,34.516183550807],[-117.74722364154059,34.51618155201956],[-117.74722605684987,34.51645207372052],[-117.747552879006,34.51645007403477],[-117.74755529540225,34.51672059570878],[-117.74853576485303,34.51671459136044],[-117.74853334528574,34.51644406974931],[-117.749513811278,34.516438057594605],[-117.74951623400737,34.51670857914286],[-117.74984305699894,34.51670657332161],[-117.74984548081527,34.51697709483393],[-117.75049912881062,34.516973080532416],[-117.75050398077316,34.51751412344926],[-117.75083080682798,34.51751211494205],[-117.75083323391418,34.517782636355555],[-117.75116006100205,34.51778062695901],[-117.75116248917521,34.51805114834556],[-117.75050883286147,34.5180551663122],[-117.75051125895953,34.51832568772571],[-117.74822345345319,34.518339723201336],[-117.74822103475725,34.5180692016441],[-117.7478942063219,34.51807120319835],[-117.74789662396681,34.51834172477355],[-117.74724296489524,34.518345725285926],[-117.74724054936136,34.51807520367479],[-117.746260063687,34.51808119782725],[-117.74626247604982,34.51835171951025],[-117.74593564636581,34.518353715827324],[-117.74593805770455,34.518624237519305],[-117.74561122694256,34.51862623298298],[-117.74561363725721,34.51889675467496],[-117.74626730087427,34.518892762822354],[-117.74626971333589,34.51916328446043],[-117.74594288048083,34.51916528084937],[-117.74594529191837,34.51943580249644],[-117.74561845798533,34.51943779802299],[-117.74562086838982,34.51970831967904],[-117.74529403336982,34.519710314361184],[-117.74529644275023,34.519980836026214],[-117.74496960664327,34.51998282984597],[-117.74497924028417,34.521064916461185],[-117.7453060806222,34.52106292256058],[-117.7453157190062,34.52214500889732],[-117.74498887443711,34.522147002878775],[-117.74499610039543,34.522958567568445],[-117.74466925262833,34.52296056073243],[-117.74467406797555,34.523501603837914],[-117.74402036812046,34.52350558763264],[-117.74401796254891,34.523235066039476],[-117.74369111362299,34.52323705660733],[-117.7436887091384,34.52296653498721],[-117.74336186123655,34.52296852465675],[-117.74335705446825,34.52242748134465],[-117.74368390025008,34.52242549171105],[-117.74368149585531,34.52215497006398],[-117.74400834055017,34.52215297957697],[-117.74399631377938,34.52080037122486],[-117.7443231531652,34.5207983799653],[-117.74432074684805,34.52052785827332],[-117.7436670701695,34.52053183987615],[-117.74366466599932,34.520261318139255],[-117.74333782867065,34.52026330761117],[-117.74333542558743,34.51999278583833],[-117.74300858928284,34.51999477441193],[-117.74299898150443,34.51891268712298],[-117.74365264563352,34.51890870925713],[-117.74364783770638,34.51836766562164],[-117.74332100777085,34.51836965494982],[-117.74331860492119,34.51809913308716],[-117.74299177600075,34.51810112152601],[-117.74299417780836,34.51837164340664],[-117.74266734780096,34.5183736309831],[-117.74266494706234,34.51810310908451],[-117.74201128907774,34.5181070815874],[-117.74200889047711,34.51783655963491],[-117.74168206249091,34.51783854455236],[-117.74167726749953,34.51729750058449],[-117.74135044159742,34.51729948458566],[-117.74134564884284,34.51675844051898],[-117.74101882502482,34.51676042361285],[-117.74101642974797,34.51648990154358],[-117.73970913836564,34.51649782507964],[-117.73970674734679,34.51622730291155],[-117.73905310357353,34.51623125939749],[-117.73905549248133,34.51650178160151],[-117.73840184646228,34.516505734619955],[-117.73840662014562,34.51704677907291],[-117.73807979497116,34.51704875430653],[-117.73808456666924,34.51758979874152],[-117.73841139394577,34.51758782346299],[-117.73841616787166,34.51812886781714],[-117.74070397272223,34.5181150160919],[-117.74071115603752,34.5189265821021],[-117.74038432370348,34.51892856360595],[-117.74038671714777,34.519199085603354],[-117.74005988371779,34.519201066253814],[-117.74006466859414,34.51974211025761],[-117.73973783302618,34.519744090063654],[-117.73974022444926,34.52001461207004],[-117.73941338779433,34.52001659102268],[-117.73941577820231,34.52028711303806],[-117.73908894045144,34.52028909113729],[-117.73909610869299,34.521100657156474],[-117.73942294960594,34.521098678994356],[-117.73943012129703,34.52191024485183],[-117.7387764330931,34.52191420042149],[-117.73877882160564,34.52218472238297],[-117.73845197640772,34.52218669887422],[-117.73845436389618,34.52245722085367],[-117.73812751760232,34.52245919649152],[-117.73812990406671,34.52272971847096],[-117.73780305668589,34.522731693255416],[-117.73780544212619,34.52300221524385],[-117.73715174515469,34.523006162225606],[-117.73715412851091,34.52327668424098],[-117.73650042930261,34.52328062776424],[-117.73650281057473,34.52355114980656],[-117.73617595987014,34.523553120279104],[-117.73617834011819,34.523823642330406],[-117.73552463649017,34.52382758068835],[-117.73551988024312,34.523286536495895],[-117.73519303049075,34.52328850431841],[-117.73519065347664,34.52301798218625],[-117.73486380474834,34.52301994911943],[-117.73486618071142,34.523290471269554],[-117.73421248105397,34.523294402548764],[-117.73421485494194,34.52356492473482],[-117.73323430204664,34.52357081515882],[-117.73323193133871,34.52330029291887],[-117.73290508137075,34.52330225462385],[-117.73290745101866,34.52357277688177],[-117.73225374887286,34.52357669770459],[-117.73225611644568,34.523847219998444],[-117.73192926426786,34.52384917911628],[-117.73193163081659,34.524119701410136],[-117.73160477755181,34.52412165968356],[-117.73161423983908,34.52520374882304],[-117.73128738231627,34.52520570629696],[-117.73129211153302,34.52574675083077],[-117.73096525186325,34.525748707469255],[-117.7309676154655,34.52601922973616],[-117.7303138939161,34.526023140425984],[-117.73030917097859,34.52548209579336],[-117.72965545353448,34.52548600289891],[-117.72965781286975,34.525756525264626],[-117.72933095304725,34.52575847751933],[-117.72933331136743,34.52602899989404],[-117.72966017224992,34.52602704761238],[-117.7296696100581,34.52710913688661],[-117.72934274494453,34.52711108924013],[-117.72934510341742,34.52738161155195],[-117.72901823721689,34.52738356306106],[-117.72902059466568,34.52765408537287],[-117.72869372738718,34.5276560360196],[-117.72869608380292,34.527926558349385],[-117.72836921542847,34.52792850814271],[-117.72837392625671,34.5284695527933],[-117.72870079674219,34.52846760295506],[-117.72870315326573,34.528738125239926],[-117.7290300247753,34.52873617451235],[-117.72903945538796,34.52981826345421],[-117.72936633110164,34.529816311774425],[-117.72936868988894,34.530086833960475],[-117.72969556661772,34.53008488138238],[-117.72969792650095,34.530355403541485],[-117.7300248042628,34.53035345007405],[-117.73002952622116,34.53089449430243],[-117.73035640606709,34.53089253991872],[-117.73036113026225,34.53143358406625],[-117.73068801219227,34.53143162876625],[-117.73069037539928,34.53170215079959],[-117.7310172583444,34.531700194610266],[-117.73101489408637,34.53142967259489],[-117.73134177594453,34.531427715543174],[-117.73134414126257,34.53169823754059],[-117.7316710241538,34.531696279599544],[-117.7316828565022,34.53304888929014],[-117.73135596832888,34.533050847338984],[-117.73135833384457,34.533321369255546],[-117.73168522306891,34.53331941119772],[-117.73168758967154,34.533589933087335],[-117.73201447991997,34.533587974131194],[-117.73201684760956,34.533858495993854],[-117.73234373889105,34.5338565361394],[-117.73235084530157,34.534668101583655],[-117.73267773972715,34.534666140803935],[-117.73268010965356,34.53493666257677],[-117.73300700509424,34.53493470089873],[-117.73300463411681,34.53466417914387],[-117.73333152847054,34.53466221661243],[-117.73333627258135,34.535203260059276],[-117.73366316902815,34.53520129661156],[-117.73366554218849,34.53547181830355],[-117.73399243965038,34.535469853957515],[-117.73399481389768,34.535740375613564],[-117.73366791537578,34.53574233997756],[-117.73367028859899,34.5360128616426],[-117.73301648934532,34.53601678777446]],[[-117.73612598188372,34.5178721543899],[-117.7357991533226,34.517874123568866],[-117.73580153185486,34.51814464588967],[-117.736128361467,34.51814267669273],[-117.73612598188372,34.5178721543899]],[[-117.71789127099404,34.63999168786176],[-117.71821857918366,34.639989760679036],[-117.71821624691464,34.63971924270608],[-117.71788893978504,34.63972116987084],[-117.71789127099404,34.63999168786176]],[[-117.69906744826483,34.58112476525636],[-117.69874036964868,34.58112663826169],[-117.69874263372658,34.581397159980625],[-117.69906971340275,34.58139528694834],[-117.69906744826483,34.58112476525636]],[[-117.68116246883314,34.55146708243305],[-117.68116467352343,34.55173760646963],[-117.68149163829608,34.551735781910445],[-117.68149384407333,34.55200630591109],[-117.68182080987906,34.55200448046257],[-117.68181860305077,34.551733956470905],[-117.68214556776954,34.55173213016],[-117.6821433599082,34.55146160617731],[-117.68181639624945,34.55146343247025],[-117.68181418947508,34.551192908460614],[-117.6814872268404,34.55119473386422],[-117.68148943255477,34.55146525789182],[-117.68116246883314,34.55146708243305]],[[-117.66715482963278,34.55803730178806],[-117.66780881034613,34.558033726259666],[-117.66780232453674,34.557222152721586],[-117.66714835017446,34.557225728142186],[-117.66715482963278,34.55803730178806]],[[-117.83863861805084,34.538854052675234],[-117.83863590501291,34.53858353795418],[-117.83830900359843,34.53858578257458],[-117.83831171556736,34.5388562973136],[-117.83863861805084,34.538854052675234]],[[-117.8380770057891,34.548056035676595],[-117.83807158152784,34.5475150069711],[-117.83676383575968,34.54752397615514],[-117.83676112791402,34.5472534616946],[-117.83643419243542,34.547255701778504],[-117.83642877897192,34.546714672776574],[-117.8367557123305,34.54671243273758],[-117.83675300460162,34.5464419182411],[-117.8377338012907,34.54643519294084],[-117.83772566877954,34.54562364957718],[-117.83739873975983,34.54562589214942],[-117.83739603005466,34.545355377652946],[-117.83674217401848,34.54535986012943],[-117.83673946646027,34.54508934557007],[-117.83510483102758,34.54510053634171],[-117.83511023559777,34.54564156566703],[-117.83478330629059,34.545643801241404],[-117.83479411164005,34.54672585984714],[-117.8344671780569,34.54672809463099],[-117.83446987842858,34.54699860928019],[-117.83479681306275,34.54699637446939],[-117.83480221602495,34.547537403668954],[-117.8354560894076,34.547532931334445],[-117.83545879305812,34.547803445866855],[-117.83611266842605,34.547798969984],[-117.83611537422355,34.5480694844715],[-117.83676925155879,34.5480650050403],[-117.83676654364128,34.547794490606705],[-117.83709348119498,34.54779224959753],[-117.83709619016354,34.54806276401316],[-117.8380770057891,34.548056035676595]],[[-117.83647479802899,34.55131341774344],[-117.83646938347853,34.55077238910981],[-117.83614243421978,34.550774628609815],[-117.83613972805396,34.550504114248085],[-117.83581277981031,34.550506352858754],[-117.83581819005784,34.551047381609166],[-117.8354912396672,34.5510496193844],[-117.83549394378485,34.5513201337641],[-117.83647479802899,34.55131341774344]],[[-117.83638818258608,34.542656953703464],[-117.8363854764562,34.542386439000374],[-117.83605855997696,34.54238867779969],[-117.83605585493405,34.54211816306966],[-117.8357289394789,34.54212040097066],[-117.8357127163181,34.54049731215923],[-117.83603962543114,34.540495074384],[-117.83603692063976,34.54022455956412],[-117.83571001258672,34.540226797312414],[-117.83570190159921,34.53941525270009],[-117.83537499668128,34.53941748951413],[-117.83536959165298,34.538876459667776],[-117.83504268881914,34.538878695556555],[-117.8350399874144,34.53860818059295],[-117.83471308559568,34.53861041558341],[-117.83471038528688,34.53833990058388],[-117.83438348449224,34.53834213467602],[-117.8343807852794,34.53807161964056],[-117.83470768501402,34.53806938557536],[-117.83470498477709,34.53779887054888],[-117.83535878202753,34.53779439983134],[-117.83535067519023,34.536982854823755],[-117.83502377974955,34.536985090550836],[-117.83502107860531,34.53671457550639],[-117.83436728973616,34.536719044292546],[-117.83436189176861,34.5361780140689],[-117.8359963530988,34.5361668357569],[-117.83598553645753,34.53508477561504],[-117.83565864849082,34.53508701294112],[-117.83564783665553,34.53400495251179],[-117.83532095288395,34.53400718886769],[-117.83531825106598,34.533736673706464],[-117.83466448552609,34.53374114375026],[-117.83466178586407,34.533470628535134],[-117.8313929665728,34.533492926049995],[-117.83139565567062,34.533763441489704],[-117.83106877248295,34.53376566645496],[-117.83107414866637,34.53430669734336],[-117.83074726333173,34.53430892148218],[-117.83074995041733,34.53457943693087],[-117.83042306398674,34.534581660207294],[-117.83042843615468,34.53512269111366],[-117.83075532469631,34.53512046779232],[-117.83076069911903,34.53566149860885],[-117.83108758973576,34.53565927436224],[-117.83109027806103,34.53592978973008],[-117.83141716970184,34.53592756458516],[-117.83141985911406,34.53619807991707],[-117.83174675176998,34.53619585387383],[-117.83174944227815,34.53646636917879],[-117.83207633596713,34.53646414223723],[-117.83207902756226,34.53673465749728],[-117.83240592226633,34.53673242966639],[-117.8324113076934,34.53727346011461],[-117.83273820447259,34.53727123135846],[-117.83274089829554,34.537541746537656],[-117.83339469386613,34.53753728636634],[-117.83340817409308,34.53888986186706],[-117.83308127103467,34.538892092500696],[-117.83308396613324,34.53916260759006],[-117.83341087024267,34.53916037692948],[-117.83341356643719,34.53943089197393],[-117.83374047156171,34.539428660424015],[-117.83374316884318,34.53969917544151],[-117.83472388719917,34.5396924754468],[-117.83472658768763,34.53996299038345],[-117.83538040186232,34.53995851930659],[-117.83538310449775,34.54022903418934],[-117.83505619637285,34.54023127018591],[-117.83506159964945,34.54077229995141],[-117.83473468937758,34.54077453512154],[-117.83473739000976,34.541045050013274],[-117.8340835672382,34.541049517766375],[-117.83408626579528,34.541320032694045],[-117.83375935329559,34.54132226527702],[-117.83376205082858,34.54159278021367],[-117.83343513724193,34.541595011943244],[-117.8334405302957,34.54213604181655],[-117.83311361455308,34.54213827272866],[-117.83311631008284,34.54240878766531],[-117.83344322688548,34.54240655673523],[-117.8334459235022,34.54267707163595],[-117.83377284131991,34.54267483981654],[-117.83377553903257,34.54294535468133],[-117.83410245787438,34.54294312196361],[-117.83410515668298,34.54321363679246],[-117.83508591616385,34.543206933303296],[-117.83508861817944,34.54347744806029],[-117.83541553899754,34.54347521179422],[-117.83541824210009,34.543745726515276],[-117.83574516394226,34.54374348935089],[-117.83574245977071,34.5434729746478],[-117.83606938051695,34.54347073663002],[-117.83606126505582,34.54265919252973],[-117.83638818258608,34.542656953703464]],[[-117.83397565451857,34.530228910939876],[-117.8339729574437,34.529958395518136],[-117.83331922120685,34.52996285793524],[-117.83332191617066,34.5302333734019],[-117.83397565451857,34.530228910939876]],[[-117.83166205331392,34.56054440985162],[-117.83164051316868,34.55838029563152],[-117.83131353374449,34.55838252262698],[-117.8313108424458,34.558112008274236],[-117.83098386403671,34.558114234380355],[-117.83098117383396,34.55784371999168],[-117.830327219037,34.55784816951796],[-117.83032453098123,34.557577655066396],[-117.82999755458437,34.55757987849554],[-117.83000024158012,34.557850392965065],[-117.82967326408732,34.55785261554081],[-117.829675950059,34.558123130019325],[-117.82934897147025,34.558125351741666],[-117.82937045206617,34.56028946730924],[-117.82969743911706,34.56028724540723],[-117.82970281173415,34.56082827413967],[-117.83002980086913,34.560826051312404],[-117.8300324882871,34.5610965656382],[-117.82970549810109,34.561098788483434],[-117.82970818449499,34.56136930280923],[-117.83003517574998,34.56136707994603],[-117.83003786323982,34.56163759424488],[-117.83101883995128,34.561630920328255],[-117.83101614928141,34.56136040609229],[-117.8313431403837,34.56135817972566],[-117.83133506541861,34.56054663702675],[-117.83166205331392,34.56054440985162]],[[-117.83144406545908,34.538632717356286],[-117.83143868602376,34.53809168689908],[-117.83111178592081,34.538093912214684],[-117.83110909731707,34.537823396945655],[-117.83078219823821,34.53782562137193],[-117.83077951072143,34.53755510606697],[-117.83045261266663,34.537557329594925],[-117.8304552991324,34.53782784491785],[-117.829801500795,34.5378322893956],[-117.82981223852828,34.53891435075019],[-117.83111985196562,34.5389054579499],[-117.8311171632451,34.538634942716804],[-117.83144406545908,34.538632717356286]],[[-117.83063443806716,34.522947261596855],[-117.83063175251769,34.52267674561816],[-117.83030491259288,34.522678967915425],[-117.83030759708235,34.522949483912086],[-117.83063443806716,34.522947261596855]],[[-117.83040426254428,34.53268805165323],[-117.83039620531196,34.53187650493885],[-117.8300693294186,34.531878727119334],[-117.83006664481236,34.531608211508946],[-117.82941289502891,34.53161265320192],[-117.8294155775331,34.53188316886621],[-117.82908870153196,34.53188538842361],[-117.82909406452809,34.532426419752184],[-117.82942094264028,34.53242420014986],[-117.82942362524328,34.53269471576924],[-117.83040426254428,34.53268805165323]],[[-117.82764977696574,34.55164409316908],[-117.82764441947627,34.55110306334069],[-117.82731746818733,34.55110527923297],[-117.82731479055201,34.55083476428734],[-117.82633393964062,34.55084140663716],[-117.8263392885961,34.551382436654194],[-117.82666624105286,34.55138022337601],[-117.82666891664002,34.55165073833961],[-117.82764977696574,34.55164409316908]],[[-117.82420421738524,34.53381218859555],[-117.8241988857403,34.533271156718996],[-117.82387200388214,34.53327336239743],[-117.82387733341604,34.53381439430991],[-117.82420421738524,34.53381218859555]],[[-117.82406395641307,34.5527504807758],[-117.82405862191149,34.552209450561136],[-117.82373166599622,34.55221165691331],[-117.82373699838676,34.552752687172884],[-117.82406395641307,34.5527504807758]],[[-117.81880612187908,34.55008052294647],[-117.8188034718939,34.54981000737202],[-117.81847652493484,34.549812199512836],[-117.81847917386,34.55008271511424],[-117.81880612187908,34.55008052294647]],[[-117.81873458459532,34.54277659811529],[-117.81872663760424,34.54196505036784],[-117.81839972131365,34.54196724187086],[-117.81839707343953,34.54169672591013],[-117.81807015818201,34.54169891651483],[-117.81807280499612,34.54196943250251],[-117.81741897224427,34.54197381114273],[-117.8174216169743,34.54224432715736],[-117.81709469948896,34.5422465151839],[-117.81710527454631,34.54332857922445],[-117.8177591179432,34.543324202111364],[-117.8177617639129,34.54359471804515],[-117.81808868661746,34.543592528159095],[-117.81808603958774,34.54332201224328],[-117.81841296119636,34.543319821503836],[-117.81840766514267,34.54277878969017],[-117.81873458459532,34.54277659811529]],[[-117.81323484113946,34.54876509087832],[-117.81322957751495,34.54822405884008],[-117.8129026363051,34.54822623597903],[-117.81290000560676,34.547955719919486],[-117.81159224464807,34.54796441961793],[-117.81159749762755,34.54850545188973],[-117.81192444003216,34.54850327823623],[-117.81192706763132,34.548773794331716],[-117.81323484113946,34.54876509087832]],[[-117.80981867003331,34.53363789570342],[-117.80981605073458,34.53336737879048],[-117.80948916733132,34.5333695459761],[-117.80948654912854,34.53309902903621],[-117.80883278433424,34.53310336073047],[-117.808835400417,34.533373877715285],[-117.80916228389212,34.53337171228137],[-117.809170135545,34.53418326311004],[-117.80884324889882,34.53418542860683],[-117.8088458651253,34.534455945546725],[-117.80851897739215,34.534458110190116],[-117.80852420784188,34.53499914407889],[-117.80950487728461,34.53499264739089],[-117.80949178557003,34.53364006290701],[-117.80981867003331,34.53363789570342]],[[-117.80963060215902,34.54797744289884],[-117.80961488215358,34.546354344996466],[-117.80765327648648,34.54636733598294],[-117.80765589005395,34.5466378524647],[-117.80732895459332,34.54664001458382],[-117.80733417971602,34.54718104754733],[-117.80700724210843,34.54718320884],[-117.80700985367265,34.54745372533074],[-117.80733679233128,34.54745156401112],[-117.8073420176696,34.54799259690276],[-117.80832283979896,34.54798610758095],[-117.80832545569307,34.54825662394592],[-117.80897933905601,34.54825229331166],[-117.80897672105085,34.547981776991605],[-117.80963060215902,34.54797744289884]],[[-117.80932723447597,34.55041425661463],[-117.80932461513234,34.55014374041136],[-117.80899766609815,34.550145907192736],[-117.80900028438178,34.55041642341398],[-117.80932723447597,34.55041425661463]],[[-117.80783369443357,34.56503294441497],[-117.80783107849454,34.56476242875967],[-117.80750407213887,34.564764592343046],[-117.80750145729579,34.56449407666079],[-117.80684744659666,34.56449840115057],[-117.80684222124937,34.5639573696603],[-117.80651521796594,34.563959530539755],[-117.80651260640171,34.56368901475869],[-117.80618560414234,34.563691174748804],[-117.80618299367406,34.563420658931804],[-117.80585599243878,34.563422818023604],[-117.80585860184705,34.56369333385857],[-117.80520459715765,34.56369764946401],[-117.80521763415585,34.56505022870173],[-117.8058716494274,34.56504591288069],[-117.80587947839781,34.56585746015203],[-117.80620648916421,34.565855300862594],[-117.80620387840847,34.56558478514441],[-117.80653088807894,34.56558262500158],[-117.80652566457319,34.56504159356521],[-117.80783369443357,34.56503294441497]],[[-117.80672729878692,34.55205466452252],[-117.80671946561239,34.5512431155893],[-117.80606555848902,34.551247434446644],[-117.80607338531246,34.55205898350563],[-117.80672729878692,34.55205466452252]],[[-117.80650477191563,34.56287746732565],[-117.80649954910159,34.562336435646735],[-117.8061725521333,34.562338595529056],[-117.80616733157403,34.56179756375133],[-117.80551334176972,34.56180188080305],[-117.80551073366401,34.561531364851305],[-117.80485674583599,34.56153567835469],[-117.80485935183066,34.56180619435135],[-117.80387836665707,34.56181265809813],[-117.80388096950765,34.56208317413971],[-117.80420796565845,34.562081020410844],[-117.80421056960496,34.562351536425474],[-117.80453756677986,34.5623493817983],[-117.80454017182232,34.562619897777],[-117.8048671700213,34.562617742251504],[-117.80486977615071,34.56288825819427],[-117.80650477191563,34.56287746732565]],[[-117.8064912695452,34.59534144152502],[-117.80648604048787,34.594800412720716],[-117.80615891636306,34.5948025743278],[-117.80615630294831,34.594532059894206],[-117.8055020567199,34.59453638043139],[-117.8054994454611,34.5942658659439],[-117.80517232334851,34.594268024874005],[-117.80516971318566,34.59399751035058],[-117.8045154709817,34.5940018255428],[-117.8045128629748,34.593731310956485],[-117.80385862275612,34.59373562260934],[-117.8038638345658,34.594276651853825],[-117.80353671229152,34.59427880640015],[-117.80354192212491,34.59481983564463],[-117.80256054870844,34.59482629416321],[-117.80256835416994,34.59563783812875],[-117.80289548186106,34.59563568609771],[-117.80289287893862,34.595365171475464],[-117.8032200055338,34.59536301859102],[-117.80322260951625,34.5956335331953],[-117.80354973712653,34.59563137940356],[-117.80355234220491,34.5959018939719],[-117.80453372802712,34.59589542729661],[-117.80452851155519,34.59535439828569],[-117.80583701701961,34.59534576394868],[-117.80583962948215,34.595616278373285],[-117.80616675681395,34.595614117574684],[-117.80616414330038,34.59534360317702],[-117.8064912695452,34.59534144152502]],[[-117.80511229836141,34.588046187619234],[-117.80510447037015,34.58723464315064],[-117.80346899710574,34.587245421865056],[-117.80347420513353,34.58778645173836],[-117.80412839878353,34.587782142789436],[-117.80413100496685,34.588052657672186],[-117.80511229836141,34.588046187619234]],[[-117.80488956131128,34.598868928438606],[-117.80486607529835,34.59643429890456],[-117.8045389446338,34.596436456262616],[-117.80454416138423,34.59697748517472],[-117.80421702857271,34.596979641697345],[-117.8042196359418,34.597250156157884],[-117.80389250202536,34.597252311818124],[-117.80388989572526,34.596981797339616],[-117.80323562992255,34.596986106001076],[-117.80324083832762,34.597527135038945],[-117.80356797336697,34.597524981103476],[-117.80357839483936,34.59860703894565],[-117.80423267329034,34.59860272827196],[-117.80423528086605,34.59887324266064],[-117.80488956131128,34.598868928438606]],[[-117.80474993001322,34.55044451222374],[-117.80474732547381,34.55017399571504],[-117.80409342639935,34.550178303900395],[-117.8040908240159,34.549907787337794],[-117.80343692690874,34.549912091974804],[-117.80344472782477,34.55072364174346],[-117.80409863127403,34.550719336980684],[-117.80409602881872,34.550448820445034],[-117.80474993001322,34.55044451222374]],[[-117.80313553082112,34.518532083531476],[-117.80312255008442,34.517179493280416],[-117.80279572938358,34.51718164167328],[-117.8027983244098,34.517452159772006],[-117.80247150261302,34.517454307302486],[-117.80247669064428,34.517995343508915],[-117.80214986670052,34.51799749021295],[-117.80215764585036,34.51880904449114],[-117.80248447295621,34.518806897715244],[-117.80248706712905,34.519077415760066],[-117.80281389526796,34.51907526809484],[-117.80280870483818,34.51853423203214],[-117.80313553082112,34.518532083531476]],[[-117.8031158748922,34.584542424664335],[-117.80310546488231,34.58346036419908],[-117.80277838492766,34.583462516131306],[-117.80277318224486,34.58292148579088],[-117.8024461043743,34.582923636797844],[-117.80244090395526,34.5823826063586],[-117.8021138281688,34.58238475645827],[-117.80210863000453,34.58184372592021],[-117.80178155630215,34.581845875094615],[-117.80177636040163,34.58130484447571],[-117.80210343198398,34.58130269533724],[-117.80209823409818,34.58076166470935],[-117.80242530352457,34.580759514744436],[-117.80242270357556,34.58048899943049],[-117.80274977191499,34.58048684861217],[-117.80274717093292,34.58021633330721],[-117.80307423817641,34.58021418163549],[-117.80306903420902,34.57967315104354],[-117.80274196909454,34.57967530267034],[-117.80273936822026,34.579404787329445],[-117.80241230412088,34.57940693806692],[-117.80240970434255,34.57913642269009],[-117.79979319879689,34.57915359683441],[-117.79979060752561,34.578883081277915],[-117.79946354524083,34.578885224083265],[-117.79946095506548,34.57861470849084],[-117.7991338937958,34.57861685039787],[-117.79911835984043,34.57699375646605],[-117.79879130489489,34.57699589736697],[-117.79879389274359,34.577266413076174],[-117.79813978063366,34.57727069229086],[-117.79814236639827,34.577541208027014],[-117.79781530923388,34.57754334634078],[-117.79781013986062,34.57700231481458],[-117.79748308478031,34.577004452203084],[-117.7974805011986,34.57673393640405],[-117.79715344714239,34.57673607290322],[-117.79715086466561,34.57646555705927],[-117.79682381163347,34.57646769266013],[-117.79682123024365,34.57619717678923],[-117.79649417823559,34.57619931149177],[-117.79649159794172,34.57592879558494],[-117.79616454695774,34.575930929389166],[-117.79616196775982,34.57566041344641],[-117.79583491779992,34.57566254635231],[-117.79583233968896,34.5753920303826],[-117.79550529076211,34.5753941623902],[-117.79549498290864,34.57431209829575],[-117.7948408934093,34.574316359508195],[-117.79484604302861,34.574857391672204],[-117.79451899611401,34.5748595210118],[-117.79452156992204,34.5751300370983],[-117.79386747386499,34.575134293181364],[-117.79388290468476,34.57675738968237],[-117.79420995909133,34.57675526195075],[-117.79421767814388,34.57756680997667],[-117.79454473568556,34.57756468129285],[-117.7945498840113,34.578105713205325],[-117.79487694363708,34.578103583614194],[-117.79487951890937,34.57837409953001],[-117.7952065795682,34.578371969031586],[-117.79521173233162,34.57891300079135],[-117.79488466956175,34.57891513132571],[-117.79488982034887,34.579456163067505],[-117.79456275542304,34.57945829277541],[-117.79456790422489,34.57999932450823],[-117.79424083715209,34.58000145338071],[-117.79425113093794,34.58108351680142],[-117.79523234477769,34.581077127309385],[-117.7952271914663,34.58053609575623],[-117.7958813296184,34.580531831794936],[-117.7958787508876,34.58026131604082],[-117.79620581885871,34.5802591827666],[-117.79620839864054,34.58052969850275],[-117.79653546763575,34.58052756433022],[-117.79653288678492,34.580257048621014],[-117.79685995468418,34.58025491359508],[-117.79686253658603,34.58052542928631],[-117.79784374325722,34.58051901889048],[-117.79784891351983,34.58106005010227],[-117.79817598446436,34.58105791151002],[-117.79817857070509,34.58132842708448],[-117.79850564267372,34.581326287584936],[-117.7985134047915,34.58213783415559],[-117.79884047990423,34.582135693721796],[-117.7988430684087,34.58240620919743],[-117.79917014453653,34.582404067865326],[-117.79917532376432,34.582945098735756],[-117.79950240198522,34.582942956487365],[-117.79950758346777,34.58348398726797],[-117.79983466377277,34.58348184409431],[-117.79983725562796,34.58375235945317],[-117.79951017426295,34.58375450263581],[-117.7995153559611,34.584295533344545],[-117.79918827244015,34.58429767570073],[-117.79919345215303,34.58483870640947],[-117.79952053778503,34.58483656400836],[-117.79952312875987,34.585107079313325],[-117.80017730203609,34.58510279184312],[-117.80017989515791,34.58537330709418],[-117.8008340704284,34.58536901607563],[-117.80084704714963,34.58672159195365],[-117.80117414003104,34.58671944502503],[-117.8011793330839,34.587260475248684],[-117.80216061787259,34.58725402905498],[-117.80215801814815,34.586983514010534],[-117.80248511194584,34.586981363551544],[-117.8024721085626,34.58562878827539],[-117.8027991970243,34.58562663704385],[-117.8027887906975,34.58454457668639],[-117.8031158748922,34.584542424664335]],[[-117.80217621692884,34.5888771190432],[-117.8021710171027,34.588336089098036],[-117.8015168187994,34.58834038760853],[-117.80151422106024,34.588069872573065],[-117.80053292652484,34.58807631369128],[-117.80054071030999,34.588887858959374],[-117.80086781170742,34.58888571273145],[-117.80087040743435,34.589156227766914],[-117.80185171458211,34.58914978375613],[-117.80184911567514,34.58887926878354],[-117.80217621692884,34.5888771190432]],[[-117.80092752214046,34.59510755560968],[-117.80092492565893,34.594837040834726],[-117.79994355140703,34.594843478314765],[-117.7999461447175,34.59511399316158],[-117.79961901884097,34.595116137251516],[-117.79961642659052,34.59484562239572],[-117.7989621768497,34.594849907907594],[-117.79895958676418,34.59457939299789],[-117.79797821507248,34.59458581463165],[-117.79798080198694,34.594856329604234],[-117.79732655190475,34.594860606357535],[-117.79733689140588,34.595942666328725],[-117.79766402070499,34.595940528302414],[-117.79766919278218,34.59648155817572],[-117.79832345552163,34.59647727941019],[-117.79832604372966,34.59674779428396],[-117.79963457303536,34.59673922615278],[-117.7996319805873,34.596468711368836],[-117.79995911176387,34.5964665671711],[-117.79995651828273,34.596196052387164],[-117.80028364837236,34.59619390732705],[-117.80027586495551,34.5953823629932],[-117.80060299182917,34.59538021711562],[-117.80060039637172,34.59510970234066],[-117.80092752214046,34.59510755560968]],[[-117.7975890410501,34.588095589731665],[-117.7975812861907,34.587284043780855],[-117.79725419081198,34.58728618111546],[-117.79725160698773,34.587015665747614],[-117.7969245126331,34.58701780219289],[-117.79692709539734,34.5872883175787],[-117.79594580895575,34.58729472168633],[-117.79594322936255,34.587024206237636],[-117.79561613487317,34.58702633917049],[-117.79561355638491,34.58675582368587],[-117.79397808870802,34.58676647508206],[-117.79398066190521,34.587036990674484],[-117.7936535672092,34.5870391183522],[-117.79365613937333,34.58730963394462],[-117.79398323512933,34.58730750625792],[-117.7939858083894,34.58757802182339],[-117.79431290517847,34.58757589322939],[-117.7943154795255,34.587846408758935],[-117.79595096822297,34.58783575255676],[-117.79595354791496,34.588106267969515],[-117.7975890410501,34.588095589731665]],[[-117.79614133538014,34.57349628549106],[-117.79613359881043,34.57268473730344],[-117.795479522157,34.57268900177678],[-117.79548209886659,34.57295951789022],[-117.79515505943495,34.57296164882882],[-117.79516278657235,34.57377319716915],[-117.79581687176875,34.57376893428584],[-117.79581429390034,34.57349841822629],[-117.79614133538014,34.57349628549106]],[[-117.79574470446954,34.56619448003716],[-117.79573955069102,34.56565344722637],[-117.7954125398797,34.5656555784704],[-117.79540996410437,34.565385062024575],[-117.79508295431712,34.56538719236131],[-117.79508037962874,34.56511667588853],[-117.79377234437847,34.56512518840501],[-117.7937749148268,34.5653957049766],[-117.79344790486888,34.56539783093854],[-117.79345304375333,34.56593886407272],[-117.79378005583128,34.56593673806587],[-117.79379033824446,34.567018804100684],[-117.79477138697386,34.56701242057346],[-117.79476881313887,34.5667419041456],[-117.79542284333144,34.56673764412791],[-117.7954176915382,34.566196611326106],[-117.79574470446954,34.56619448003716]],[[-117.79528636712325,34.552400258323985],[-117.79528121895922,34.5518592242286],[-117.79462730518831,34.5518634818927],[-117.79462987713683,34.5521339989943],[-117.79495683510027,34.55213187057098],[-117.79495940813575,34.55240238763664],[-117.79528636712325,34.552400258323985]],[[-117.7940376473078,34.55863066089821],[-117.79402993545075,34.55781911032108],[-117.79206805321931,34.55783185463018],[-117.7920706174603,34.558102371623974],[-117.79239759896856,34.55810024974937],[-117.79240272966038,34.5586412836651],[-117.79272971325274,34.558639160865226],[-117.79273227971257,34.558909677787156],[-117.79371323347208,34.55890330406056],[-117.7937106638412,34.55863278720151],[-117.7940376473078,34.55863066089821]],[[-117.79393928717408,34.61706627550303],[-117.79392898361455,34.61598421839747],[-117.79360177539846,34.61598634747656],[-117.79359920065617,34.61571583315076],[-117.79327199347313,34.615717961331534],[-117.79325655210712,34.61409487497251],[-117.79292935125721,34.61409700214717],[-117.7929267788775,34.61382648768663],[-117.79259957905165,34.613828613971954],[-117.79259700776788,34.613558099475476],[-117.79226980896613,34.61356022485351],[-117.79226466862642,34.61301919579767],[-117.79161027517311,34.61302344384082],[-117.79161284320497,34.61329395841815],[-117.79128564536441,34.613296081137165],[-117.7912959135932,34.614378139419514],[-117.79096871146767,34.61438026135699],[-117.79097640981406,34.61519180499914],[-117.79064920448155,34.615193926119154],[-117.79065433476015,34.61573495520194],[-117.78967271217796,34.61574131342362],[-117.78966502636307,34.614929769592834],[-117.78802900395853,34.61494034876447],[-117.78802644739814,34.61466983402545],[-117.78769924388023,34.61467194720436],[-117.7877017993806,34.61494246197033],[-117.78606577596096,34.61495301481235],[-117.78607087645142,34.61549404451497],[-117.78574366954685,34.61549615249263],[-117.78574876805203,34.616037182186275],[-117.78542155898252,34.616039289328505],[-117.7854241072335,34.61630980417532],[-117.78575131735403,34.61630769700614],[-117.78575386669195,34.61657821182602],[-117.78608107784554,34.61657610375852],[-117.78608362827941,34.61684661854246],[-117.78771968885337,34.61683606495484],[-117.78771713311046,34.61656555027869],[-117.78804434405744,34.616563436947075],[-117.78804178729044,34.61629292227992],[-117.78902341675372,34.616286577092794],[-117.78902597670974,34.61655709169707],[-117.78968039829827,34.616552857146615],[-117.78968296041025,34.61682337168801],[-117.79033738399305,34.61681913358023],[-117.79033994825198,34.6170896480767],[-117.79066716105848,34.617087527684326],[-117.79066972641337,34.617358042144865],[-117.79099694024394,34.61735592085417],[-117.79100720628084,34.61843797848974],[-117.79133442431554,34.618435856237845],[-117.79133955966061,34.618976884934355],[-117.79264843996506,34.61896838697957],[-117.79264586802552,34.61869787271665],[-117.79297308695853,34.61869574605403],[-117.79296794106722,34.61815471754617],[-117.79329515783529,34.61815259004811],[-117.7932874360788,34.617341047250385],[-117.7936146496309,34.617338918943844],[-117.79361207470895,34.61706840467195],[-117.79393928717408,34.61706627550303]],[[-117.79188209814664,34.572712393709146],[-117.79187696813756,34.572171360961235],[-117.79154993149967,34.57217348220701],[-117.79154736760903,34.57190296579713],[-117.79122033199523,34.57190508613561],[-117.79122802060388,34.57271663539222],[-117.79188209814664,34.572712393709146]],[[-117.79153711236988,34.570820900031805],[-117.79152429410249,34.56946831756016],[-117.7911972680198,34.569470437709995],[-117.791199830545,34.56974095425463],[-117.79087280337535,34.56974307355107],[-117.79087536487647,34.5700135900957],[-117.79054833661088,34.57001570853873],[-117.79055857873463,34.57109777469931],[-117.79121264370099,34.571093536771194],[-117.79121008099612,34.57082302028944],[-117.79153711236988,34.570820900031805]],[[-117.79104449956138,34.587867655433556],[-117.79103937208555,34.5873266239343],[-117.79071227602411,34.58732874373379],[-117.79070971339111,34.58705822794374],[-117.79005552328046,34.587062464883715],[-117.79005296280341,34.586791949039764],[-117.78939877466905,34.586796182422404],[-117.78939621634798,34.58652566652456],[-117.78906912329589,34.586527781877386],[-117.78907168055696,34.58679829780218],[-117.78809039800508,34.5868046386774],[-117.78809295212204,34.5870751546561],[-117.78743876146342,34.58707937756438],[-117.78744131349629,34.58734989357003],[-117.78613292752577,34.58735832895716],[-117.78613802321023,34.587899361094216],[-117.78646512187679,34.587897253520794],[-117.78647021981602,34.588438285568024],[-117.78810572320992,34.58842773433398],[-117.78810316892228,34.588157218427156],[-117.78908446737435,34.58815087722855],[-117.78908702484203,34.58842139308148],[-117.7894141253142,34.58841927757594],[-117.78941668387782,34.58868979338395],[-117.79072508967417,34.58868132251337],[-117.79071740137992,34.58786977528695],[-117.79104449956138,34.587867655433556]],[[-117.79028097878533,34.610867811639395],[-117.79027841529894,34.61059729686444],[-117.78995122793273,34.610599415864435],[-117.78994866555128,34.61032890105355],[-117.78896710643507,34.610335252735496],[-117.78897222487386,34.610876282474045],[-117.78864503631289,34.61087839798858],[-117.78864759451719,34.61114891285336],[-117.78962916329029,34.611142563614834],[-117.78963172471056,34.61141307840775],[-117.78995891529273,34.61141096021625],[-117.78995379035912,34.61086993065735],[-117.79028097878533,34.610867811639395]],[[-117.79009649552141,34.591390716760955],[-117.79007344756295,34.58895607546797],[-117.78974634503363,34.58895819276116],[-117.78974890472016,34.58922870853324],[-117.78942180110388,34.58923082498202],[-117.78942435976633,34.589501340763086],[-117.78909725504512,34.58950345634948],[-117.78910237035778,34.59004448791162],[-117.78877526348961,34.590046602671556],[-117.788780376808,34.59058763423369],[-117.78845326778388,34.59058974814922],[-117.78846604639065,34.591942326937776],[-117.78879316071485,34.59194021291445],[-117.78879571759862,34.592210728614674],[-117.78912283294689,34.59220861368405],[-117.7891202750031,34.5919380980018],[-117.7897745034808,34.59193386556239],[-117.789769383452,34.59139283425178],[-117.79009649552141,34.591390716760955]],[[-117.78547507923273,34.62172009858745],[-117.78546488374053,34.62063804009849],[-117.78481042941739,34.62064225246954],[-117.78480788275644,34.62037173777543],[-117.78415343041857,34.62037594659813],[-117.78415088591358,34.62010543185013],[-117.78382366075525,34.62010753492299],[-117.78382111734619,34.61983702013905],[-117.78349389322094,34.61983912231359],[-117.78349135089884,34.619568607493726],[-117.78316412779766,34.619570708769956],[-117.7831615865805,34.61930019392314],[-117.78283436450339,34.61930229429207],[-117.78283182438219,34.61903177940931],[-117.78315904539029,34.61902967905835],[-117.78315396311767,34.61848864929284],[-117.78282674422958,34.61849074960788],[-117.78281658433762,34.61740868985229],[-117.78314379898566,34.61740658962709],[-117.783141258038,34.617136074681454],[-117.78346847158112,34.617133973593866],[-117.78346592960936,34.616863458657214],[-117.78379314205654,34.61686135670725],[-117.78379059905173,34.61659084177958],[-117.78411781041194,34.6165887389852],[-117.78411272238112,34.61604770912986],[-117.78378551314992,34.61604981188831],[-117.78378297024393,34.615779296915726],[-117.78411017841512,34.615777194184226],[-117.78410509059091,34.61523616425703],[-117.78377788453975,34.615238266943614],[-117.78377534174155,34.61496775194408],[-117.78344813671447,34.61496985374133],[-117.78345322022676,34.61551088377633],[-117.78312601305271,34.61551298473815],[-117.7831234723386,34.615242469702686],[-117.78279626618863,34.61524456976619],[-117.78279880583374,34.61551508481962],[-117.7824715985878,34.615517184020746],[-117.78247413720884,34.61578769908316],[-117.78181972048917,34.61579189490724],[-117.7818222570261,34.6160624099966],[-117.77887737055866,34.616081247928626],[-117.7788748435798,34.615810732650615],[-117.77789321733249,34.61581699610902],[-117.7778957411313,34.61608751144991],[-117.7772413213394,34.616091682741],[-117.77724384305414,34.61636219811783],[-117.77691663204428,34.616364282469796],[-117.77691915272594,34.61663479784662],[-117.77659194062912,34.616636881345194],[-117.77659697997125,34.61717791211681],[-117.77626976571847,34.617179994770964],[-117.77627228437893,34.61745051016575],[-117.77594506902122,34.61745259196651],[-117.77595010432093,34.617993622747115],[-117.77660453924047,34.617989458184404],[-117.77660705905976,34.61825997351632],[-117.77693427752564,34.61825788989198],[-117.77693679844087,34.61852840518796],[-117.77726401793981,34.61852632067429],[-117.7772690619981,34.61906735119438],[-117.77759628359011,34.619065265755445],[-117.77759880672419,34.61933578097956],[-117.77792602934028,34.619333694642314],[-117.77793107784522,34.619874725000706],[-117.7782583025544,34.61987263774718],[-117.77826335331412,34.620413668015736],[-117.77891780686471,34.620409490786784],[-117.7789203344185,34.620680005867165],[-117.77990201768188,34.62067373338069],[-117.77989948693907,34.620403218372175],[-117.780881166717,34.62039693804341],[-117.78088623459861,34.62093796793469],[-117.78154069185925,34.620933776584216],[-117.78154576412463,34.621474806331754],[-117.78187299482556,34.62147270929557],[-117.78187553207216,34.621743224133404],[-117.78220276379719,34.621741126198906],[-117.78220784050923,34.622282155793734],[-117.78253507432731,34.622280056942955],[-117.78253761380175,34.62255057169994],[-117.78319208345913,34.622546371321405],[-117.78318954186469,34.622275856600346],[-117.78351677558396,34.622273755117504],[-117.78351423296543,34.622003240405434],[-117.78384146558875,34.622001138069194],[-117.7838440092673,34.622271652754314],[-117.78449847653516,34.62226744538688],[-117.78449593072762,34.621996930746676],[-117.78515039573173,34.621992719911745],[-117.7851478478401,34.62172220529849],[-117.78547507923273,34.62172009858745]],[[-117.7807747723568,34.60903529918766],[-117.78076211033338,34.60768272170166],[-117.78010775693596,34.607686907482574],[-117.78010522675909,34.60741639190812],[-117.77945087534695,34.60742057414068],[-117.77944834732604,34.60715005851233],[-117.77715812377055,34.60716466854143],[-117.77715560320566,34.60689415275138],[-117.77650125544068,34.60689831911072],[-117.77650377388554,34.60716883494569],[-117.77519507370229,34.60717715721696],[-117.77519255950646,34.606906641301144],[-117.77388386303326,34.60691494945988],[-117.77388637298904,34.60718546545654],[-117.77355919772315,34.6071875403223],[-117.77356421562249,34.60772857232461],[-117.77323703820063,34.60773064635494],[-117.77324456211215,34.608542194326965],[-117.77357174271405,34.608540120233755],[-117.77357425181644,34.60881063617652],[-117.77488297812269,34.60880233094629],[-117.77488549150107,34.60907284679922],[-117.77586703906493,34.609066608601445],[-117.77586955565927,34.60933712437353],[-117.77717828952036,34.60932879441268],[-117.77717576868598,34.60905827872145],[-117.77750295100364,34.609056194064046],[-117.77750547289804,34.609326709728336],[-117.77783265624878,34.60932462417262],[-117.77783517923912,34.60959513980996],[-117.77816236361393,34.60959305334695],[-117.77816741182244,34.610134084549756],[-117.77849459829032,34.61013199717046],[-117.7784920731081,34.609861481596006],[-117.77914644380708,34.609857304250276],[-117.77914138930139,34.609316273155265],[-117.78045012182397,34.60930790810622],[-117.78044759037151,34.609037392621595],[-117.7807747723568,34.60903529918766]],[[-117.77890650356113,34.58415827346408],[-117.77890397949281,34.58388775676673],[-117.7785768959449,34.58388984385856],[-117.77857941896218,34.58416036058286],[-117.77890650356113,34.58415827346408]],[[-117.7779176870815,34.583352981871734],[-117.77791264552951,34.58281194826144],[-117.77758556612284,34.58281403264934],[-117.77758052682562,34.582272998949215],[-117.77725344951202,34.582275082420836],[-117.77724841246958,34.58173404863088],[-117.77692133723109,34.58173613117724],[-117.77691630244341,34.581195097306434],[-117.776589229298,34.581197178936506],[-117.77658671300908,34.58092666195169],[-117.77364306270432,34.58094535700667],[-117.77364556945312,34.58121587417114],[-117.77331849596635,34.581217947042646],[-117.77332100169106,34.5814884642161],[-117.77266685250765,34.581492607362975],[-117.77267185981586,34.5820336417548],[-117.77234478305023,34.58203571205712],[-117.77235479383084,34.58311778078688],[-117.77268187482754,34.58311571040371],[-117.7726843786658,34.58338622754123],[-117.77301146069556,34.583384156259754],[-117.77301396562976,34.583654673352356],[-117.77334104867461,34.58365260117256],[-117.77334355470475,34.58392311823822],[-117.77399772282465,34.58391897121961],[-117.77400023100178,34.584189488222385],[-117.77432731607682,34.58418741337459],[-117.77432480683969,34.58391689638978],[-117.7766143939837,34.58390234804799],[-117.77661187736243,34.583631831188946],[-117.77726604269755,34.58362766668014],[-117.77726352399216,34.58335714984804],[-117.7779176870815,34.583352981871734]],[[-117.77766325674052,34.556030723861696],[-117.77765318733586,34.5549486516824],[-117.77667227621937,34.55495489574618],[-117.77668233292187,34.556036968177],[-117.77700930755803,34.556034887615915],[-117.77701182287676,34.556305405669725],[-117.77733879854598,34.556303324210326],[-117.77733628216724,34.556032806183474],[-117.77766325674052,34.556030723861696]],[[-117.77605099402965,34.558475789313036],[-117.77604848162146,34.558205271286184],[-117.77572149840638,34.55820734939486],[-117.77572400976354,34.5584778674307],[-117.77605099402965,34.558475789313036]],[[-117.77427884646956,34.614216800835656],[-117.77427382273116,34.6136757694981],[-117.77394662203395,34.61367784574727],[-117.77395164365232,34.614218877120756],[-117.77427884646956,34.614216800835656]],[[-117.77401392064398,34.55037269522258],[-117.77401141558401,34.55010217671063],[-117.77335751222458,34.55010632027971],[-117.77335500931159,34.54983580171387],[-117.77368195995375,34.54983373038747],[-117.77367695212452,34.54929269326476],[-117.77302305503532,34.54929683495636],[-117.77303306237539,34.55037890932754],[-117.77401392064398,34.55037269522258]],[[-117.77394255140807,34.57796759387968],[-117.77393001469963,34.57661500730273],[-117.77360295926,34.57661708069525],[-117.77360045308613,34.57634656331518],[-117.77294634421911,34.576350707423245],[-117.77295135238072,34.57689174224627],[-117.77262429578226,34.5768938130247],[-117.77263430826069,34.57797588259887],[-117.77394255140807,34.57796759387968]],[[-117.77376460850823,34.5587608359457],[-117.77375709349901,34.55794928144292],[-117.77244916376485,34.55795756399967],[-117.7724566660719,34.55876911875398],[-117.77376460850823,34.5587608359457]],[[-117.7736831747006,34.58527363020992],[-117.77368066744874,34.58500311322511],[-117.77335357913077,34.58500518638407],[-117.77335107297486,34.58473466936333],[-117.77269689836015,34.58473881301326],[-117.77269940239604,34.58500933006993],[-117.77302649077689,34.585007258662685],[-117.77302899590872,34.58527777569241],[-117.7736831747006,34.58527363020992]],[[-117.77148070425042,34.559316358222695],[-117.77146821612287,34.55796376672298],[-117.77016028545447,34.55797202476471],[-117.77015779216244,34.55770150634259],[-117.76983081047449,34.557703568640925],[-117.76983330270652,34.557974087081],[-117.76917933711181,34.5579782090995],[-117.7691843174436,34.558519246024574],[-117.76885733247681,34.55852130576271],[-117.76886480006397,34.55933286112787],[-117.76951877631271,34.55932874065447],[-117.76952126768235,34.55959925904065],[-117.77115621301584,34.55958894243759],[-117.77115371634615,34.55931842415022],[-117.77148070425042,34.559316358222695]],[[-117.77005268847469,34.61721939853547],[-117.77004519319247,34.61640785111142],[-117.76971798145497,34.616409916158595],[-117.76971548415645,34.61613940030566],[-117.76938827344303,34.61614146444553],[-117.76938577724044,34.61587094856566],[-117.76905856755111,34.61587301180722],[-117.76905607244447,34.6156024958914],[-117.7687288637882,34.61560455824363],[-117.76873135783481,34.61587507417741],[-117.7684041480826,34.61587713567624],[-117.76841162724006,34.616688683486565],[-117.7687388401813,34.616686621924856],[-117.76874133436266,34.6169571378227],[-117.76939576225737,34.61695301203128],[-117.7693982585947,34.61722352787523],[-117.77005268847469,34.61721939853547]],[[-117.77001782036693,34.57799241796915],[-117.77001532567353,34.577721900427385],[-117.76968826559859,34.57772396339047],[-117.76968577199214,34.57745344581277],[-117.7693587129413,34.57745550787754],[-117.76936619067044,34.578267060619616],[-117.76969325290132,34.57826499850095],[-117.76969075923199,34.5779944809502],[-117.77001782036693,34.57799241796915]],[[-117.76851137794786,34.62750931048024],[-117.76850140048577,34.62642724865853],[-117.76751964682141,34.626433430289396],[-117.7675221379575,34.62670394582792],[-117.76719488560717,34.6267060046318],[-117.7671973757012,34.626976520179305],[-117.76687012226391,34.626978578129794],[-117.76687261133387,34.62724909368628],[-117.76719986584015,34.62724703570885],[-117.76720235600605,34.6275175512294],[-117.76851137794786,34.62750931048024]],[[-117.76646078302174,34.61805361445164],[-117.7664533224684,34.61724206645267],[-117.76612610717356,34.617244121905834],[-117.76612362145433,34.61697360585527],[-117.76579640719255,34.61697566041013],[-117.76579392256028,34.61670514433261],[-117.76546670933158,34.61670719799814],[-117.76546422579524,34.61643668188469],[-117.76448258907357,34.616442837527295],[-117.76449995222342,34.61833645047412],[-117.76482717191999,34.618334399332866],[-117.76482965356088,34.61860491539241],[-117.76515687429053,34.61860286335284],[-117.76515935703634,34.618873379385434],[-117.76614102220765,34.618867217912765],[-117.76613356454688,34.61805566996769],[-117.76646078302174,34.61805361445164]],[[-117.76584991704027,34.51579565547355],[-117.76584249081155,34.51498409373934],[-117.7655156757611,34.51498614227548],[-117.76551072722067,34.51444510101154],[-117.76518391424533,34.514447148640386],[-117.7651740217908,34.513365065896906],[-117.7648472130106,34.51336711255557],[-117.76484474103557,34.513096591824784],[-117.76353750980444,34.51310476965594],[-117.76353504207844,34.51283424882634],[-117.76124739355271,34.51284852624522],[-117.76124985387656,34.51311904721855],[-117.7609230457611,34.51312108337591],[-117.7609255050609,34.51339160435822],[-117.76059869585848,34.513393639653195],[-117.7606085291769,34.51447572354652],[-117.76093534261038,34.514473688170696],[-117.76093780208086,34.514744209090125],[-117.76159143096005,34.514740135661505],[-117.76159389256851,34.51501065652703],[-117.76355478475769,34.51499841513974],[-117.76355972075763,34.51553945659233],[-117.76388653811675,34.515537413257434],[-117.76388900722614,34.51580793395229],[-117.76421582560934,34.515805889719076],[-117.76421829580569,34.516076410378],[-117.76454511521298,34.516074365255456],[-117.76454758649629,34.51634488587844],[-117.76552804769156,34.51633874520177],[-117.76552309881876,34.515797704072575],[-117.76584991704027,34.51579565547355]],[[-117.76558252395584,34.55800081757518],[-117.76558004547702,34.5577302988656],[-117.76525306332196,34.55773234890193],[-117.7652505859301,34.55746183015642],[-117.7645966236412,34.557465927579045],[-117.76459167320532,34.55692488997125],[-117.7642646941225,34.55692693732161],[-117.7642622200095,34.55665641848627],[-117.76393524195973,34.556658464938316],[-117.76393276893369,34.55638794606705],[-117.76327881484639,34.55639203631213],[-117.76328128575241,34.55666255522832],[-117.76262732941035,34.55666664201489],[-117.76263226709014,34.55720767989218],[-117.76295924739466,34.55720563688966],[-117.7629617173395,34.55747615578788],[-117.76328869865912,34.557474111896035],[-117.76329116969988,34.55774463076731],[-117.76459909891302,34.55773644636049],[-117.76460157421181,34.55800696513294],[-117.76558252395584,34.55800081757518]],[[-117.76477506506109,34.612653559126954],[-117.76477258414783,34.61238304278893],[-117.76444538779849,34.61238509349001],[-117.7644429079722,34.61211457711605],[-117.76411571264691,34.61211662691882],[-117.76411819141319,34.61238714330176],[-117.76379099499196,34.61238919224214],[-117.76379347272518,34.612659708643044],[-117.76477506506109,34.612653559126954]],[[-117.76462880472623,34.56098267081251],[-117.76462632905914,34.560712152174794],[-117.76397234123112,34.560716246588065],[-117.7639748147782,34.56098676526171],[-117.76462880472623,34.56098267081251]],[[-117.76444044043485,34.576133743935294],[-117.76443796397724,34.57586322595335],[-117.76411091074748,34.57586527386965],[-117.76410596006008,34.57532423784289],[-117.76312480654221,34.57533037621089],[-117.76313222309606,34.5761419304262],[-117.76345927747569,34.57613988511502],[-117.76346175078919,34.57641040314187],[-117.76378880620186,34.57640835693237],[-117.76378633182834,34.57613783893247],[-117.76444044043485,34.576133743935294]],[[-117.76412562789169,34.61319869239667],[-117.7641231490266,34.61292817604068],[-117.76379595048535,34.612930225025984],[-117.76379842828145,34.613200741399936],[-117.76412562789169,34.61319869239667]],[[-117.76366265539126,34.56261192311781],[-117.76365276484115,34.56152984854002],[-117.76332576766627,34.56153189360866],[-117.76332329617634,34.56126137491705],[-117.76299630002553,34.56126341909636],[-117.76299135924656,34.560722381623314],[-117.76266436518881,34.560724424886345],[-117.76266189590874,34.560453906113885],[-117.76102693039908,34.56046410918787],[-117.76102446644602,34.56019359029863],[-117.7600434899232,34.56019970157344],[-117.76005087236804,34.56101125838489],[-117.76103185841299,34.56100514693041],[-117.76103432247386,34.56127566578372],[-117.76136131881331,34.56127362685955],[-117.76136378396113,34.561544145676926],[-117.76169078132467,34.56154210585444],[-117.76169324755945,34.561812624635884],[-117.76202024595605,34.56181058392407],[-117.76202518064446,34.56235162141508],[-117.76235218112515,34.56234957978699],[-117.76235464957877,34.56262009848758],[-117.76268165108354,34.56261805596117],[-117.76268412062413,34.56288857463481],[-117.76301112315298,34.56288653121009],[-117.76301359379849,34.563157049856784],[-117.76334059735142,34.56315500553374],[-117.76333565399428,34.56261396827628],[-117.76366265539126,34.56261192311781]],[[-117.76350095206445,34.616448985273706],[-117.7634984749331,34.616178469034494],[-117.76284405221269,34.61618256309742],[-117.76284652722401,34.616453079390524],[-117.76350095206445,34.616448985273706]],[[-117.76270387817947,34.565052723610734],[-117.7627014083694,34.56478220502692],[-117.7623743983935,34.56478424772401],[-117.76236946099219,34.56424321048452],[-117.76204245310939,34.56424525226533],[-117.76203998551814,34.563974733609655],[-117.76105896483415,34.563980853625075],[-117.76106142924534,34.564251372343634],[-117.7607344212278,34.56425341062101],[-117.76073934803797,34.56479444805813],[-117.76041233787343,34.564796485500075],[-117.76042465019171,34.56614907898507],[-117.76107868108495,34.5661450030232],[-117.76107621644019,34.56587448439447],[-117.76205725934851,34.565868363947864],[-117.76205479155963,34.56559784536405],[-117.76238180474252,34.56559580348443],[-117.76237686714357,34.56505476632579],[-117.76270387817947,34.565052723610734]],[[-117.76229680484778,34.52041699357288],[-117.7622918761152,34.51987595238978],[-117.76098453820912,34.519884104304545],[-117.76098699833535,34.52015462498143],[-117.76131383392129,34.52015258829407],[-117.76131629513449,34.52042310894401],[-117.76229680484778,34.52041699357288]],[[-117.76119317730578,34.61456968432192],[-117.76118576898946,34.61375813486767],[-117.7605313649091,34.61376221628232],[-117.76052889765921,34.613491699728705],[-117.75856569100563,34.613503922799346],[-117.75857061281218,34.61404495613116],[-117.75824340946495,34.614046990285274],[-117.75824586935762,34.61431750695567],[-117.75791866491444,34.61431954024741],[-117.7579260415921,34.61513109024064],[-117.75825324921531,34.61512905689501],[-117.7582630894867,34.61621112330711],[-117.75891751313237,34.61620705381311],[-117.75891505088612,34.615936537268475],[-117.75924226159954,34.615934501218916],[-117.75923979832919,34.615663984683266],[-117.75956700794667,34.61566194778031],[-117.75956207938478,34.615120914709],[-117.7598892868463,34.61511887697061],[-117.75988682154576,34.61484836043496],[-117.76054123424996,34.61484428237103],[-117.76053876686534,34.61457376586233],[-117.76119317730578,34.61456968432192]],[[-117.76064242527158,34.62593544853791],[-117.76063748784333,34.62539441651763],[-117.76031024011033,34.62539645678927],[-117.76031270774648,34.62566697283085],[-117.75998545891754,34.6256690122401],[-117.75998792552063,34.625939528290665],[-117.76064242527158,34.62593544853791]],[[-117.75804057543436,34.519631874081426],[-117.75803322388259,34.518820311386015],[-117.75705273190205,34.518826392279806],[-117.75705028462173,34.518555871297494],[-117.7560697955158,34.518561944268136],[-117.75607223963407,34.51883246531333],[-117.75574540880919,34.51883448791511],[-117.75575029503348,34.519375530005505],[-117.75640396086936,34.51937148385871],[-117.75640640613747,34.51964200485001],[-117.75804057543436,34.519631874081426]],[[-117.75739696661537,34.62893148966802],[-117.75739450814204,34.628660973590506],[-117.75673998649914,34.628665036194434],[-117.75674244285246,34.62893555230787],[-117.75739696661537,34.62893148966802]],[[-117.75724705968639,34.61242998680532],[-117.75723723398569,34.611347919467946],[-117.75691004112178,34.61134994990304],[-117.75690758583747,34.61107943301704],[-117.75625320213089,34.61108349121023],[-117.75625074900253,34.61081297427034],[-117.75559636729021,34.610817028915186],[-117.7555939163178,34.61054651192139],[-117.75428515673795,34.61055461060199],[-117.75428271004154,34.610284093518366],[-117.75395552112124,34.610286115976415],[-117.75395307552076,34.610015598856855],[-117.75362588763353,34.610017620416585],[-117.753623443129,34.6097471032611],[-117.75329625626584,34.60974912392251],[-117.75329381284827,34.609478606740076],[-117.75296662702718,34.60948062650318],[-117.75296174241086,34.608939592057446],[-117.75099863948574,34.60895169197805],[-117.75099620359605,34.608681174615946],[-117.75001465487334,34.60868721266908],[-117.75001222219963,34.608416695235114],[-117.74804913025191,34.60842874753602],[-117.7480467039742,34.60815822996731],[-117.7467379796083,34.60816624720664],[-117.74674040163698,34.6084367648562],[-117.74641321940015,34.608438766994354],[-117.74642532475556,34.60979135515234],[-117.74675251229245,34.60978935291537],[-117.74675493451876,34.610059870484086],[-117.74708212308872,34.6100578673488],[-117.74708939314533,34.61086941994715],[-117.74741658485938,34.61086741586863],[-117.74741900934046,34.611137933356495],[-117.74774620208758,34.61113592838865],[-117.74775105326859,34.611676963283536],[-117.7480782480998,34.6116749573994],[-117.7480831015266,34.612215992204455],[-117.74841029845986,34.612213985395066],[-117.74841272628268,34.61248450276615],[-117.74873992424003,34.61248249505844],[-117.7487447821045,34.61302352971078],[-117.74841758202713,34.61302553745442],[-117.74842486588187,34.61383708940598],[-117.74809766258853,34.61383909633216],[-117.74810494355967,34.61465064822982],[-117.74777773705037,34.61465265433853],[-117.74778016304063,34.61492317163775],[-117.74745295543538,34.61492517688408],[-117.74745538040155,34.61519569419228],[-117.74712817170035,34.615197698585206],[-117.74713301960251,34.61573873320162],[-117.74680580874536,34.61574073675911],[-117.74681307766112,34.6165522886388],[-117.74714029169832,34.61655028502741],[-117.74714271579312,34.616820802272734],[-117.74746993085438,34.61681879775404],[-117.74747235604514,34.6170893149814],[-117.74779957213947,34.61708730956439],[-117.74780442473983,34.61762834392029],[-117.74813164292722,34.61762633759598],[-117.74813407033682,34.6178968547335],[-117.74780685108941,34.61789886108476],[-117.74780927747491,34.618169378240246],[-117.74748205713156,34.61817138372912],[-117.74748448248401,34.61844190088461],[-117.7471572610447,34.61844390552008],[-117.74716210971941,34.61898493984005],[-117.74683488613314,34.61898694364009],[-117.74684215620772,34.61979849508859],[-117.74716938298302,34.61979649123465],[-117.7471718074641,34.62006700833624],[-117.74913517380222,34.62005496662647],[-117.74914246655926,34.620866517509036],[-117.74946969735002,34.62086450742079],[-117.74947212939493,34.62113502434272],[-117.7507810565016,34.62112697515031],[-117.75077374771861,34.6203154246091],[-117.75044651918262,34.62031743816485],[-117.75044408404752,34.62004692126987],[-117.7501168565356,34.6200489339273],[-117.75010712057659,34.618966866158736],[-117.74977989727776,34.61896887785497],[-117.74977503161591,34.6184278438584],[-117.75042947393756,34.61842381966644],[-117.75042703903601,34.61815330269061],[-117.75075425908294,34.61815128929656],[-117.75075182314832,34.61788077232972],[-117.75107904210829,34.61787875808228],[-117.75107660514061,34.617608241124415],[-117.75140382300462,34.61760622601459],[-117.75140138501287,34.617335709065706],[-117.75205581851307,34.6173316762589],[-117.75205337843722,34.61706115933698],[-117.75238059407341,34.61705914164],[-117.75237815296451,34.61678862471807],[-117.75270536751374,34.61678660616769],[-117.75270292537178,34.616516089254745],[-117.75499341886203,34.61650193493201],[-117.75499096932693,34.61623141815381],[-117.75597260571622,34.616225338912926],[-117.75595543758163,34.614331721564355],[-117.75562823291388,34.61433374871161],[-117.75561842751509,34.61325168130237],[-117.7559456279428,34.61324965422698],[-117.75594317561394,34.61297913736794],[-117.7562703749457,34.61297710944813],[-117.75626792158378,34.612706592589085],[-117.75692231802847,34.61270253415335],[-117.75691986258245,34.612432017321254],[-117.75724705968639,34.61242998680532]],[[-117.75716289350011,34.530999824033245],[-117.75716044474655,34.53072930358992],[-117.75683356753267,34.53073132970412],[-117.7568286722354,34.53019028875458],[-117.75650179710561,34.53019231395249],[-117.75649935056191,34.5299217934373],[-117.7561724764562,34.52992381774588],[-117.75617003099946,34.529653297194756],[-117.7551894116468,34.52965936479348],[-117.7551918539325,34.52992988540748],[-117.75159623550891,34.52995206615034],[-117.75159866619735,34.53022258696197],[-117.75127179054655,34.53022459817311],[-117.75127664991122,34.53076563981435],[-117.75094977211344,34.53076765018107],[-117.75095220078069,34.53103817100168],[-117.75160595846032,34.53103414935195],[-117.75160838928352,34.53130467011867],[-117.75193526912945,34.531302657964304],[-117.75193770103961,34.53157317870407],[-117.75259146275268,34.53156915171835],[-117.75259389680083,34.53183967240422],[-117.75520895081272,34.53182352932822],[-117.75520650830244,34.531553008804046],[-117.75651403030027,34.53154491634878],[-117.75651158359487,34.53127439589647],[-117.75683846295571,34.531272370608725],[-117.75683601522623,34.5310018501654],[-117.75716289350011,34.530999824033245]],[[-117.7569910838299,34.620277000331654],[-117.75697388997655,34.618383384680904],[-117.75664666948047,34.61838541476565],[-117.75664421441176,34.618114898176096],[-117.75533533636208,34.61812300966667],[-117.75533778719075,34.618393526337066],[-117.75501056653299,34.61839555203803],[-117.75502281585241,34.61974813531817],[-117.75535004181023,34.61974610951839],[-117.75535249283654,34.62001662611692],[-117.75567971982743,34.62001459941882],[-117.75568217194969,34.620285115981424],[-117.7569910838299,34.620277000331654]],[[-117.7558513257777,34.56671855049045],[-117.7558415348867,34.565636474672985],[-117.75551452105704,34.56563849903546],[-117.75551207446841,34.565367980038424],[-117.75453103594387,34.56537404780782],[-117.75452859257122,34.56510352872994],[-117.75387456883755,34.565107569495815],[-117.75387701009018,34.565378088609634],[-117.7535499971229,34.565380107699],[-117.75355243735144,34.5656506268218],[-117.75322542328823,34.56565264505777],[-117.75323274100046,34.56646420241719],[-117.75257870641514,34.56646823637384],[-117.7525811435984,34.5667387555146],[-117.75192710677626,34.56674278601274],[-117.75193197701054,34.567283824330204],[-117.75160495642555,34.56728583829917],[-117.75161712727713,34.568638433994025],[-117.75227117899334,34.568634404969124],[-117.75227361537709,34.56890492402904],[-117.75390874939274,34.56889483602925],[-117.75390386606102,34.56835379809806],[-117.7542308906525,34.56835177791275],[-117.75422844798052,34.56808125895164],[-117.75455547147607,34.56807923790395],[-117.75455302777102,34.56780871895183],[-117.7548800501796,34.56780669705074],[-117.75487760545049,34.5675361781076],[-117.7552046267631,34.56753415535311],[-117.75520218100992,34.56726363641896],[-117.75552920123557,34.567261612802085],[-117.75552430770799,34.566720574933775],[-117.7558513257777,34.56671855049045]],[[-117.75485874280581,34.60162349409297],[-117.7548489520316,34.60054142423133],[-117.75452180137056,34.600543447713456],[-117.7545169083011,34.60000241267484],[-117.75418975973314,34.6000044352317],[-117.75418731430334,34.59973391767197],[-117.75353301917963,34.59973796012668],[-117.75353057591477,34.59946744251305],[-117.75254913616669,34.599473499547585],[-117.75255157626049,34.5997440172241],[-117.75222442855491,34.59974603450785],[-117.75222686761565,34.600016552184364],[-117.75189971881412,34.600018568614715],[-117.75190215685079,34.60028908630021],[-117.75157500695332,34.60029110186818],[-117.75157988099645,34.600832137248155],[-117.75190703301395,34.60083012164426],[-117.75190947114044,34.6011006393028],[-117.75223662418202,34.6010986227916],[-117.75223906341344,34.601369140414214],[-117.7525662174791,34.60136712301368],[-117.75256865779748,34.601637640600366],[-117.75289581289621,34.601635622301515],[-117.75290069575182,34.602176657403014],[-117.75322785293463,34.60217463818788],[-117.75323029547185,34.6024451557027],[-117.75388461186766,34.602441114595464],[-117.75388216721042,34.602170597125564],[-117.7542093243034,34.60216857527837],[-117.75420687861309,34.60189805781745],[-117.75453403461013,34.60189603510788],[-117.75453158789574,34.60162551765594],[-117.75485874280581,34.60162349409297]],[[-117.75443808520428,34.51884256954568],[-117.75443564636812,34.51857204840167],[-117.75410881644157,34.51857406660171],[-117.75410637869237,34.518303545421766],[-117.7537795497899,34.518305562732465],[-117.75377711312765,34.51803504151659],[-117.75345028524926,34.51803705792897],[-117.75344784968296,34.517766536686146],[-117.751486888054,34.5177786166911],[-117.7514917465473,34.51831965941031],[-117.75181857568334,34.51831764821714],[-117.75182100603043,34.51858816954081],[-117.75247466630574,34.51858414450443],[-117.75247709880878,34.51885466577421],[-117.75443808520428,34.51884256954568]],[[-117.75361101263735,34.57214308219372],[-117.75360857162727,34.57187256335838],[-117.75328153321072,34.57187458205249],[-117.75327665340039,34.571333544309944],[-117.75229554430422,34.57133959502932],[-117.75229798101137,34.57161011396347],[-117.75197094352907,34.571612129136184],[-117.75197581492218,34.572153167022456],[-117.75230285453348,34.57215115180483],[-117.75230529133945,34.57242167071204],[-117.7532864131468,34.57241561975012],[-117.75328397316079,34.57214510090579],[-117.75361101263735,34.57214308219372]],[[-117.75122441700071,34.561336426311385],[-117.75122198470429,34.56106590685621],[-117.75089498840974,34.561067918606334],[-117.75089741964617,34.56133843808846],[-117.75122441700071,34.561336426311385]],[[-117.74960481517974,34.599491623318954],[-117.74959995418912,34.59895058757067],[-117.74927280936713,34.598952596895344],[-117.74926795063128,34.59841156105723],[-117.74894080790236,34.59841356946563],[-117.7489432361923,34.598684087411634],[-117.74861609236744,34.59868609495765],[-117.74861851964229,34.59895661291264],[-117.74796422977371,34.5989606254265],[-117.74796665495549,34.599231143408446],[-117.74763950891179,34.59923314836731],[-117.74764193306949,34.59950366635823],[-117.74731478592983,34.5995056704637],[-117.74732205539355,34.600317224418504],[-117.7486306564567,34.60030920249895],[-117.74862822902914,34.60003868460684],[-117.74895537815406,34.600036676953025],[-117.74895294969343,34.5997661590699],[-117.7492800977314,34.59976415055371],[-117.74927766824669,34.59949363267957],[-117.74960481517974,34.599491623318954]],[[-117.74891118739318,34.55864529378944],[-117.74890633828727,34.55810425432213],[-117.7485793534103,34.55810625973015],[-117.74857208317404,34.557294700385455],[-117.74824510144119,34.55729670485025],[-117.74824267915199,34.557026185026764],[-117.74791569843423,34.557028188602224],[-117.74791327724097,34.556757668742804],[-117.74660535830456,34.55676567419624],[-117.74661744345686,34.55811827377181],[-117.74694442853145,34.558116273618936],[-117.74694926493517,34.558657313319806],[-117.74727625209385,34.558655312259624],[-117.74727867140064,34.55892583207413],[-117.74793264773022,34.55892182726782],[-117.74793506919298,34.559192347028414],[-117.74858904751682,34.55918833868274],[-117.7485842003962,34.55864729923339],[-117.74891118739318,34.55864529378944]],[[-117.74554128734847,34.584096126162194],[-117.74553645548124,34.58355508854541],[-117.74520937069366,34.583557086200976],[-117.74521420044985,34.584098123862674],[-117.74554128734847,34.584096126162194]],[[-117.74506355657894,34.53053316604164],[-117.74505873744982,34.529992123609894],[-117.74473186220327,34.529994117294905],[-117.74472945374812,34.52972359604309],[-117.74374883099983,34.52972957179806],[-117.74375123629291,34.53000009311275],[-117.74342436092057,34.530002083303316],[-117.74343157381739,34.530813647229415],[-117.74473908778428,34.53080568098744],[-117.74473667923033,34.53053515977157],[-117.74506355657894,34.53053316604164]],[[-117.74484979275529,34.61656429191865],[-117.74484737612548,34.616293774511625],[-117.74452016292372,34.61629577196956],[-117.74451774738087,34.61602525453559],[-117.74320889849949,34.61603323550096],[-117.74321130979331,34.61630375301577],[-117.74353852312981,34.61630175907025],[-117.7435409355106,34.61657227655812],[-117.74484979275529,34.61656429191865]],[[-117.74457209089212,34.585454710763344],[-117.74456726506156,34.584913673146566],[-117.74424017488408,34.584915668277866],[-117.74423776307823,34.58464514943354],[-117.74358358474448,34.584649137019156],[-117.74358840415209,34.58519017477966],[-117.74326131282477,34.58519216729686],[-117.74326853899868,34.58600372391068],[-117.74359563351501,34.5860017313306],[-117.74359804336255,34.58627225015695],[-117.74392513890297,34.58627025667856],[-117.74392272798644,34.58599973787915],[-117.7442498224399,34.58599774353837],[-117.74424499859462,34.585456705930575],[-117.74457209089212,34.585454710763344]],[[-117.7422415547735,34.58086983486818],[-117.74223674486109,34.5803287965597],[-117.74190967247924,34.580330785214144],[-117.74190726863246,34.58006026601948],[-117.74158019727469,34.58006225377561],[-117.74158260006146,34.580332772988235],[-117.74125552760775,34.58033475989097],[-117.74126033116008,34.580875798325216],[-117.74027910725022,34.580881753886054],[-117.74028150589575,34.5811522731436],[-117.73995443014523,34.58115425660578],[-117.73995682775771,34.581424775863326],[-117.73962975091122,34.581426758463124],[-117.73963454411496,34.58196779699619],[-117.73930746512153,34.58196977876055],[-117.73931225633999,34.582510817284636],[-117.7389851751816,34.582512798213564],[-117.73899954324948,34.58413591360614],[-117.73932663075895,34.58413393256043],[-117.73933142248048,34.58467497089586],[-117.74096687015188,34.58466505231833],[-117.7409644689731,34.58439453325841],[-117.74129155734497,34.5843925469306],[-117.74128435082619,34.58358098974186],[-117.74161143599106,34.583579002605575],[-117.74160422657073,34.58276744536294],[-117.7412771445859,34.582769432445325],[-117.74126273297668,34.58114631751988],[-117.74191688420824,34.58114234271729],[-117.74191448026264,34.58087182355856],[-117.7422415547735,34.58086983486818]],[[-117.74152786322287,34.53731808074632],[-117.74152066705268,34.536506517332256],[-117.74119376608736,34.53650850187241],[-117.74118177839328,34.53515589583795],[-117.74085488268311,34.53515787940793],[-117.74085248630132,34.53488735814714],[-117.73987180215317,34.53489330354803],[-117.73988137520271,34.53597538877086],[-117.73955447619572,34.53597736890029],[-117.73957600790578,34.53841206011266],[-117.73990291643493,34.53841007980357],[-117.73990531005887,34.53868060096554],[-117.74088603861074,34.53867465472922],[-117.74087645160138,34.537592570234025],[-117.74120335682473,34.537590586484384],[-117.74120095909547,34.537320065349356],[-117.74152786322287,34.53731808074632]],[[-117.74026879015308,34.616592176712025],[-117.74026158492788,34.61578062362859],[-117.73927995024539,34.61578657638668],[-117.73927275485674,34.6149750230068],[-117.73894554641606,34.614977005444906],[-117.73894314908206,34.614706487606696],[-117.73828873423089,34.6147104498149],[-117.73829112944487,34.61498096768904],[-117.73796392090537,34.61498294749508],[-117.7379782864939,34.616606054614174],[-117.73863271627508,34.61660209388818],[-117.73863511277364,34.61687261165453],[-117.73994397618975,34.616864679593455],[-117.73994157544216,34.616594161907955],[-117.74026879015308,34.616592176712025]],[[-117.73768163101367,34.58306175182955],[-117.73767924062365,34.582791232500135],[-117.73735215825253,34.582793209063254],[-117.73734976894947,34.5825226896979],[-117.73702268761143,34.58252466536271],[-117.73701791122414,34.58198362656015],[-117.73669083197018,34.58198560131766],[-117.73668367081633,34.58117404296111],[-117.73635659470648,34.58117601677539],[-117.7363542087721,34.58090549728428],[-117.7360271336953,34.58090747020024],[-117.73602474885686,34.580636950673195],[-117.73569767480416,34.58063892269982],[-117.73569529106166,34.580368403136845],[-117.73504114497744,34.58037234451312],[-117.73503876338192,34.58010182490523],[-117.73471169135043,34.58010379426386],[-117.73470931085085,34.579833274620036],[-117.73438223984343,34.57983524307137],[-117.73437986043082,34.5795647234006],[-117.7333986504179,34.579570623454536],[-117.73339627421227,34.579300103711894],[-117.73176092885,34.57930991951318],[-117.73176329975556,34.57958043936361],[-117.73110915927681,34.57958435958456],[-117.7311115280893,34.57985487946195],[-117.73045738536479,34.579858796224386],[-117.73045975209318,34.58012931611974],[-117.73078682453792,34.58012735816072],[-117.73079392809179,34.580938917721014],[-117.7314480792425,34.58093499905415],[-117.7314504492767,34.581205518841706],[-117.73177752585369,34.581203558178764],[-117.73177989698382,34.58147407793937],[-117.73210697459388,34.581472116369135],[-117.73210934681097,34.58174263609381],[-117.73407181817554,34.581730848176065],[-117.73407419678865,34.58200136777498],[-117.73440127629414,34.58199940003331],[-117.7344036559942,34.58226991960527],[-117.73473073653275,34.58226795096529],[-117.73473311731979,34.58253847050132],[-117.73506019888242,34.58253650096302],[-117.7350625807654,34.582807020463115],[-117.73538966336109,34.58280505003549],[-117.73539442933689,34.58334608896381],[-117.73572151401669,34.5833441176199],[-117.73573105059462,34.584426195251964],[-117.73703940595057,34.58441830078538],[-117.7370346291231,34.58387726215351],[-117.73736171576122,34.58387528638989],[-117.73735454758254,34.58306372841063],[-117.73768163101367,34.58306175182955]],[[-117.7344750617107,34.590385500915986],[-117.73446791985266,34.5895739432691],[-117.73414081066684,34.58957591156772],[-117.73413843117338,34.58930539231017],[-117.73381132302062,34.58930735971048],[-117.73379705307572,34.5876842437879],[-117.73346995124709,34.58768621019107],[-117.73345331183393,34.58579257426534],[-117.73312621739845,34.58579453965342],[-117.7331238415252,34.58552402017129],[-117.73116128058064,34.585535793967516],[-117.7311636500938,34.585806313575404],[-117.73083655542476,34.58580827281901],[-117.73083892391385,34.586078792435885],[-117.73051182815783,34.586080750826085],[-117.73051656310584,34.58662179005983],[-117.73018946520284,34.586623747614595],[-117.73019183166174,34.58689426723147],[-117.73051893062474,34.586892309649755],[-117.7305236657614,34.587433348802655],[-117.73085076680849,34.58743139031364],[-117.73085550419091,34.587972429376705],[-117.73150971044429,34.587968509685766],[-117.73151445218355,34.588509548623065],[-117.73184155738086,34.58850758742114],[-117.73184630137489,34.589048626277595],[-117.73217340866528,34.58904666415938],[-117.7321781549051,34.58958770291702],[-117.73250526427957,34.58958573988253],[-117.73250763849991,34.58985625922991],[-117.73283474890745,34.58985429529711],[-117.73283949957596,34.59039533391102],[-117.73316661206759,34.59039336906193],[-117.73316898850678,34.59066388832846],[-117.73382321551124,34.59065995597127],[-117.73382083695203,34.59038943674067],[-117.7344750617107,34.590385500915986]],[[-117.73244325458161,34.54521844242362],[-117.73244088451149,34.544947921090966],[-117.7314600805191,34.54495380043873],[-117.73146244741818,34.54522432182529],[-117.73244325458161,34.54521844242362]],[[-117.73124437427728,34.55767025151044],[-117.73124200699193,34.55739973066287],[-117.73091502356127,34.5574016887207],[-117.73090082683804,34.55577856324903],[-117.73057384973151,34.555780520318706],[-117.730569119859,34.55523947836306],[-117.73024214482757,34.55524143451646],[-117.73023978100073,34.55497091349822],[-117.72991280700238,34.554972868753296],[-117.72990808154957,34.55443182664494],[-117.7295811096353,34.55443378099272],[-117.72957874801833,34.55416325989363],[-117.72925177712813,34.55416521334309],[-117.72924941659811,34.55389469221705],[-117.72859547684793,34.553898596447986],[-117.72859311846487,34.55362807527703],[-117.72793918070896,34.553631975959625],[-117.72793682447288,34.55336145473476],[-117.72760985660103,34.55336340374655],[-117.7276075014609,34.553092882485764],[-117.72728053461313,34.553094830599235],[-117.72727818055996,34.5528243093115],[-117.72695121474526,34.55282625653564],[-117.72694886177905,34.55255573521197],[-117.72629493217084,34.552559626992256],[-117.72629258135161,34.55228910561468],[-117.72563865372868,34.55229299384663],[-117.72563630505643,34.55202247242414],[-117.72530934226006,34.5520244152106],[-117.72530699467475,34.551753893752185],[-117.72465307110323,34.55175777665712],[-117.7246507256649,34.55148725515378],[-117.72432376488975,34.55148919527225],[-117.72432142054737,34.55121867373298],[-117.72399446079629,34.55122061296212],[-117.72399211754087,34.550950091386916],[-117.72333820005993,34.55095396716821],[-117.72333585895147,34.55068344554809],[-117.72202802786131,34.550691186537506],[-117.72202569101088,34.550420664827556],[-117.71973699280373,34.55043417771726],[-117.71973932224306,34.55070469956195],[-117.71875844793955,34.55071047773247],[-117.71876077423477,34.550980999622084],[-117.71777989648172,34.550986769968276],[-117.71778221963284,34.5512572919028],[-117.71745525926192,34.55125921362377],[-117.71745990355194,34.55180025750181],[-117.7177868660339,34.551798335753894],[-117.71779151256072,34.5523393795421],[-117.71811847713576,34.55233745687789],[-117.71812777478878,34.553419544238714],[-117.71780080598268,34.553421466992745],[-117.71780312941229,34.55369198881947],[-117.71747615951922,34.553693910711125],[-117.71747848192474,34.55396443254684],[-117.71780545287781,34.55396251063722],[-117.71781242345408,34.554774076018596],[-117.71813939755125,34.55477215317473],[-117.71815567072127,34.55666580517132],[-117.71848265219361,34.55666388132134],[-117.71848963005522,34.55747544622661],[-117.71816264540283,34.557477370130485],[-117.71816729534325,34.558018413379706],[-117.71784030855288,34.55802033645713],[-117.71784960457097,34.5591024228837],[-117.71817659560139,34.559100499725425],[-117.71817892074677,34.55937102128266],[-117.71850591280126,34.55936909723505],[-117.71850823903361,34.55963961875635],[-117.7191622251728,34.559635768002124],[-117.71916455354314,34.559906289469524],[-117.72014553569839,34.559900506708615],[-117.7201478672847,34.56017102811314],[-117.7204748623216,34.5601690987475],[-117.7204818604402,34.56098066282632],[-117.72080885863019,34.56097873253542],[-117.72081586020731,34.56179029645254],[-117.72114286154141,34.56178836521841],[-117.72114753153222,34.562329407731006],[-117.72278254831772,34.56231973826529],[-117.72278488865362,34.56259025940032],[-117.72540092236815,34.56257474254889],[-117.72540327120211,34.56284526352221],[-117.72671129154034,34.562837484004056],[-117.72670893847533,34.56256696311158],[-117.72736294633577,34.56256306813329],[-117.72736059117767,34.56229254726775],[-117.72768759401195,34.562290598489525],[-117.72768523782979,34.56202007762399],[-117.72801223955913,34.56201812799237],[-117.72800988235288,34.561747607135814],[-117.72866388361969,34.56174370527643],[-117.72866152432036,34.56147318444683],[-117.7293155233414,34.56146927911995],[-117.72931316195798,34.56119875832628],[-117.72964016036356,34.561196804364776],[-117.72963779795606,34.56092628358009],[-117.72996479527468,34.56092432876518],[-117.72996243183411,34.5606538079805],[-117.73028942805679,34.56065185231219],[-117.73028706360114,34.56038133153649],[-117.73061405873686,34.5603793750058],[-117.73060223160766,34.559026771055436],[-117.73092922141636,34.559024813752195],[-117.7309173897956,34.55767220958623],[-117.73124437427728,34.55767025151044]],[[-117.73034931999443,34.53008097361207],[-117.7303398723497,34.52899888502955],[-117.73001299990588,34.529000839269536],[-117.73002244332854,34.53008292793291],[-117.73034931999443,34.53008097361207]],[[-117.73001063913333,34.5287303170745],[-117.7300082783877,34.52845979487047],[-117.72968140801899,34.52846174820316],[-117.72968376771358,34.52873227043413],[-117.73001063913333,34.5287303170745]],[[-117.72782847162367,34.540917465132146],[-117.72782611686084,34.54064694334135],[-117.72684536231172,34.540652784986825],[-117.72684301075587,34.540382263115184],[-117.72618917634213,34.540386153134776],[-117.72618682693326,34.54011563120923],[-117.72585991073251,34.54011757489401],[-117.72585756241958,34.53984705294152],[-117.72520373204826,34.53985093762511],[-117.72519434753713,34.53876884953666],[-117.72486743653762,34.53877079049057],[-117.72486274658624,34.53822974634303],[-117.72453583766183,34.53823168638065],[-117.72454052550218,34.5387727305731],[-117.72421361443979,34.538774669775286],[-117.72421830028587,34.53931571395875],[-117.72454521345931,34.53931377472063],[-117.72454755748727,34.53958429677194],[-117.72487447169377,34.539582356635506],[-117.72487916195956,34.54012340066625],[-117.72455224564203,34.54012534084761],[-117.72455927810323,34.54093690686678],[-117.7242323585787,34.540938846221685],[-117.72423470173531,34.54120936822808],[-117.72456162231984,34.54120742884623],[-117.72456396656341,34.54147795081669],[-117.72489088817203,34.54147601054551],[-117.72489323350256,34.54174653248003],[-117.72522015614423,34.54174459131054],[-117.72522484902412,34.542285635107724],[-117.7255517737409,34.54228369303093],[-117.72555412128128,34.54255421489359],[-117.72620797273606,34.54255032806302],[-117.72620562308464,34.542279806236294],[-117.72685947229363,34.54227591594721],[-117.72685712055811,34.542005394147424],[-117.72718404406217,34.5420034477138],[-117.7271816912846,34.54173292592301],[-117.7275086137017,34.541730978626994],[-117.72750155241356,34.540919413245625],[-117.72782847162367,34.540917465132146]],[[-117.7274827236803,34.53875523836229],[-117.72747801680464,34.53821419452019],[-117.72682419944094,34.538218087728794],[-117.72682890207653,34.53875913164276],[-117.7274827236803,34.53875523836229]],[[-117.72508751481705,34.6018040465987],[-117.72508281240603,34.60126300806564],[-117.72475565671442,34.601264951768385],[-117.72475330660485,34.600994432465924],[-117.72311753298872,34.601004137765436],[-117.72311987778924,34.60127465716672],[-117.72213841004967,34.60128046987746],[-117.72214075170609,34.601550989323655],[-117.72115928050799,34.60155679420109],[-117.72116161900234,34.6018273136922],[-117.7208344608224,34.601829246911606],[-117.72083679828368,34.6020997664117],[-117.7205096390078,34.6021016987777],[-117.72051431191814,34.60264273778687],[-117.7201871504863,34.60264466930846],[-117.72019649243525,34.60372674725494],[-117.71986932672742,34.60372867797703],[-117.71987166123326,34.60399919745017],[-117.71954449442948,34.60400112732785],[-117.7195514949466,34.60481268572931],[-117.71922432493584,34.60481461478054],[-117.71922665744741,34.605085134244696],[-117.71955382851817,34.605083205175504],[-117.7195561621167,34.60535372461271],[-117.71922898997694,34.605355653699874],[-117.71923365515279,34.60589669256531],[-117.71956082940359,34.60589476343324],[-117.71956549681624,34.60643580221783],[-117.7208742020121,34.60642807677825],[-117.72087186404775,34.6061575574668],[-117.72119903920586,34.606155623932985],[-117.72119670020845,34.605885104639505],[-117.72152387427958,34.6058831702433],[-117.72151919425458,34.60534213164736],[-117.72184636616977,34.605340196415725],[-117.7218416841505,34.6047991578108],[-117.72216885391872,34.60479722174373],[-117.7221641699052,34.60425618312982],[-117.72249133750847,34.60425424621834],[-117.72247962271359,34.60290164957127],[-117.72313394723916,34.60289777331388],[-117.72313160224999,34.60262725398446],[-117.72345876340336,34.60262531456668],[-117.72345407139484,34.60208427590785],[-117.72443554829724,34.602078452498176],[-117.72443319916682,34.60180793321368],[-117.72508751481705,34.6018040465987]],[[-117.7247274575556,34.59801871932136],[-117.72472275813598,34.597477680411004],[-117.72406847635224,34.59748156465442],[-117.72407317153183,34.59802260364563],[-117.7247274575556,34.59801871932136]],[[-117.72419721494867,34.53688101475137],[-117.72419487229513,34.536610492556335],[-117.72386796965894,34.53661243072546],[-117.72387031126145,34.53688295293846],[-117.72419721494867,34.53688101475137]],[[-117.72405905151575,34.52092018443012],[-117.72405202916059,34.520108615662096],[-117.72307151455149,34.52011442398906],[-117.72307852740248,34.520925992936746],[-117.72405905151575,34.52092018443012]],[[-117.72338198316534,34.51821882758904],[-117.72337964477879,34.51794830451365],[-117.72305281499597,34.517950239601554],[-117.72305515233148,34.51822076268592],[-117.72338198316534,34.51821882758904]],[[-117.72274934937859,34.52065740437434],[-117.72274233978848,34.519845835327835],[-117.72208866528386,34.51984970138936],[-117.72209099966392,34.520120224455766],[-117.72176416130219,34.520122156192954],[-117.72176882805907,34.520663202325764],[-117.72274934937859,34.52065740437434]],[[-117.72272945193758,34.5939725669828],[-117.72272710904149,34.593702047240164],[-117.7223999828236,34.59370398425944],[-117.72239529924128,34.59316294469332],[-117.72206817511646,34.593164880796316],[-117.72205647202664,34.591812281553125],[-117.72074799639527,34.591820016838234],[-117.7207503327157,34.59209053678749],[-117.72042321266923,34.59209246843484],[-117.72042788327092,34.592633508342324],[-117.72010076107748,34.59263543915425],[-117.7201030953677,34.5929059591035],[-117.72043021862115,34.59290402827361],[-117.72043255400733,34.59317454819591],[-117.72075967828485,34.593172616467704],[-117.720762014758,34.59344313636306],[-117.72108914007757,34.59344120373654],[-117.72109147763766,34.59371172359596],[-117.72043722486053,34.59371558800458],[-117.72043956032756,34.59398610789095],[-117.71978530530464,34.59398996882309],[-117.71978763868758,34.59426048873641],[-117.71946051007119,34.59426241790442],[-117.7194675072286,34.595073977626406],[-117.71979463902503,34.595072048395515],[-117.71979697253371,34.595342568263916],[-117.71914270678492,34.595346425881274],[-117.71913571271772,34.59453486614132],[-117.71880858296944,34.59453679358456],[-117.71881091323523,34.59480731352483],[-117.71848378240898,34.59480924010569],[-117.71848145320322,34.594538720138466],[-117.71815432339207,34.594540645829994],[-117.71815665153783,34.59481116581518],[-117.7178295206487,34.594813090635334],[-117.71782719356297,34.594542570632186],[-117.71717293379695,34.594546417622475],[-117.71717525876267,34.594816937661555],[-117.71652099675084,34.594820781175365],[-117.71653028843906,34.59590286137661],[-117.71685742370298,34.59590093997903],[-117.71686207184678,34.596441979967366],[-117.71718920919479,34.59644005766249],[-117.7171915343761,34.59671057761174],[-117.71784581110231,34.59670673032501],[-117.71784813843958,34.596977250229344],[-117.71850241716005,34.596973399385284],[-117.71850008771175,34.596702879516876],[-117.71915436418642,34.59669902520532],[-117.71915203264504,34.59642850537285],[-117.71980630688292,34.59642464759379],[-117.7198156417262,34.597506726726046],[-117.72014278303578,34.59750479644413],[-117.72013344395245,34.596422717383746],[-117.72046058099504,34.596420786302325],[-117.72045824524055,34.59615026652376],[-117.72078538118718,34.59614833458894],[-117.72078304439964,34.59587781481935],[-117.72111017925931,34.595875882022156],[-117.72110784144769,34.59560536226155],[-117.72143497521142,34.59560342861095],[-117.72143263637571,34.59533290885933],[-117.72241403429823,34.59532710268832],[-117.72241169230944,34.59505658298162],[-117.72175742917473,34.59506045459473],[-117.72175508933292,34.59478993484311],[-117.72208221985373,34.59478799948571],[-117.72207753814888,34.59424695997348],[-117.72240466652272,34.59424502378963],[-117.72240232465968,34.593974504029035],[-117.72272945193758,34.5939725669828]],[[-117.72225718991388,34.577202255416545],[-117.72225251014041,34.57666121435922],[-117.72192545065836,34.57666314928542],[-117.72192311187655,34.576392628716334],[-117.72126899493368,34.57639649590075],[-117.72127133159546,34.57666701650577],[-117.72094427202359,34.57666894879991],[-117.72094894331697,34.577209990009955],[-117.72127600500886,34.5772080576709],[-117.72127834176048,34.57747857823999],[-117.72193246718345,34.577474710902855],[-117.72193012831181,34.57720419037869],[-117.72225718991388,34.577202255416545]],[[-117.72195560012254,34.54230500780683],[-117.72195326424229,34.54203448571959],[-117.72162634024416,34.542036418157466],[-117.72161933595413,34.541224851760994],[-117.72031165232242,34.54123257252035],[-117.72031631335703,34.541773616955346],[-117.71998939024824,34.541775544991474],[-117.72000802715526,34.54393972239907],[-117.71837336887842,34.54394935025482],[-117.71838034236522,34.54476091686689],[-117.71805340744358,34.544762839872455],[-117.71805805447346,34.54530388425355],[-117.71773111740484,34.54530580642368],[-117.71773343990917,34.545576328618715],[-117.71740650175359,34.545578249926464],[-117.71741114473207,34.54611929432552],[-117.71708420442951,34.546121214797836],[-117.71708652491265,34.546391736992874],[-117.71610570064529,34.546397493226536],[-117.71611265275219,34.547209059919446],[-117.71643959738462,34.54720714198937],[-117.7164372789227,34.54693661979433],[-117.71676422245919,34.54693470101085],[-117.71676654198112,34.54720522318792],[-117.71709348654169,34.54720330351511],[-117.71709580715057,34.54747382566523],[-117.71742275273522,34.547471905094106],[-117.71742507443108,34.54774242720829],[-117.71775202104878,34.54774050573885],[-117.7177543438316,34.54801102782609],[-117.71808129148236,34.548009105467315],[-117.71807896763954,34.54773858339804],[-117.71840591419438,34.54773666018587],[-117.71841056401801,34.54827770426154],[-117.71906446127788,34.54827385513325],[-117.71906678834566,34.5485443771127],[-117.71939373799069,34.54854245121456],[-117.71939606615442,34.54881297316705],[-117.72004996744772,34.548809118702785],[-117.72004763716397,34.54853859678622],[-117.7203745867102,34.548536668265],[-117.72036759288554,34.547725102506334],[-117.71971370010826,34.54772895856961],[-117.71971137101028,34.54745843658118],[-117.71938442564124,34.54746036327882],[-117.71937976964617,34.54691931923909],[-117.71970671291317,34.546917392586366],[-117.71970438390503,34.54664687056201],[-117.72003132607607,34.5466449430469],[-117.72003365613524,34.546915465053296],[-117.72036059933036,34.54691353663987],[-117.72035826821119,34.54664301466043],[-117.72068521031935,34.54664108539361],[-117.72068054605978,34.54610004143472],[-117.7193727859006,34.54610775309415],[-117.71936813021995,34.54556670893763],[-117.71969506819586,34.54556478237474],[-117.71969273934043,34.54529426029648],[-117.72001967622938,34.545292332871206],[-117.72001734634989,34.545021810801934],[-117.7203442821429,34.545019882532245],[-117.7203349587172,34.54393779420124],[-117.72098882174228,34.543933935182515],[-117.72098648885343,34.543663413104255],[-117.72131341926553,34.54366148230132],[-117.72130875144863,34.543120438153785],[-117.72163567971376,34.54311850651541],[-117.7216286750644,34.54230694026267],[-117.72195560012254,34.54230500780683]],[[-117.7217106383211,34.58965005711889],[-117.72170362076295,34.5888384970735],[-117.72072229898164,34.58884429657901],[-117.72072463495172,34.58911481666301],[-117.72039752657437,34.589116748103756],[-117.72039986152038,34.58938726818775],[-117.72072697095774,34.589385336738026],[-117.7207293069907,34.589655856795076],[-117.7217106383211,34.58965005711889]],[[-117.72109183564325,34.51796183172249],[-117.72107785030259,34.516338692219136],[-117.7207510266373,34.516340621054766],[-117.7207486969105,34.51607009774582],[-117.72042187427827,34.51607202569211],[-117.72041954563845,34.51580150235621],[-117.72009272402131,34.515803429413175],[-117.72009505161012,34.516073952776026],[-117.71911458340799,34.516079728754654],[-117.71912155683191,34.516891298951],[-117.71846790487498,34.5168951453484],[-117.71846326012682,34.51635409848795],[-117.7165023161857,34.516365616470935],[-117.71650463221319,34.51663614002243],[-117.71617780705668,34.51663805664097],[-117.71618475214774,34.51744962728647],[-117.7165115804753,34.51744771060505],[-117.71651389661956,34.517718234102645],[-117.7168407259712,34.51771631653189],[-117.71684304320242,34.517986840002536],[-117.71815036450764,34.51797916088908],[-117.71815268600585,34.51824968426989],[-117.71913317982794,34.518243915693375],[-117.71913550451518,34.518514439002324],[-117.71978916902155,34.51851058887692],[-117.71979149586475,34.51878111214095],[-117.72077199555284,34.51877533032327],[-117.72076500563585,34.517963760683884],[-117.72109183564325,34.51796183172249]],[[-117.72097230165235,34.57991519533253],[-117.72096529382294,34.57910363386781],[-117.72063822468402,34.57910556546127],[-117.72063588986379,34.57883504491913],[-117.71965468542939,34.578840834390455],[-117.7196570170696,34.579111354977506],[-117.7193299478049,34.579113283067535],[-117.7193369397431,34.579924844828696],[-117.71966401218783,34.57992291668477],[-117.71966634395379,34.58019343722691],[-117.72064756427937,34.58018764746812],[-117.72064522933339,34.57991712698887],[-117.72097230165235,34.57991519533253]],[[-117.71747351183375,34.51527776731588],[-117.71747119278791,34.515007243755406],[-117.71681755531185,34.5150110811427],[-117.71681987223764,34.515281604739116],[-117.71747351183375,34.51527776731588]],[[-117.71723199638295,34.63945450350551],[-117.71722500942143,34.638642949308164],[-117.71657040344469,34.63864679732253],[-117.71656807663743,34.63837627919686],[-117.71558617063677,34.63838204457537],[-117.71558849424603,34.63865256276392],[-117.71526119112292,34.638654482814026],[-117.7152635137081,34.638925001011565],[-117.71493620948006,34.63892692020827],[-117.71493853103219,34.63919743841479],[-117.71559314157236,34.63919359910509],[-117.71559546528043,34.63946411725772],[-117.71592277155663,34.639462196264375],[-117.71592044678854,34.63919167812973],[-117.71624775197778,34.63918975627401],[-117.71625007781486,34.63946027439069],[-117.71723199638295,34.63945450350551]],[[-117.71649756888587,34.55397019302055],[-117.71649293045287,34.55342914922336],[-117.71616596149406,34.553431067593614],[-117.71616364338249,34.5531605456501],[-117.71583667544775,34.55316246312204],[-117.71582972447273,34.55235089717473],[-117.71550275969109,34.552352813721406],[-117.71550044381631,34.552082291688066],[-117.71517348004977,34.55208420733643],[-117.71517116527095,34.55181368527614],[-117.71484420253746,34.55181560003516],[-117.7148418888456,34.55154507793894],[-117.7145149271362,34.551546991799654],[-117.71451261453129,34.55127646967648],[-117.71385869314267,34.55128029472991],[-117.71385638268474,34.55100977256182],[-117.71287550353931,34.551015503507905],[-117.71287319627938,34.55074498126795],[-117.71221927881639,34.55074879748196],[-117.71221697371243,34.55047827519709],[-117.71156305823472,34.55048208787173],[-117.71156075527773,34.55021156553296],[-117.71123379855396,34.550213470536285],[-117.71123610045095,34.550483992902],[-117.71058218479358,34.550487800321505],[-117.71059598415603,34.552110934461915],[-117.71026901993133,34.55211283697691],[-117.71027131887286,34.55238335931568],[-117.70929042283909,34.552389061659404],[-117.70929271863652,34.5526595840341],[-117.70896575217502,34.55266148309058],[-117.7089634574376,34.55239096068893],[-117.7086364920002,34.55239285884709],[-117.70863878568657,34.55266338126671],[-117.70798485261088,34.5526671749869],[-117.70798714420418,34.55293769743347],[-117.70831411181553,34.55293580099109],[-117.70832098996412,34.55374736818706],[-117.70864796071956,34.55374547081043],[-117.70865025455866,34.55401599316717],[-117.70897722633818,34.554014094892224],[-117.70897952126424,34.55428461722201],[-117.70930649407681,34.55428271804875],[-117.70930879008984,34.55455324034261],[-117.7096357639265,34.554551340289],[-117.70963806102648,34.55482186254692],[-117.71029201073,34.55481805976273],[-117.71029430997694,34.55508858197573],[-117.71454499380265,34.55506377826005],[-117.7145426807935,34.554793256298574],[-117.71486965520509,34.55479134221328],[-117.71486734117187,34.5545208202518],[-117.7151943144875,34.55451890531311],[-117.71519199942122,34.554248383360616],[-117.71617291600845,34.55424263333431],[-117.71617059780704,34.55397211142674],[-117.71649756888587,34.55397019302055]],[[-117.71620558909179,34.51988433854924],[-117.71619864316528,34.519072768236114],[-117.71489130421716,34.51908042667934],[-117.7148889931933,34.51880990313683],[-117.71456215943992,34.518811815542264],[-117.71456446940377,34.519082339102745],[-117.71423763455445,34.519084250654785],[-117.71423994349422,34.519354774215266],[-117.71456677940355,34.51935286265424],[-117.71456908942132,34.51962338618777],[-117.71489592635473,34.51962147371945],[-117.71489361526798,34.51935095020388],[-117.71522045110544,34.51934903689114],[-117.7152227632522,34.51961956037975],[-117.71554960011375,34.5196176461687],[-117.71555191333849,34.519888169639344],[-117.71620558909179,34.51988433854924]],[[-117.71617317714869,34.51609700949306],[-117.71616854736646,34.51555596228228],[-117.71551490541678,34.51555979275255],[-117.71551953097693,34.5161008400352],[-117.71617317714869,34.51609700949306]],[[-117.71597366339022,34.53097770531008],[-117.71596440138235,34.5298956134487],[-117.71531064737681,34.52989944421542],[-117.7153175874912,34.53071101324395],[-117.71499070727695,34.53071292736517],[-117.7149930196483,34.53098345037768],[-117.71597366339022,34.53097770531008]],[[-117.71525654605136,34.638113446392005],[-117.715254223565,34.637842928158534],[-117.71459962358901,34.63784676551889],[-117.7145973032586,34.63757624723152],[-117.71394270528586,34.637580081043524],[-117.71394734173359,34.638121117672156],[-117.71525654605136,34.638113446392005]],[[-117.7149398427791,34.52476141818849],[-117.71493521947373,34.524220371615506],[-117.714608364583,34.52422228439824],[-117.71461298577734,34.52476333102513],[-117.7149398427791,34.52476141818849]],[[-117.71457506567934,34.55858056267228],[-117.71457043889748,34.55803951904578],[-117.71424345175677,34.55804143249326],[-117.71424113947526,34.55777091063958],[-117.71391415336761,34.557772823188756],[-117.71391184217306,34.557502301308126],[-117.7135848570895,34.55750421295898],[-117.71358947739449,34.55804525674719],[-117.71391646459809,34.558043345060405],[-117.71391877585552,34.558313866914084],[-117.7142457640742,34.55831195432898],[-117.71424807642758,34.558582476146725],[-117.71457506567934,34.55858056267228]],[[-117.71426812969933,34.59916252766159],[-117.71426581377965,34.59889200764047],[-117.71393866660407,34.598893922228825],[-117.71393635178033,34.598623402180756],[-117.71360920563781,34.59862531587977],[-117.71362077476188,34.599977916111115],[-117.71394792621344,34.59997600232227],[-117.71394098146374,34.59916444227689],[-117.71426812969933,34.59916252766159]],[[-117.7139571863079,34.60105808220911],[-117.71395487124161,34.60078756225985],[-117.71362771661002,34.60078947611158],[-117.7136230886873,34.60024843612325],[-117.7126416309819,34.60025417229753],[-117.71264394174526,34.600524692354576],[-117.7119896343326,34.60052851212591],[-117.71199194301185,34.60079903220991],[-117.7116647882006,34.60080094079751],[-117.7116670958468,34.601071460890495],[-117.71133993994857,34.601073368615715],[-117.71134224656171,34.60134388871768],[-117.71101508956755,34.6013457955895],[-117.71101970077262,34.60188683578444],[-117.7113468598868,34.60188492886771],[-117.71135147333766,34.602425968981805],[-117.71167863454492,34.60242406114879],[-117.71168094237079,34.60269458116991],[-117.71331675324903,34.602685028781615],[-117.71331444011413,34.60241450885932],[-117.71364160113275,34.602412595771156],[-117.71363003062527,34.601059996087784],[-117.7139571863079,34.60105808220911]],[[-117.71390156845557,34.518004066868976],[-117.71389695302842,34.51746301956835],[-117.71291646723728,34.517468746004894],[-117.71291877176633,34.51773926971809],[-117.71324560145034,34.51773736175931],[-117.71324790706635,34.51800788544555],[-117.71390156845557,34.518004066868976]],[[-117.71343476410146,34.539920263499184],[-117.71343245599712,34.5396497407921],[-117.71310554070367,34.53965165030497],[-117.71310784775697,34.539922173030014],[-117.71343476410146,34.539920263499184]],[[-117.71339773238337,34.612153218345625],[-117.71339541816151,34.611882698854515],[-117.71306821997959,34.611884611736066],[-117.71306590685366,34.611614092209024],[-117.7120843152993,34.61161982554463],[-117.71208893520902,34.61216086469753],[-117.71274333385459,34.61215704327329],[-117.71274564597441,34.612427562800335],[-117.71307284631229,34.61242565075422],[-117.71307053313247,34.61215513125413],[-117.71339773238337,34.612153218345625]],[[-117.71317339719444,34.58591277072784],[-117.71316646361979,34.58510120867023],[-117.71185809064788,34.58510884734154],[-117.71186501150238,34.585920409632706],[-117.71317339719444,34.58591277072784]],[[-117.71296647178688,34.59998174106573],[-117.71296416001742,34.59971122100868],[-117.71263700953604,34.5997131321475],[-117.7126393202455,34.5999836522315],[-117.71296647178688,34.59998174106573]],[[-117.71217826016847,34.58429537665141],[-117.71216902891891,34.58321329335996],[-117.71020651322249,34.58322472953336],[-117.71021111607322,34.58376577143511],[-117.71086529233186,34.58376196280288],[-117.7108698995484,34.584303004578864],[-117.71119698974384,34.584301098910785],[-117.71119929446154,34.58457161975835],[-117.71185347689159,34.584567805754205],[-117.71185117006286,34.584297284942565],[-117.71217826016847,34.58429537665141]],[[-117.7116423686496,34.63651139776845],[-117.71163774744629,34.635970360726596],[-117.71131045457295,34.635972270050814],[-117.71130814507623,34.635701751493954],[-117.71098085323595,34.635703659919855],[-117.71098316167267,34.635974178494685],[-117.71000128277419,34.63597989857116],[-117.71000589335043,34.636520935810644],[-117.71033318846956,34.636519029953924],[-117.71034472077169,34.63787162273823],[-117.71099932153818,34.63786780821306],[-117.71098777861798,34.63651521561739],[-117.7116423686496,34.63651139776845]],[[-117.70952783467786,34.54183678026978],[-117.70952553905111,34.54156625742796],[-117.70919861598723,34.54156815656528],[-117.70919632144745,34.54129763369651],[-117.70886939940765,34.541299531944496],[-117.7088739864121,34.541840577717984],[-117.70952783467786,34.54183678026978]],[[-117.70899007952309,34.59405316792641],[-117.7089877811565,34.593782647366304],[-117.70866065363604,34.593784547563644],[-117.70865835636539,34.593514026976585],[-117.70800410336368,34.59351782470327],[-117.70800869370089,34.59405886594924],[-117.70899007952309,34.59405316792641]],[[-117.70846778933307,34.57106077569787],[-117.70846090530948,34.570249210828536],[-117.70780683455799,34.57025300528535],[-117.70780454206636,34.569982483593364],[-117.70813157639557,34.56998058682759],[-117.70812928287988,34.56971006515358],[-117.70714818296447,34.56971575277392],[-117.70715047330911,34.56998627450183],[-117.70747750770121,34.56998437948777],[-117.70748209060935,34.57052542288072],[-117.70813616353477,34.570521630148676],[-117.70814075079076,34.57106267341586],[-117.70846778933307,34.57106077569787]],[[-117.70804901895721,34.637343908574415],[-117.7080444209484,34.63680287118222],[-117.707389828123,34.63680666974433],[-117.70739442188278,34.63734770721738],[-117.70804901895721,34.637343908574415]],[[-117.70759670281166,34.58405149196593],[-117.70759440981698,34.5837809708848],[-117.70726732139123,34.58378286686904],[-117.70726502949249,34.58351234575198],[-117.70693794209978,34.58351424084689],[-117.70694252382215,34.58405528309898],[-117.70759670281166,34.58405149196593]],[[-117.7073420843455,34.51533685441692],[-117.70733979804326,34.51506633026356],[-117.70668615866276,34.515070113446505],[-117.70668844285396,34.51534063763581],[-117.7073420843455,34.51533685441692]],[[-117.70733751177697,34.514795806101205],[-117.70733522553762,34.51452528192987],[-117.70700840798087,34.51452717391661],[-117.7070106931602,34.51479769811489],[-117.70733751177697,34.514795806101205]],[[-117.70714589265576,34.569445231028034],[-117.70714131211918,34.568904187491356],[-117.70681428193119,34.56890608156218],[-117.70679825842096,34.567012428685246],[-117.70581718991066,34.56701810522038],[-117.70581947571881,34.5672886271549],[-117.70549245176514,34.56729051760552],[-117.70550387594604,34.56864312717934],[-117.70648496360842,34.568637452925934],[-117.70648953985105,34.569178496552446],[-117.706816571126,34.569176603344],[-117.70681886034775,34.56944712512581],[-117.70714589265576,34.569445231028034]],[[-117.70679354833833,34.52778473711137],[-117.70678897719812,34.5272436898377],[-117.70646210991961,34.527245580971034],[-117.70646439442521,34.52751610463032],[-117.70613752605975,34.52751799491026],[-117.70613524261417,34.527247471233004],[-117.70580837527278,34.52724936062361],[-117.70581294007987,34.527790408005075],[-117.70679354833833,34.52778473711137]],[[-117.70634099446262,34.59028105405841],[-117.70633870500731,34.59001053318389],[-117.7060115920845,34.59001242610488],[-117.70601388047979,34.59028294699736],[-117.70634099446262,34.59028105405841]],[[-117.70504853572089,34.592182266905255],[-117.70504625029004,34.59191174603972],[-117.70471912983035,34.59191363558304],[-117.70471684549543,34.591643114681574],[-117.70406260659728,34.59164689110021],[-117.70405347803414,34.59056480721588],[-117.7037263627757,34.5905666940373],[-117.70372408177353,34.59029617301007],[-117.70306985329583,34.59029994398492],[-117.70306529561239,34.589758901831644],[-117.70273818345314,34.58976078596711],[-117.70273590572084,34.58949026485004],[-117.70208168341456,34.58949403044399],[-117.70207940783821,34.58922350928201],[-117.70175229770018,34.589225390749476],[-117.70175002320181,34.588954869551564],[-117.70044158660224,34.588962386573016],[-117.70044385686056,34.589232907842785],[-117.7001167465698,34.58923478491749],[-117.70012128504726,34.58977582746602],[-117.69979417260953,34.58977770370529],[-117.69979644083766,34.590048224975064],[-117.6981608728998,34.59005759312787],[-117.69815860997174,34.589787071768264],[-117.69783149735434,34.589788942743404],[-117.6978337592224,34.59005946412996],[-117.69750664550907,34.5900613342517],[-117.69750890634405,34.59033185564724],[-117.69783602111741,34.59032998550753],[-117.69784506899386,34.591412070874085],[-117.69817218797132,34.591410199773186],[-117.69817445107905,34.591680721069906],[-117.6985015710806,34.59167884907967],[-117.69850383527529,34.59194937034046],[-117.69915807732653,34.59194562369199],[-117.6991603436682,34.592216144907866],[-117.69948746570891,34.59221427024963],[-117.69948973314652,34.59248479142957],[-117.69981685621131,34.59248291587303],[-117.69981912473588,34.59275343702602],[-117.70014624883375,34.59275156057115],[-117.70014851845427,34.5930220816972],[-117.70080276868018,34.59301832612845],[-117.70080049693964,34.592747805047324],[-117.70145474492874,34.592744046011084],[-117.70145701878033,34.5930145670473],[-117.70178414379447,34.59301268619967],[-117.70178641874199,34.593283207208934],[-117.70244067078251,34.5932794428367],[-117.70243839371496,34.59300892186337],[-117.70276551863029,34.59300703838368],[-117.70276324052966,34.59273651741035],[-117.70309036435803,34.592734633077264],[-117.70308808522437,34.59246411211292],[-117.70374233067123,34.592460340841626],[-117.70374461191595,34.592730861761055],[-117.70407173565448,34.59272897478692],[-117.704067171063,34.59218793296603],[-117.70439429264557,34.59218604515645],[-117.70439657598337,34.59245656605792],[-117.70472369859901,34.592454677350034],[-117.7047214142012,34.59218415647552],[-117.70504853572089,34.592182266905255]],[[-117.7048974020346,34.61301422858128],[-117.70489511531915,34.61274370862304],[-117.70391350872697,34.61274937638163],[-117.70392035941408,34.61356093638209],[-117.70424756481846,34.61355904795269],[-117.70424528016913,34.613288527976486],[-117.70457248448655,34.61328663869368],[-117.70457019880415,34.61301611872646],[-117.7048974020346,34.61301422858128]],[[-117.70394548092676,34.61653665544656],[-117.70394091310135,34.61599561572772],[-117.70230483783095,34.61600504556784],[-117.70230939503828,34.61654608547532],[-117.70263661227347,34.61654420122308],[-117.70263889198206,34.61681472114538],[-117.70362054669698,34.61680906307063],[-117.70361826380835,34.61653854320223],[-117.70394548092676,34.61653665544656]],[[-117.70311899125865,34.63493764154884],[-117.70310529485214,34.63331452685695],[-117.70277801181534,34.63331641315735],[-117.7027802934104,34.633586932325066],[-117.7024530092687,34.63358881776308],[-117.70245757042862,34.63412985609852],[-117.70213028413993,34.6341317407011],[-117.70213712291537,34.634943298159335],[-117.70311899125865,34.63493764154884]],[[-117.70279969375068,34.59706485144751],[-117.70278830128929,34.59571224738935],[-117.70180689463515,34.59571789578026],[-117.70180916988811,34.59598841667274],[-117.70148203322282,34.59599029772698],[-117.70148658168954,34.59653133951194],[-117.70181372048384,34.59652945841279],[-117.70182282203463,34.597611541758134],[-117.7024771080135,34.59760777678403],[-117.70247255293516,34.59706673521467],[-117.70279969375068,34.59706485144751]],[[-117.70248849623482,34.59896038050084],[-117.70248621852947,34.598689859779036],[-117.70150477679613,34.598695506157725],[-117.70150705132144,34.598966026942406],[-117.70248849623482,34.59896038050084]],[[-117.70218639306529,34.601937990851354],[-117.7021818391368,34.60139694962335],[-117.70185468128923,34.60139883194421],[-117.70185923309771,34.601939873199164],[-117.70218639306529,34.601937990851354]],[[-117.70089623998449,34.64306639888102],[-117.70089396370746,34.64279588002771],[-117.70056664325584,34.64279776084839],[-117.70056891848185,34.64306827971966],[-117.70089623998449,34.64306639888102]],[[-117.70055071756316,34.640904128408124],[-117.70054616764116,34.64036309045896],[-117.70021885672966,34.64036497021963],[-117.70021658287807,34.64009445121361],[-117.69890734317565,34.64010196142583],[-117.69890961277821,34.640372480512696],[-117.69825499062281,34.64037623038612],[-117.69825272314029,34.64010571126332],[-117.69858003317145,34.640103836784746],[-117.69857776466485,34.639833317661946],[-117.69661391040678,34.63984455124729],[-117.69661164829618,34.63957403200771],[-117.69628434021436,34.63957590117724],[-117.69628660125596,34.63984642044377],[-117.69595929207821,34.63984828875091],[-117.69596155208676,34.64011880802643],[-117.69563424181305,34.64012067547119],[-117.69563650078852,34.640391194746705],[-117.69530918941888,34.64039306134705],[-117.69531144737027,34.640663580622565],[-117.69498413490469,34.64066544636052],[-117.69498864875932,34.64120648492054],[-117.69466133414676,34.641208349814086],[-117.69466584599816,34.64174938836511],[-117.69499316273973,34.64174752343563],[-117.69499541976586,34.64201804267521],[-117.6956500552792,34.64201431014826],[-117.69565231447028,34.64228482933394],[-117.69597963324205,34.64228296173646],[-117.69598415383405,34.642824000035965],[-117.69631147469889,34.64282213152221],[-117.6963137361088,34.64309265063603],[-117.69762302352973,34.64308516770564],[-117.6976162266607,34.64227361054385],[-117.6979435452528,34.64227173767327],[-117.69794127862367,34.642001218613345],[-117.69892323104028,34.64199559478238],[-117.69892550084944,34.642266113779414],[-117.69958013776416,34.64226236013307],[-117.69957786582599,34.64199184116298],[-117.7002325004949,34.64198808404015],[-117.70022340453163,34.640906008213705],[-117.70055071756316,34.640904128408124]],[[-117.69957526867971,34.524579851529715],[-117.69957300670386,34.52430932733143],[-117.69924615038481,34.52431119902523],[-117.69924388949592,34.5240406748],[-117.69891703420095,34.52404254559547],[-117.69891477439901,34.52377202134329],[-117.6985879201371,34.52377389124045],[-117.69858566142213,34.52350336695234],[-117.69825880817531,34.52350523596017],[-117.6982565505473,34.52323471164511],[-117.69792969833355,34.523236579754624],[-117.6979274417925,34.52296605541261],[-117.69760059060283,34.522967922632795],[-117.6975960797216,34.52242687386792],[-117.69726923062501,34.522428740171826],[-117.69726697628484,34.52215821575795],[-117.69628643195946,34.522163809369594],[-117.69628868312859,34.52243433384635],[-117.69563498464792,34.5224380585939],[-117.6956394828539,34.522979107583346],[-117.69596633422326,34.522977245609326],[-117.69596858442219,34.52324777006812],[-117.6962954368156,34.52324590720477],[-117.69630219077213,34.5240574804464],[-117.69662904630964,34.524055616648795],[-117.69663129874539,34.52432614101776],[-117.69728501183266,34.52432241076354],[-117.69728726641537,34.52459293508759],[-117.6976141239741,34.52459106863097],[-117.69762089106399,34.52540264146836],[-117.69892833366872,34.52539516666773],[-117.6989238137864,34.52485411828015],[-117.69925067225242,34.52485224743077],[-117.69924841130064,34.524581723232494],[-117.69957526867971,34.524579851529715]],[[-117.69795903612496,34.52675339514077],[-117.69795677918864,34.526482870951476],[-117.69762991426373,34.526484738414204],[-117.69763217014003,34.52675526262147],[-117.69795903612496,34.52675339514077]],[[-117.69658625572583,34.518915651284935],[-117.69658175208504,34.518374602043956],[-117.6962549187359,34.5183764654463],[-117.69624816666585,34.5175648914411],[-117.69592133646083,34.51756675390919],[-117.69592358606688,34.517837278610536],[-117.6955967547659,34.51783914022523],[-117.69559900334787,34.51810966493555],[-117.69527217095994,34.518111525696845],[-117.69527666609368,34.518652575108504],[-117.69560350059265,34.51865071431128],[-117.69560574925548,34.51892123897668],[-117.69658625572583,34.518915651284935]],[[-117.692748166053,34.60794368520224],[-117.69274367232062,34.607402643417274],[-117.69241649026345,34.60740450071107],[-117.69241424450219,34.60713397978266],[-117.6920870634781,34.60713583617814],[-117.69208481880379,34.60686531522278],[-117.69175763880378,34.606867170719944],[-117.69175539523441,34.60659664973763],[-117.69044667917792,34.6066040628779],[-117.69044443987555,34.60633354180576],[-117.689135727592,34.60634094084248],[-117.68913796264535,34.60661146199547],[-117.68815642493598,34.60661700211244],[-117.68815865684523,34.60688752330137],[-117.68750429609959,34.60689121236783],[-117.68750875574987,34.607432254790595],[-117.6871815732166,34.607434098043726],[-117.68719048863647,34.608516182808415],[-117.68751767542776,34.60851433948341],[-117.68752213543738,34.60905538176245],[-117.68784932431277,34.60905353751219],[-117.6878515554225,34.60932405862027],[-117.68817874533093,34.609322213480674],[-117.68818097753662,34.60959273455282],[-117.68948974110499,34.60958534514604],[-117.68948750465925,34.609314824154744],[-117.69014188414376,34.60931112422765],[-117.69013964560496,34.60904060325432],[-117.69079402285264,34.60903689985973],[-117.69078954161583,34.60849585795798],[-117.69111672807475,34.6084940049761],[-117.69111448643675,34.608223484029715],[-117.69242322771792,34.60821606341546],[-117.69242098186683,34.607945542522984],[-117.692748166053,34.60794368520224]],[[-117.69169753160286,34.63906093827549],[-117.69168854747983,34.637978859960704],[-117.6913612453179,34.63798071585313],[-117.69135900042802,34.63771019621829],[-117.69037709695162,34.6377157585506],[-117.6903748552777,34.63744523885288],[-117.6897202549334,34.63744894265171],[-117.68971801541544,34.637178422900085],[-117.68939071626288,34.6371802734655],[-117.68938847783187,34.636909753686936],[-117.68873388156592,34.63691345213181],[-117.68873611786793,34.637183971946314],[-117.68808151934721,34.63718766692369],[-117.68808375355614,34.637458186756156],[-117.68841105389447,34.63745633969417],[-117.68841999526667,34.638538418844384],[-117.68874729982709,34.63853657083018],[-117.68874953630875,34.63880709056384],[-117.68907684189325,34.63880524165132],[-117.68907907947086,34.63907576135802],[-117.69169753160286,34.63906093827549]],[[-117.69039070557479,34.59984103240018],[-117.6903839899943,34.59902946823153],[-117.69005684059988,34.59903131880593],[-117.69005460319295,34.59876079737446],[-117.68972745484058,34.59876264705054],[-117.6897252185206,34.598492125592124],[-117.68907092384606,34.5984958222763],[-117.6890753922639,34.599036865265006],[-117.68776679405741,34.59904424826679],[-117.68777348417964,34.59985581287562],[-117.68744633137163,34.599857656488076],[-117.68745301858331,34.600669221043],[-117.68778017457137,34.600667377376645],[-117.68777571428326,34.60012633438794],[-117.68843002192949,34.60012264449502],[-117.68842778970584,34.599852123018636],[-117.69039070557479,34.59984103240018]],[[-117.68877280952876,34.60201444810012],[-117.68876834257516,34.601473405335994],[-117.68811402438271,34.601477097169266],[-117.68812071849347,34.6022886614008],[-117.68844788078769,34.602286815865945],[-117.68844564832149,34.60201629448837],[-117.68877280952876,34.60201444810012]],[[-117.68778686524158,34.60147894176987],[-117.68778240476483,34.60093789885303],[-117.68614661921907,34.60094710851607],[-117.68614884413942,34.60121763007331],[-117.68582168587864,34.601219469391815],[-117.6858194620183,34.60094894781661],[-117.68483799024528,34.6009544604631],[-117.68484465235804,34.60176602531447],[-117.68451749186045,34.601767861165484],[-117.68451971156158,34.60203838277662],[-117.68484687312817,34.60203654690764],[-117.68484909391627,34.602307068491825],[-117.68583058159844,34.60230155557584],[-117.68582835763031,34.60203103404555],[-117.68615551907114,34.60202919467314],[-117.68615774409929,34.60229971618546],[-117.6868120690201,34.60229603476367],[-117.68680984186297,34.60202551329626],[-117.68713700321396,34.60202367128281],[-117.68713477502374,34.60175314982438],[-117.68746193528777,34.60175130695753],[-117.6874597060645,34.601480785499106],[-117.68778686524158,34.60147894176987]],[[-117.68580167224054,34.59878477477483],[-117.68579722508582,34.598243731390866],[-117.68547007846719,34.598245569631395],[-117.68546563354927,34.59770452616658],[-117.68513848902373,34.597706363490836],[-117.68514071040471,34.5979768852457],[-117.68448641913477,34.597980557307054],[-117.68448863842268,34.59825107908887],[-117.68416149167828,34.59825291382597],[-117.68416592822392,34.598793957389596],[-117.68449307708833,34.59879212261656],[-117.68449529646607,34.59906264436244],[-117.6851495962161,34.59905897215736],[-117.6851518177498,34.59932949385832],[-117.6854789686444,34.599327656426276],[-117.68547452349291,34.598786613051296],[-117.68580167224054,34.59878477477483]],[[-117.68289276121614,34.60312963565726],[-117.68288390332438,34.602047548952214],[-117.68222957982289,34.60205120929055],[-117.68222736754184,34.601780687544675],[-117.68124588524955,34.60178617140914],[-117.68124367618448,34.60151564960037],[-117.6809165164235,34.60151747577653],[-117.68091872442857,34.60178799760326],[-117.68059156357165,34.601789822935004],[-117.68059377055263,34.60206034476173],[-117.68026660860875,34.60206216923109],[-117.6802732265244,34.60287373471128],[-117.68092755674529,34.6028700847934],[-117.68093418129051,34.60368165005799],[-117.68224285411107,34.60367433947838],[-117.68224064165035,34.603403817813344],[-117.68256780872362,34.603401987999014],[-117.68256559523883,34.60313146633398],[-117.68289276121614,34.60312963565726]],[[-117.67888470864763,34.55283245041054],[-117.67888031388264,34.55229140216669],[-117.6785533467564,34.55229321976394],[-117.67855773940136,34.55283426804372],[-117.67888470864763,34.55283245041054]],[[-117.67769530565039,34.56744800383614],[-117.67768872152038,34.566636433199626],[-117.67736169816858,34.56663824826362],[-117.6773595045725,34.5663677246762],[-117.67670545991705,34.56637135212721],[-117.67670765139312,34.56664187575057],[-117.67638062795149,34.56664368817352],[-117.67638281840347,34.566914211805866],[-117.67572876932832,34.5669178340736],[-117.67573095768724,34.567188357732896],[-117.67540393204473,34.5671901675687],[-117.67540611937956,34.56746069122799],[-117.6750790926501,34.5674625002104],[-117.67508127895186,34.56773302387867],[-117.67442722328308,34.56773663924734],[-117.67442940750075,34.56800716293359],[-117.67377534960414,34.56801077483477],[-117.67377753172876,34.56828129855694],[-117.6727964414882,34.56828670989143],[-117.67279862045973,34.56855723364954],[-117.67247158926563,34.56855903569695],[-117.67247376721308,34.568829559455054],[-117.67149267027109,34.56883496038706],[-117.67149049550369,34.56856443657505],[-117.67116346419282,34.56856623511005],[-117.6711656379002,34.568836758949004],[-117.67083860550237,34.568838556630595],[-117.6708407781767,34.56910908046955],[-117.67018671117117,34.5691126732456],[-117.6701953937028,34.57019476863736],[-117.66986835592405,34.57019656378571],[-117.66987269523604,34.57073761143667],[-117.6701997351438,34.57073581626137],[-117.67020407669257,34.571276863831486],[-117.67053111868442,34.571275067739904],[-117.67052894683654,34.57100454397281],[-117.67085598773244,34.57100274702783],[-117.6708516419975,34.57046169950264],[-117.67117868075542,34.57045990170426],[-117.67117433301723,34.569918854170076],[-117.67379062506927,34.56990444059355],[-117.673788442774,34.56963391695222],[-117.67476954862725,34.569628497452044],[-117.67476736318787,34.56935797385563],[-117.67509439735538,34.569356165627816],[-117.67509002443744,34.56881511842601],[-117.67541705645797,34.56881330935377],[-117.67541486897942,34.56854278574838],[-117.67606893081962,34.568539165016766],[-117.67606674125697,34.568268641438316],[-117.67704783062615,34.5682632038281],[-117.6770434452306,34.56772215674308],[-117.67737047284041,34.56772034248757],[-117.67736827912753,34.56744981895404],[-117.67769530565039,34.56744800383614]],[[-117.67575646779314,34.6107443206595],[-117.67574989188272,34.60993275546677],[-117.67542269873135,34.609934567305814],[-117.67542050788411,34.60966404553299],[-117.67509331576582,34.60966585647372],[-117.67509112600553,34.60939533466495],[-117.6747639349203,34.609397144707366],[-117.67476174625595,34.60912662288064],[-117.67443455620379,34.60912843202474],[-117.67443674380812,34.60939895387842],[-117.67378236149393,34.60940256957947],[-117.67378673255237,34.60994361332276],[-117.67313234587236,34.60994722558326],[-117.67313889631555,34.61075879121616],[-117.67379328936461,34.61075517883888],[-117.6737954750196,34.611025700656626],[-117.67510426500742,34.61101846531092],[-117.67510207509443,34.61074794356504],[-117.67575646779314,34.6107443206595]],[[-117.6706931020161,34.55071343160872],[-117.67068224875949,34.549360808155924],[-117.67035529253879,34.5493626036636],[-117.67035312302653,34.54909207891735],[-117.66871834679189,34.54910104323252],[-117.6687205110041,34.5493715680686],[-117.66839355461272,34.549373358330115],[-117.6684000442669,34.55018493281142],[-117.66872700382933,34.55018314250499],[-117.66873133252324,34.550724192060386],[-117.66905829417874,34.55072240084666],[-117.66906045963061,34.55099292559291],[-117.6693874223102,34.55099113347189],[-117.66938958884904,34.551261658191194],[-117.67004351623841,34.55125807129911],[-117.67004134758852,34.55098754662472],[-117.67036831018727,34.55098575188062],[-117.67036614050433,34.550715227206226],[-117.6706931020161,34.55071343160872]],[[-117.66977881135348,34.640535949388365],[-117.66977446133359,34.63999490791781],[-117.66911983815412,34.63999850136759],[-117.66912635685084,34.64081006366775],[-117.66945367164307,34.640808267324644],[-117.66945149764821,34.640537746584876],[-117.66977881135348,34.640535949388365]],[[-117.66845870280868,34.639190528807184],[-117.6684565321825,34.63892000794165],[-117.6681292247385,34.638921801526934],[-117.66813139430465,34.63919232240145],[-117.66845870280868,34.639190528807184]],[[-117.66587650900819,34.520710150366604],[-117.66586789834177,34.519628045237106],[-117.66554105801274,34.51962982652445],[-117.66553890646678,34.51935930018818],[-117.6652120671618,34.519361080577205],[-117.6652099167118,34.51909055422297],[-117.6648830784399,34.51909233371368],[-117.66487877973177,34.518551280924356],[-117.66520561589263,34.51854950146059],[-117.66519056391935,34.51665581643295],[-117.66551739266013,34.516654036223585],[-117.66551309024196,34.516112983281545],[-117.66583991684476,34.51611120223675],[-117.66583561243232,34.51557014927674],[-117.66518196342187,34.51557371043209],[-117.66517981337611,34.51530318389819],[-117.6648529898815,34.515304963146356],[-117.6648572879069,34.515846016232125],[-117.6645304622743,34.515847794635874],[-117.66453690635696,34.516659374228595],[-117.66388324866878,34.516662928529804],[-117.6638853946362,34.51693345507269],[-117.66257807470541,34.516940553245654],[-117.66259306772224,34.51883423919856],[-117.66390041723456,34.51882714051355],[-117.66390256343554,34.51909766695762],[-117.66455624013206,34.51909411234201],[-117.66456053683694,34.51963516512235],[-117.66423369639112,34.51963694290627],[-117.66423584373295,34.519907469296434],[-117.66456268523879,34.51990569149456],[-117.66456698212335,34.520446744194054],[-117.6648938257043,34.52044496548487],[-117.664895975247,34.52071549180318],[-117.66587650900819,34.520710150366604]],[[-117.66357787021478,34.519369969406945],[-117.66357572504685,34.519099442962876],[-117.66292204817067,34.51910299233232],[-117.66292419123653,34.51937351882131],[-117.66357787021478,34.519369969406945]],[[-117.66163394462315,34.521544819168426],[-117.66162752752588,34.520733239746384],[-117.66130068259746,34.52073500973292],[-117.66129854466996,34.52046448321698],[-117.66097170077461,34.520466252314186],[-117.66097383763311,34.52073677884809],[-117.6606469926508,34.520738547082914],[-117.66065340023489,34.521550126657665],[-117.66163394462315,34.521544819168426]],[[-117.73884810238427,34.530029854109465],[-117.73917497819677,34.53002787616294],[-117.73917019724605,34.52948683296762],[-117.73949707091157,34.52948485418567],[-117.73949228796658,34.52894381098137],[-117.73981915949412,34.52894183136397],[-117.73980958975937,34.52785974488351],[-117.7394827224629,34.52786172442005],[-117.73948033116558,34.52759120274603],[-117.73784599948023,34.527601087196565],[-117.7378555437208,34.52868317420704],[-117.73818241435002,34.528681198982405],[-117.73818480155103,34.528951720683374],[-117.73851167320433,34.52894974456941],[-117.73851883814906,34.529761309546544],[-117.73884571294646,34.52975933249834],[-117.73884810238427,34.530029854109465]],[[-117.71787374114383,34.59995296839549],[-117.7178760688494,34.6002234881561],[-117.71820322095674,34.600221562940675],[-117.71820089219115,34.59995104319804],[-117.71787374114383,34.59995296839549]],[[-117.81616412309786,34.54739287770243],[-117.81649106077734,34.547390691885745],[-117.81648841854464,34.54712017603281],[-117.81681535513714,34.54711798936273],[-117.81681271188934,34.54684747351878],[-117.8171396473859,34.546845285986315],[-117.81713435886907,34.54630425431638],[-117.81648049207108,34.54630862840215],[-117.81647784997311,34.5460381125043],[-117.81615091758472,34.546040298213185],[-117.81615355861368,34.54631081413798],[-117.8154996916001,34.54631518297759],[-117.81550233055395,34.546585698929334],[-117.81517539593773,34.54658788206005],[-117.81518067182425,34.54712891397253],[-117.8158345452608,34.54712454675888],[-117.81583190517506,34.546854030843065],[-117.81615884077942,34.54685184594266],[-117.81616412309786,34.54739287770243]],[[-117.73884810238427,34.530029854109465],[-117.73819435065148,34.53003380737045],[-117.73819673800519,34.53030432901752],[-117.73786986104285,34.53030630434995],[-117.73787224737248,34.530576826006],[-117.7375453693142,34.530578800485024],[-117.73754775461975,34.53084932214107],[-117.7372208754745,34.53085129577569],[-117.73722325975598,34.53112181744072],[-117.73591573862053,34.531129703283476],[-117.73591335857012,34.53085918153759],[-117.73362520275676,34.53087294795881],[-117.73362757541403,34.53114346983944],[-117.73330069483147,34.53114543299071],[-117.73330306645569,34.53141595488032],[-117.73362994809825,34.531413991711084],[-117.73363232081842,34.53168451357375],[-117.73395920348506,34.53168254950619],[-117.73395682971388,34.531412027661496],[-117.7346105928373,34.531408096948226],[-117.73461296871953,34.531678618748],[-117.73493985129635,34.53167665205737],[-117.73493747434512,34.531406130275556],[-117.73526435583497,34.53140416273152],[-117.73526673383722,34.53167468449537],[-117.73657426367735,34.53166680547981],[-117.73657664593762,34.531937327144846],[-117.7375572961564,34.5319314086485],[-117.73755968162365,34.53220193024166],[-117.73821345039748,34.53219798016071],[-117.73820867526784,34.531656937037255],[-117.73853555749432,34.53165496072567],[-117.73853078037939,34.53111391759323],[-117.73885766044991,34.5311119404462],[-117.73884810238427,34.530029854109465]],[[-117.7149780682055,34.605651171733285],[-117.71432372092559,34.60565500451223],[-117.71432603760884,34.6059255242369],[-117.71498038701775,34.605921691413045],[-117.7149780682055,34.605651171733285]],[[-117.81616412309786,34.54739287770243],[-117.81583718537348,34.547395062647745],[-117.8158398255221,34.54766557853661],[-117.8161667643065,34.54766339356434],[-117.81616412309786,34.54739287770243]],[[-117.7149780682055,34.605651171733285],[-117.71530524180052,34.60564925402778],[-117.71530988157201,34.6061902933334],[-117.71400117851417,34.60619795905298],[-117.71400580992234,34.60673899846638],[-117.7136786319615,34.60674091274033],[-117.71368094665048,34.60701143244703],[-117.71302658850098,34.607015258398775],[-117.713024275941,34.60674473865614],[-117.71236991979472,34.60674856105953],[-117.71237223024366,34.60701908084709],[-117.71204505106111,34.607020990746236],[-117.71204274167218,34.60675047094969],[-117.71106120713388,34.60675619534706],[-117.71106351334278,34.60702671520648],[-117.71008197533698,34.60703243177054],[-117.71007967232607,34.60676191184824],[-117.70844378034793,34.606771421818074],[-117.70844607806775,34.60704194183021],[-117.70811889851689,34.60704384121008],[-117.70811660186607,34.606773321171],[-117.70746224480351,34.606777117262745],[-117.70745995029966,34.60650659717874],[-117.70713277277899,34.60650849389062],[-117.70713506622283,34.606779013992586],[-117.70517199410992,34.60679037594718],[-117.70518114271447,34.60787245668741],[-117.70648987454537,34.607864885255005],[-117.70649445751638,34.60840592540504],[-117.70518571719641,34.60841349698117],[-117.70518800448679,34.60868401711907],[-117.70486081826144,34.60868590783918],[-117.70486310451875,34.60895642797708],[-117.70584466626703,34.608950753121796],[-117.70585153476772,34.60976231329294],[-117.70617872514329,34.60976041985992],[-117.7061810157664,34.610030939872054],[-117.70650820716605,34.610029045549695],[-117.70651049888512,34.61029956553488],[-117.7071648837146,34.61029577421319],[-117.70716717758962,34.610566294144476],[-117.70749437101946,34.61056439714514],[-117.70749896097038,34.611105436935844],[-117.70717176541154,34.61110733397111],[-117.70717405936742,34.611377853866465],[-117.70750125598627,34.61137595681323],[-117.70750814123157,34.612187516364536],[-117.70652654174506,34.61219320506285],[-117.7065288336977,34.61246372494922],[-117.7058744317643,34.612467513063926],[-117.70587672163285,34.61273803297725],[-117.70620392367752,34.612736139337606],[-117.70620621463303,34.613006659214996],[-117.70751502675533,34.61299907580805],[-117.70751732198683,34.613269595604585],[-117.70784452599881,34.61326769753625],[-117.70784682232623,34.613538217296856],[-117.70817402737129,34.61353631833919],[-117.70817632479466,34.613806838063866],[-117.7091579429212,34.61380113586387],[-117.7091556423178,34.613530616193096],[-117.7098100521384,34.6135268103726],[-117.70980774944192,34.61325629072878],[-117.71013495323831,34.61325438652495],[-117.71013264951775,34.61298386689011],[-117.70980544678136,34.61298577107597],[-117.70980084154111,34.61244473172544],[-117.71012804215746,34.612442827575514],[-117.71012343492295,34.611901788216],[-117.71045063338336,34.61189988322166],[-117.71044832875549,34.61162936354191],[-117.71077552612893,34.61162745770315],[-117.71077091483403,34.61108641834364],[-117.71044371958062,34.611088324146465],[-117.71043911053151,34.6105472847061],[-117.71011191738015,34.610549189592646],[-117.71010731056785,34.610008150062455],[-117.7091257372852,34.61001385935914],[-117.70913033771947,34.61055489900611],[-117.70814875778929,34.61056060052339],[-117.70814416372409,34.61001956075963],[-117.70847135493509,34.61001766117315],[-117.70846905689187,34.60974714129577],[-117.70945062717414,34.609741437317105],[-117.70944372365712,34.608929877774784],[-117.71075247087614,34.6089222604205],[-117.71075016552065,34.60865174062396],[-117.71173172243599,34.608646018454415],[-117.7117294139274,34.60837549871178],[-117.71205659844595,34.608373589585185],[-117.7120542889043,34.60810306984255],[-117.71303583908228,34.608097337261526],[-117.71303352638755,34.607826817563804],[-117.7133607086603,34.60782490496972],[-117.71336302241505,34.60809542464049],[-117.71499893860279,34.608085848401934],[-117.71500357680223,34.608626887536865],[-117.71533076207537,34.60862496961577],[-117.71533308228001,34.60889548914281],[-117.71566026857722,34.608893570323396],[-117.71566258987781,34.609164089823494],[-117.71697133900128,34.609156405715396],[-117.71696901346064,34.60888588629616],[-117.71729619959615,34.608883963092964],[-117.71729154647569,34.608342924263454],[-117.71761873046422,34.60834100022483],[-117.71761407534952,34.60779996138634],[-117.71794125718209,34.607798036503304],[-117.71793427155906,34.606986478209635],[-117.71826145017567,34.606984552509125],[-117.71825446165107,34.60617299416156],[-117.71792728620551,34.60617491979919],[-117.71792262946484,34.605633880807986],[-117.71759545611235,34.60563580552933],[-117.71759080161746,34.605094766439315],[-117.71791797284095,34.6050928417539],[-117.71791331635181,34.604551802663885],[-117.71824048541933,34.604549877143036],[-117.71823815615967,34.60427935758904],[-117.71889249209384,34.60427550395122],[-117.71888782942429,34.603734464906125],[-117.71921499522195,34.603732536807115],[-117.71921033054915,34.60319149774404],[-117.71888316687152,34.60319342579814],[-117.71887850444452,34.60265238665422],[-117.71855134285995,34.60265431379204],[-117.71854901275587,34.60238379418414],[-117.71789469160797,34.60238764580075],[-117.71789701959203,34.60265816544458],[-117.71724269619834,34.602662013593694],[-117.71723339293085,34.601579934757886],[-117.71788770784444,34.60157608677047],[-117.71789003572968,34.60184660645921],[-117.7182171941971,34.60184468112701],[-117.71820787857776,34.60076260238104],[-117.71788072435041,34.600764527632386],[-117.7178830521548,34.60103504735706],[-117.7175558968315,34.60103697175501],[-117.7175535700961,34.60076645201237],[-117.71657210714454,34.60077221987922],[-117.71656978361612,34.60050170006471],[-117.71591547694906,34.600505540883574],[-117.71593637069358,34.60294021910631],[-117.71495488181664,34.602945974279955],[-117.71495720032347,34.60321649408548],[-117.7146300362416,34.60321841073995],[-117.71462771880377,34.60294789091646],[-117.71331906641089,34.602955548694936],[-117.71332369283341,34.60349658846767],[-117.71365085810106,34.603494675307644],[-117.71366011556346,34.60457675464651],[-117.71333294605577,34.60457866788738],[-117.7133375728466,34.60511970752537],[-117.7139919160751,34.60511588008242],[-117.7139896005417,34.60484536031284],[-117.71431677104651,34.6048434452933],[-117.71431908763994,34.605113965044914],[-117.71497343067979,34.60511013234682],[-117.7149780682055,34.605651171733285]],[[-117.79992852323014,34.5591332705814],[-117.79993111303716,34.55940378700925],[-117.80123905675809,34.559395209733225],[-117.80124165083213,34.55966572606226],[-117.80254959823614,34.55965713469167],[-117.80255479495413,34.56019816713415],[-117.80288178383758,34.560196017061436],[-117.8028791844006,34.559925500867145],[-117.8032061721881,34.55992334993204],[-117.80320877268508,34.56019386610837],[-117.80353576149666,34.56019171428394],[-117.8035383630806,34.56046223041535],[-117.80321137320901,34.56046438226673],[-117.80321657436468,34.5610054145565],[-117.80419755022274,34.56099895625351],[-117.80418713534398,34.559916891889564],[-117.80353315993966,34.55992119812558],[-117.80352795694246,34.55938016579089],[-117.80385494254705,34.559378013157975],[-117.80384973756456,34.558836980805324],[-117.80417672102217,34.55883482733697],[-117.80416891063791,34.55802327879901],[-117.80482287108528,34.55801896935601],[-117.8048202655757,34.557748453197654],[-117.80449328642999,34.55775060833687],[-117.80449068201635,34.557480092133595],[-117.80350974754367,34.55748655222423],[-117.80350714633703,34.55721603594909],[-117.8031801691676,34.55721818753996],[-117.8031775690569,34.55694767122888],[-117.8012157116549,34.55696056225084],[-117.80120014980686,34.555337463369305],[-117.800873179806,34.555339608680946],[-117.80086540251567,34.55452805902009],[-117.80053843564993,34.55453020338851],[-117.80053325308938,34.55398917017347],[-117.80020628830775,34.5539913136256],[-117.8002036981324,34.553720796973174],[-117.79954977058134,34.55372508120944],[-117.79955494672791,34.55426611457719],[-117.79922798077845,34.554268255415224],[-117.79923056784563,34.55453877210359],[-117.79792269949334,34.55454732681394],[-117.79792786526437,34.55508836032542],[-117.79727392664606,34.55509263251528],[-117.79727650746995,34.55536314929348],[-117.79760347785708,34.555361013620754],[-117.79762155198755,34.55725463058305],[-117.79729457418931,34.55725676641747],[-117.79729715529166,34.55752728309685],[-117.79631621853727,34.557533685389885],[-117.79631879649551,34.557804202123165],[-117.79599181644251,34.55780633449907],[-117.79599697034679,34.55834736797462],[-117.79893980856556,34.5583281447372],[-117.79894239509375,34.55859866126388],[-117.79926937801237,34.558596520955845],[-117.79927196562751,34.55886703744658],[-117.79959894956124,34.558864896231256],[-117.79960153827233,34.55913541269504],[-117.79992852323014,34.5591332705814]],[[-117.82388799289707,34.5348964580091],[-117.82388532797292,34.534625942102274],[-117.82290466633656,34.53463255420582],[-117.82290200461938,34.53436203821814],[-117.8225751183954,34.53436424048297],[-117.82257777906155,34.53463475648862],[-117.82192400438578,34.53463915843114],[-117.82192666296783,34.53490967447272],[-117.82258043975465,34.53490527248528],[-117.82258310048367,34.53517578846398],[-117.8222562110527,34.53517798992033],[-117.8222615305075,34.535719021886706],[-117.82193463892958,34.535721222507625],[-117.82194261520573,34.53653277044372],[-117.82063503584148,34.53654156444729],[-117.8206323812749,34.53627104839673],[-117.82030548740626,34.53627324468777],[-117.82030283393563,34.536002728601275],[-117.8193221552762,34.53600931216535],[-117.81932480557577,34.53627982832371],[-117.81899791156341,34.53628202111131],[-117.81900056083892,34.53655253727866],[-117.81867366573958,34.53655472922185],[-117.81867101751511,34.53628421303654],[-117.81834412343088,34.536286404081416],[-117.81833882920975,34.53574537162995],[-117.81866572117396,34.535743180629986],[-117.81866307305728,34.53547266440874],[-117.81898996393453,34.53547047255538],[-117.81898731479377,34.53519995634313],[-117.81931420458406,34.53519776363637],[-117.81931685477585,34.53546827982167],[-117.81997063635966,34.53546389174914],[-117.81995737515994,34.53411131089446],[-117.82061114602685,34.53410691953409],[-117.82060849178366,34.53383640337573],[-117.82126226038682,34.53383200855685],[-117.82124897911874,34.53247942778302],[-117.82092210011722,34.53248162552034],[-117.82091678996896,34.531940593077856],[-117.82058991304255,34.5319427898989],[-117.82058725907784,34.53167227363274],[-117.82026038317551,34.53167446955547],[-117.82025507746494,34.53113343695129],[-117.81960132978354,34.531137826074854],[-117.81960398050533,34.531408342430844],[-117.81895023056917,34.531412728095894],[-117.81894758195841,34.53114221170397],[-117.81862070799644,34.531144403198006],[-117.81861276555084,34.530332853878505],[-117.81730528201886,34.530341610871496],[-117.81730263883395,34.530071094317876],[-117.81697576891439,34.530073281356266],[-117.81697312682542,34.529802764766714],[-117.81664625793893,34.52980495090679],[-117.81663833504066,34.52899340100338],[-117.815984603493,34.528997770534694],[-117.81597932596259,34.52845673712203],[-117.81532559850227,34.528461103060074],[-117.81533614523575,34.52954317002015],[-117.8150092772296,34.52954535176746],[-117.81501454869641,34.53008638521606],[-117.81468767853431,34.530088566136925],[-117.81470085252558,34.53144114965961],[-117.81502772796978,34.531438968630944],[-117.81504090813247,34.532791551740395],[-117.81536778882281,34.53278936973257],[-117.81537042601597,34.53305988629517],[-117.81602418941789,34.53305551960254],[-117.81603210755509,34.53386706909272],[-117.81537833781107,34.53387143591112],[-117.81538888736524,34.53495350190101],[-117.81604266555343,34.53494913490295],[-117.8160532241267,34.53603120051556],[-117.81670701064226,34.536026829843394],[-117.81671493628039,34.53683837879458],[-117.81704183265532,34.536836192088565],[-117.81704447566058,34.53710670835472],[-117.8176982704137,34.53710233225673],[-117.81771678725191,34.53899594550898],[-117.81804369198117,34.53899375599124],[-117.81804633844494,34.5392642720957],[-117.81935396122478,34.539255505203286],[-117.81935661194656,34.53952602120893],[-117.82001042524091,34.53952163247164],[-117.82003164923307,34.54168575973528],[-117.82035856429296,34.54168356387543],[-117.8203612185092,34.5419540797104],[-117.82232271442015,34.54194088603704],[-117.82232537501443,34.54221140172828],[-117.82297920882628,34.54220699679437],[-117.82298187156753,34.54247751242272],[-117.82363570734671,34.542473103940466],[-117.82363304248544,34.54220258835703],[-117.82559454261848,34.54218934205137],[-117.82559721382185,34.54245985750905],[-117.82657796658332,34.54245322247151],[-117.82658064099367,34.542723737848334],[-117.82723447810235,34.54271931007027],[-117.82723715466868,34.54298982539319],[-117.82756407422913,34.54298761016567],[-117.82756675188242,34.54325812545267],[-117.82789367246694,34.543255909335805],[-117.82789635121617,34.543526424577884],[-117.82887711591624,34.54351977090031],[-117.82887443398698,34.543249255721115],[-117.82920135442778,34.54324703610082],[-117.82919867148343,34.542976520930615],[-117.8298525101372,34.54297207911188],[-117.82984714012522,34.54243104882535],[-117.82952022292733,34.542433270125485],[-117.82951753903076,34.5421627549373],[-117.82919062286594,34.54216497534811],[-117.82918794005633,34.54189446012399],[-117.8288610249066,34.54189667963648],[-117.82885566152417,34.54135564911639],[-117.82852874845855,34.54135786770362],[-117.82852338733089,34.54081683708471],[-117.82819647634037,34.54081905475565],[-117.82819379689046,34.540548539405776],[-117.82753997691265,34.54055297207967],[-117.8275372996187,34.54028245667589],[-117.82622966346295,34.540291311423545],[-117.82623233653483,34.54056182691715],[-117.82557851613481,34.54056624908075],[-117.8255811871226,34.54083676461029],[-117.82460045307305,34.54084339136536],[-117.82459244972166,34.54003184455216],[-117.8249193579364,34.54002963657404],[-117.82491402043443,34.53948860534428],[-117.82524092649321,34.539486396539715],[-117.82523558701496,34.53894536530996],[-117.82556249092676,34.538943155669955],[-117.82555982018152,34.538672640059566],[-117.82621362578628,34.538668218201394],[-117.82621095296594,34.53839770262694],[-117.82686475630695,34.53839327731025],[-117.82686208141149,34.53812276176274],[-117.82751588249774,34.53811833299653],[-117.82751320551819,34.53784781748496],[-117.82784010494738,34.53784560180828],[-117.82783742695274,34.53757508630569],[-117.82816432528601,34.5375728697756],[-117.82815896727551,34.537031838779406],[-117.82848586347079,34.537029621422874],[-117.82847514364992,34.5359475593676],[-117.8281482516947,34.5359497766343],[-117.82814557288259,34.53567926106883],[-117.82716489995441,34.5356859075509],[-117.82716222434928,34.53541539190458],[-117.82618155427774,34.535422030454534],[-117.82618422670284,34.53569254616373],[-117.8258573355561,34.53569475728596],[-117.82585466418203,34.535424241549805],[-117.82552777405039,34.5354264517827],[-117.82552510376328,34.53515593601061],[-117.82421754710845,34.53516476806682],[-117.82421488108835,34.534894252195926],[-117.82388799289707,34.5348964580091]],[[-117.71787374114383,34.59995296839549],[-117.71787141347419,34.59968244861692],[-117.71852571340388,34.59967859739557],[-117.71851872420554,34.59886703811375],[-117.71884587094993,34.59886511124544],[-117.71884120951107,34.59832407170626],[-117.71818692024438,34.598327924499664],[-117.71818924883031,34.59859844431417],[-117.71786210308305,34.59860036941281],[-117.71785977556611,34.59832984957135],[-117.71753263085192,34.59833177378066],[-117.71753030443092,34.598061253912256],[-117.71720316074979,34.598063177214264],[-117.71720083540679,34.59779265731891],[-117.71621940736375,34.59779842191589],[-117.7162170852367,34.597527901948666],[-117.7145813765059,34.59753749197637],[-117.71459064397553,34.59861957215066],[-117.71491779002821,34.59861765582856],[-117.71492010803199,34.59888817582273],[-117.71557440215858,34.598884340492575],[-117.7155767223183,34.59915486044183],[-117.7159038703922,34.59915294144275],[-117.7159108342311,34.59996450113779],[-117.71656513665812,34.59996066039977],[-117.7165628132285,34.599690140549335],[-117.71754426345993,34.59968437291606],[-117.71754659006956,34.599954892712596],[-117.71787374114383,34.59995296839549]]],[[[-117.82388799289707,34.5348964580091],[-117.82290732808966,34.53490307017553],[-117.82291265170366,34.535444102079026],[-117.82356643250593,34.535439694755595],[-117.8235877452786,34.53760382153415],[-117.82424154285242,34.53759941035694],[-117.82423887651791,34.53732889459384],[-117.8245657741954,34.53732668771167],[-117.8245631068368,34.53705617196653],[-117.82489000341836,34.53705396423096],[-117.8248873350357,34.53678344848582],[-117.82521423053028,34.53678123990583],[-117.82521156112352,34.53651072416968],[-117.82553845552216,34.53650851473629],[-117.82553311471442,34.53596748328195],[-117.82487933011227,34.53597190119652],[-117.82487666187332,34.53570138540647],[-117.82389598787614,34.53570800564875],[-117.82388799289707,34.5348964580091]]],[[[-117.79992852323014,34.5591332705814],[-117.80025550816099,34.559131127605376],[-117.80025291732987,34.5588606111865],[-117.79992593345904,34.55886275414456],[-117.79992852323014,34.5591332705814]]],[[[-117.67045295028876,34.561536204641676],[-117.67012594642142,34.56153800008647],[-117.67012160694775,34.56099695163601],[-117.66914060151714,34.561002332607444],[-117.66914926787013,34.562084429670065],[-117.66784124328285,34.56209159231511],[-117.66785205570206,34.56344421373772],[-117.66752504419004,34.56344600229243],[-117.66752936724252,34.56398705081476],[-117.66687533989762,34.563990625381955],[-117.66687749934874,34.564261149661085],[-117.66818555816182,34.56425399694241],[-117.66818339447963,34.56398347273515],[-117.66851040804877,34.563981682383805],[-117.66850824333352,34.56371115818553],[-117.66883525581571,34.56370936698078],[-117.66882875866058,34.56289779436797],[-117.66915576794477,34.56289600233677],[-117.66916443510623,34.56397809905803],[-117.66949144859453,34.56397630608361],[-117.66948277719302,34.56289420943421],[-117.67013679560867,34.56289062098805],[-117.67012811620317,34.56180852429373],[-117.67045512113053,34.56180672883097],[-117.67045295028876,34.561536204641676]]]]},"id":"2_+5532+4353","properties":{"count":177545,"date":"2023-07-12","thr":1,"threshold":"TOP2"}},{"type":"Feature","geometry":{"geodesic":false,"type":"MultiPolygon","coordinates":[[[[-117.77089976320822,34.63804494226083],[-117.77090476960912,34.638585971855655],[-117.77188666567442,34.63857976108344],[-117.7718891721088,34.63885027579551],[-117.77254377144699,34.63884613085201],[-117.77253875435612,34.63830510148176],[-117.7728660518468,34.63830302772992],[-117.77286354228627,34.63803251305377],[-117.77089976320822,34.63804494226083]]],[[[-117.76791669201705,34.634005800446616],[-117.76398931791675,34.634030465444454],[-117.76399675913837,34.63484201167375],[-117.76530589711555,34.634833803811915],[-117.7653133513897,34.63564534968188],[-117.76564063898991,34.6356432954594],[-117.76564312487085,34.63591381070148],[-117.7662977021015,34.63590969957955],[-117.76630267822019,34.63645072995591],[-117.76532080596026,34.63645689544405],[-117.76532577583566,34.636997925892274],[-117.76565306874494,34.63699587157098],[-117.76565555479655,34.63726638675018],[-117.76761931794748,34.637254042227305],[-117.76762181040408,34.63752455728074],[-117.76893098941633,34.63751630994693],[-117.76893598293539,34.63805733984718],[-117.77089976320822,34.63804494226083],[-117.77089726006166,34.63777442744096],[-117.77155185109042,34.63777028792328],[-117.77154934585079,34.63749977313934],[-117.77187664026025,34.637497702082435],[-117.77187413398755,34.63722718730748],[-117.77220142729207,34.63722511539718],[-117.7721989199953,34.636954600622225],[-117.77252621220389,34.63695252785852],[-117.77252370387406,34.63668201309255],[-117.77350557713112,34.63667578958223],[-117.7735030656482,34.63640527487016],[-117.77383035560202,34.63640319862997],[-117.77382784308602,34.63613268392688],[-117.77350055419222,34.6361347601491],[-117.77349804278117,34.635864245410076],[-117.77317075492043,34.63586632073398],[-117.77316824459633,34.63559580595903],[-117.77349553139706,34.63559373066207],[-117.77349302004889,34.63532321590508],[-117.77382030575367,34.63532113974575],[-117.77381779337243,34.635050624997746],[-117.77316322405595,34.63505477639115],[-117.77316071383964,34.634784261580265],[-117.77283343019201,34.63478633594297],[-117.77282841197825,34.634245306249326],[-117.77217384883319,34.63424945224386],[-117.77215630100768,34.63235584766035],[-117.7718290268193,34.63235791919336],[-117.77182652118442,34.632087404184844],[-117.77117197483786,34.63209154458287],[-117.77116947135893,34.63182102952045],[-117.77084219919176,34.631823098376486],[-117.77083969680876,34.631552583278136],[-117.77051242567467,34.63155465124484],[-117.77051492699763,34.63182516636115],[-117.76986038251059,34.631829299689436],[-117.7698628817405,34.63209981484169],[-117.76920833498968,34.63210394470247],[-117.76920583787981,34.631833429514295],[-117.76887856552399,34.6318354931062],[-117.76887606951006,34.631564977882086],[-117.76854879817833,34.631567040575675],[-117.76855129312327,34.631837555817754],[-117.76822402069558,34.631839617657945],[-117.76822651461644,34.632110132909006],[-117.76789924109282,34.63211219388681],[-117.76791669201705,34.634005800446616]],[[-117.76791669201705,34.634005800446616],[-117.7679266647091,34.63508786107357],[-117.76956309042127,34.63507754625815],[-117.76956059189206,34.634807031222685],[-117.76988787587207,34.6348049656455],[-117.76988537630979,34.63453445061902],[-117.77184907311116,34.634522038839286],[-117.77184406133831,34.633981009001914],[-117.76988037728405,34.633993420530125],[-117.76987037962782,34.632911360208595],[-117.76888854989413,34.6329175538679],[-117.76889853480327,34.63399961444095],[-117.76791669201705,34.634005800446616]],[[-117.76761931794748,34.637254042227305],[-117.76892849271069,34.63724579498333],[-117.76891850621155,34.63616373499418],[-117.76859121681468,34.636165798047095],[-117.76858872133076,34.63589528299366],[-117.76826143297595,34.63589734513928],[-117.76826392739088,34.636167860210676],[-117.76760934843547,34.636171981914764],[-117.7676143331241,34.636713012093495],[-117.76728704147247,34.636715071669926],[-117.76728953280619,34.636985586759295],[-117.76761682551782,34.636983527164894],[-117.76761931794748,34.637254042227305]],[[-117.76629023817047,34.63509815393416],[-117.76628775025935,34.63482763869208],[-117.76596046591102,34.63482969461238],[-117.76596295276214,34.63510020987242],[-117.76629023817047,34.63509815393416]]]]},"id":"2_+5538+3871","properties":{"count":362,"date":"2023-07-12","thr":1,"threshold":"TOP2"}},{"type":"Feature","geometry":{"geodesic":false,"type":"Polygon","coordinates":[[[-117.76795658596527,34.63833404177764],[-117.76795409234983,34.638063526787086],[-117.7663176073758,34.63807382077956],[-117.76632009568219,34.6383443358779],[-117.76795658596527,34.63833404177764]]]},"id":"2_+5545+3847","properties":{"count":5,"date":"2023-07-12","thr":1,"threshold":"TOP2"}},{"type":"Feature","geometry":{"geodesic":false,"type":"Polygon","coordinates":[[[-117.7636619873052,34.490919979657335],[-117.76364965723621,34.48956737049674],[-117.76332294119807,34.48956941185534],[-117.76331801151329,34.48902836806713],[-117.76299129755026,34.48903040851844],[-117.76298883381278,34.48875988658391],[-117.76266212086486,34.488761926136895],[-117.76265965821435,34.48849140416644],[-117.76233294629948,34.48849344283009],[-117.76233048473594,34.48822292083268],[-117.76200377383616,34.488224958598025],[-117.76200131335958,34.48795443656468],[-117.76167460348387,34.48795647343171],[-117.76167706290943,34.48822699548301],[-117.76135035194676,34.488229031505625],[-117.76135526877665,34.488770075617225],[-117.76102855566702,34.4887721108044],[-117.76103347052063,34.48931315489803],[-117.76070675527299,34.489315189258754],[-117.76071658116236,34.49039727739213],[-117.76104330062309,34.490395242959536],[-117.76104575823403,34.490665764938974],[-117.76169919917669,34.4906616934058],[-117.76170165892563,34.49093221534033],[-117.7636619873052,34.490919979657335]]]},"id":"2_+5555+4402","properties":{"count":70,"date":"2023-07-12","thr":1,"threshold":"TOP2"}},{"type":"Feature","geometry":{"geodesic":false,"type":"Polygon","coordinates":[[[-117.76051021954648,34.503654875863724],[-117.76050530543847,34.50311383297383],[-117.76017853631888,34.50311586662489],[-117.7601760803698,34.50284534513952],[-117.75984931226532,34.50284737789226],[-117.75985176716335,34.5031178993956],[-117.75919822875349,34.503121962331896],[-117.75920068156744,34.50339248386218],[-117.75854714091179,34.50339654333997],[-117.75854959165063,34.50366706490618],[-117.75887636304296,34.50366503558501],[-117.7588812667305,34.50420607863659],[-117.75920804020691,34.50420404839914],[-117.75921049314664,34.50447456988451],[-117.7598640421117,34.50447050675058],[-117.75986158706095,34.50419998530114],[-117.76018836043856,34.5041979524406],[-117.76018344830685,34.503656909559695],[-117.76051021954648,34.503654875863724]]]},"id":"2_+5561+4347","properties":{"count":21,"date":"2023-07-12","thr":1,"threshold":"TOP2"}},{"type":"Feature","geometry":{"geodesic":false,"type":"Polygon","coordinates":[[[-117.76677688683024,34.65240904589268],[-117.76676692263625,34.65132698805949],[-117.76643957350143,34.65132904611777],[-117.76643459372659,34.650788017079904],[-117.76577989959819,34.65079213047457],[-117.76577741189367,34.65052161589725],[-117.76479537363404,34.65052777932824],[-117.76479288915448,34.650257264679055],[-117.76184678217301,34.65027570736133],[-117.76184925708552,34.65054622219019],[-117.76152191063666,34.650548267007295],[-117.76152438452509,34.65081878185412],[-117.76054234179186,34.650824911077265],[-117.76054728328948,34.651365940851754],[-117.75989258371729,34.65137002269759],[-117.7598950523865,34.65164053760729],[-117.75891299959214,34.65164665384081],[-117.75890560325037,34.6508351088961],[-117.75923295102874,34.65083307108585],[-117.75923048457837,34.65056255610428],[-117.75955783126078,34.650560517440624],[-117.75955536378633,34.65029000245906],[-117.75988270936382,34.650287962942],[-117.75988024086529,34.65001744796942],[-117.75857086258874,34.650025600701646],[-117.75857579112369,34.65056663079054],[-117.75824844435144,34.65056866682214],[-117.75825337089212,34.651109696902054],[-117.75792602195493,34.65111173208923],[-117.75793094650135,34.65165276216914],[-117.75825829756755,34.65165072693705],[-117.75826076095467,34.651921241936584],[-117.75858811304495,34.65191920580618],[-117.75859057752801,34.652189720778765],[-117.75924528373876,34.65218564584097],[-117.75924775038676,34.652456160750674],[-117.75957510450723,34.652454121943286],[-117.75958250781994,34.65326566655561],[-117.7599098650935,34.65326362680499],[-117.75991233399628,34.65353414163385],[-117.75958497565372,34.65353618140243],[-117.75958991142909,34.65407721105115],[-117.76122671343654,34.65406700322509],[-117.76122918669616,34.65433751792818],[-117.76155654805704,34.654335473703945],[-117.7615590224126,34.65460598838009],[-117.76188638480656,34.65460394325755],[-117.76188886024906,34.654874457897755],[-117.76254358707615,34.65487036497569],[-117.76254110950464,34.6545998503804],[-117.76286847179978,34.654597802625794],[-117.76286599319519,34.6543272880305],[-117.76352071556663,34.65432318991618],[-117.76352319630023,34.65459370446655],[-117.76319583406797,34.65459575398185],[-117.76320079349597,34.65513678309159],[-117.76287342909878,34.65513883176248],[-117.76288086530778,34.65595037539564],[-117.7622261300455,34.655954470231116],[-117.76222365339925,34.655683955662774],[-117.76156892013124,34.6556880469499],[-117.7615713946485,34.65595856156316],[-117.75993455557655,34.65596877450064],[-117.75994196336285,34.65678031857398],[-117.75961459226423,34.656782358585104],[-117.7596195288301,34.65732338794637],[-117.75994690205773,34.657321347890324],[-117.75995184087839,34.657862377161756],[-117.76027921619911,34.65786033618943],[-117.76028168671886,34.65813085078472],[-117.7606090630816,34.65812880891408],[-117.76061400634892,34.65866983802381],[-117.76094138479577,34.658667795236894],[-117.76094385754334,34.658938309751335],[-117.76225337526536,34.65893012971033],[-117.76225585229788,34.659200644134934],[-117.76258323271205,34.659198596910336],[-117.7625857108495,34.65946911129902],[-117.76324047369904,34.65946501416385],[-117.76324295399245,34.65973552850762],[-117.76389771883623,34.659731427815125],[-117.76389523641382,34.65946091351628],[-117.76454999899386,34.659456809347304],[-117.76454751447835,34.65918629508439],[-117.76487489465896,34.659184241706335],[-117.76486743812107,34.65837269888166],[-117.76519481507673,34.65837064468613],[-117.76519232856697,34.658100130414226],[-117.76584708025044,34.65809601941806],[-117.76583712603674,34.65701396235742],[-117.76550975447098,34.65701601821483],[-117.76549980503633,34.65593396087571],[-117.76582717235304,34.655931905099145],[-117.7658246840197,34.655661390755384],[-117.76516995147934,34.65566550137426],[-117.76516746529298,34.655394986976596],[-117.76484010004238,34.65539704094755],[-117.76483015991425,34.654314983150286],[-117.76450279887676,34.65431703616004],[-117.76450031499009,34.65404652166356],[-117.76351823486898,34.654052675356816],[-117.76351575420725,34.653782160788474],[-117.76384311321456,34.653780110455706],[-117.76384063152875,34.653509595887364],[-117.76351327358147,34.65351164620216],[-117.76351079298261,34.65324113159789],[-117.76318343606839,34.65324318101438],[-117.76318095656549,34.65297266638316],[-117.76612715804973,34.65295419022067],[-117.76612466900673,34.65268367576012],[-117.7664520234955,34.65268161848338],[-117.7664495334374,34.65241110403181],[-117.76677688683024,34.65240904589268]]]},"id":"2_+5569+3803","properties":{"count":509,"date":"2023-07-12","thr":1,"threshold":"TOP2"}},{"type":"Feature","geometry":{"geodesic":false,"type":"Polygon","coordinates":[[[-117.7589524517489,34.65597489171331],[-117.7589425879147,34.654892832541634],[-117.75861522416429,34.65489486977697],[-117.75861029456934,34.65435384007434],[-117.75795557120975,34.65435791182311],[-117.75795310859517,34.65408739691341],[-117.75729838722984,34.654091465104855],[-117.7573008477244,34.65436198005049],[-117.7569734859323,34.65436401284815],[-117.75697840488222,34.654905042757385],[-117.75665104093419,34.65490707471961],[-117.75665841641708,34.65571861954753],[-117.75633104924408,34.65572065069228],[-117.75634087943637,34.656802710376006],[-117.75601350796943,34.65680474072126],[-117.75601596453834,34.657075255630964],[-117.75634333706529,34.657073225267744],[-117.75634579472116,34.65734374014151],[-117.7573279153024,34.65733764370687],[-117.75732545444852,34.65706712889598],[-117.75765282684073,34.65706509501136],[-117.75765036496277,34.656794580200476],[-117.75797773625904,34.65679254546246],[-117.75797281046395,34.65625151584967],[-117.75830017960425,34.656249480276216],[-117.75829771569612,34.65597896546533],[-117.7589524517489,34.65597489171331]]]},"id":"2_+5573+3788","properties":{"count":65,"date":"2023-07-12","thr":1,"threshold":"TOP2"}},{"type":"Feature","geometry":{"geodesic":false,"type":"Polygon","coordinates":[[[-117.75206275617506,34.509117904670866],[-117.75206032589983,34.508847382942946],[-117.7517335337654,34.50884939429782],[-117.75173110457715,34.508578872533974],[-117.75107752231153,34.5085828925847],[-117.7510702412865,34.507771327113495],[-117.75139702926172,34.5077693175822],[-117.75139217329269,34.507228273919765],[-117.7510653874285,34.50723028340614],[-117.75106296054891,34.50695976152551],[-117.7500826059118,34.506965784684574],[-117.75009230096154,34.508047872341834],[-117.74976551180053,34.50804987838766],[-117.7497679345838,34.50832040029524],[-117.75009472480482,34.508318394222464],[-117.75009714867505,34.508588916094105],[-117.7507507311383,34.508584901298526],[-117.75076043540476,34.50966698850663],[-117.75043363997351,34.50966899642095],[-117.75043606506544,34.509939518211745],[-117.74978247198412,34.509943531471215],[-117.74978731804472,34.51048457509772],[-117.74946051934361,34.51048658045185],[-117.74946778550154,34.511298145869155],[-117.74914098360242,34.51130015040581],[-117.74914582576434,34.51184119399639],[-117.74881902171826,34.5118431977066],[-117.7488238618949,34.51238424127921],[-117.7498042802585,34.512378227408725],[-117.74980185699015,34.512107705689786],[-117.75012866199744,34.512105699338534],[-117.75011654084065,34.51075309064506],[-117.75077014019223,34.510749075517104],[-117.75076771394146,34.5104785537802],[-117.75174810955971,34.510472524593446],[-117.75173596298062,34.5091199160437],[-117.75206275617506,34.509117904670866]]]},"id":"2_+5591+4332","properties":{"count":71,"date":"2023-07-12","thr":1,"threshold":"TOP2"}},{"type":"Feature","geometry":{"geodesic":false,"type":"Polygon","coordinates":[[[-117.75149379822754,34.66386646439066],[-117.75149135573524,34.66359594949892],[-117.75083655861498,34.663599983958626],[-117.75083411828761,34.663329469021974],[-117.74985192554472,34.66333551405502],[-117.74985679985734,34.6638765440451],[-117.7495294000845,34.66387855734033],[-117.74953183622571,34.66414907233987],[-117.74985923705857,34.66414705902667],[-117.74986411156884,34.66468808895387],[-117.75019151449477,34.664686074715405],[-117.75019395286382,34.664956589643076],[-117.75084876075488,34.66495255849816],[-117.75084632025683,34.6646820436154],[-117.75117372309293,34.664680026744875],[-117.75116639861639,34.663868482078655],[-117.75149379822754,34.66386646439066]]]},"id":"2_+5596+3754","properties":{"count":23,"date":"2023-07-12","thr":1,"threshold":"TOP2"}},{"type":"Feature","geometry":{"geodesic":false,"type":"Polygon","coordinates":[[[-117.7478023597106,34.50779137429467],[-117.74779752696303,34.50725033018307],[-117.74747074073952,34.50725233005747],[-117.74746832547514,34.506981807961246],[-117.7471415402757,34.50698380693733],[-117.74714395448905,34.50725432905152],[-117.74681716819367,34.50725632717421],[-117.74681958138294,34.507526849297385],[-117.74714636872935,34.50752485115673],[-117.74715119731772,34.508065895322225],[-117.74747798673924,34.50806389626529],[-117.74747557137606,34.507793374205],[-117.7478023597106,34.50779137429467]]]},"id":"2_+5600+4332","properties":{"count":7,"date":"2023-07-12","thr":1,"threshold":"TOP2"}},{"type":"Feature","geometry":{"geodesic":false,"type":"Polygon","coordinates":[[[-117.75003552670795,34.64737309431758],[-117.75003309044995,34.647102578608376],[-117.74970575664936,34.647104591526315],[-117.74970332148732,34.646834075781186],[-117.74806665728141,34.64684412710276],[-117.74807394691231,34.64765567460766],[-117.7484012830036,34.64765366603757],[-117.74840371400646,34.64792418182762],[-117.7497130623152,34.64791613868986],[-117.74970819183838,34.64737510726247],[-117.75003552670795,34.64737309431758]]]},"id":"2_+5601+3815","properties":{"count":20,"date":"2023-07-12","thr":1,"threshold":"TOP2"}},{"type":"Feature","geometry":{"geodesic":false,"type":"Polygon","coordinates":[[[-117.74836968291295,34.644136959653],[-117.74836725235926,34.64386644369227],[-117.74803993114408,34.643868451974896],[-117.74804236063775,34.644138967953594],[-117.74836968291295,34.644136959653]]]},"id":"2_+5601+3826","properties":{"count":1,"date":"2023-07-12","thr":1,"threshold":"TOP2"}},{"type":"Feature","geometry":{"geodesic":false,"type":"Polygon","coordinates":[[[-117.74784827720416,34.51293129094289],[-117.74784586019705,34.51266076911616],[-117.74621182317709,34.512670761741816],[-117.74621423489312,34.51294128366737],[-117.74784827720416,34.51293129094289]]]},"id":"2_+5603+4311","properties":{"count":5,"date":"2023-07-12","thr":1,"threshold":"TOP2"}},{"type":"Feature","geometry":{"geodesic":false,"type":"Polygon","coordinates":[[[-117.7472800337407,34.48588104716669],[-117.74726797043542,34.484528431780774],[-117.74694127280375,34.48453042908599],[-117.74693886129434,34.484259905956705],[-117.74661216469575,34.484261902372594],[-117.7466097542733,34.483991379207374],[-117.74595636307035,34.48399536937115],[-117.74596117973809,34.484536415773455],[-117.74563448198066,34.48453840959321],[-117.74564411147135,34.48562050233494],[-117.74629751538545,34.485616513662364],[-117.74629992494552,34.485887036782664],[-117.7472800337407,34.48588104716669]]]},"id":"2_+5603+4417","properties":{"count":28,"date":"2023-07-12","thr":1,"threshold":"TOP2"}},{"type":"Feature","geometry":{"geodesic":false,"type":"Polygon","coordinates":[[[-117.74524585237329,34.514299878527275],[-117.74524344365763,34.51402935661071],[-117.7449166307811,34.5140313499903],[-117.74491903843675,34.51430187192483],[-117.74524585237329,34.514299878527275]]]},"id":"2_+5607+4306","properties":{"count":1,"date":"2023-07-12","thr":1,"threshold":"TOP2"}},{"type":"Feature","geometry":{"geodesic":false,"type":"Polygon","coordinates":[[[-117.74613174288804,34.650102350513734],[-117.74612447152886,34.6492908029729],[-117.74546978609615,34.64929480716837],[-117.74547705107727,34.65010635482598],[-117.74613174288804,34.650102350513734]]]},"id":"2_+5609+3806","properties":{"count":6,"date":"2023-07-12","thr":1,"threshold":"TOP2"}},{"type":"Feature","geometry":{"geodesic":false,"type":"Polygon","coordinates":[[[-117.73865204210009,34.02329632304477],[-117.7386473543316,34.022755234960634],[-117.73799751763649,34.02275913647866],[-117.7380022012817,34.02330022463466],[-117.73865204210009,34.02329632304477]]]},"id":"2_+5615+6122","properties":{"count":4,"date":"2023-07-12","thr":1,"threshold":"TOP2"}},{"type":"Feature","geometry":{"geodesic":false,"type":"Polygon","coordinates":[[[-117.74166048603577,34.515403846288216],[-117.74165808881855,34.515133324200974],[-117.74133127136061,34.51513530804045],[-117.74132168701027,34.51405321947589],[-117.74099487374747,34.514055202372134],[-117.740992478794,34.513784680177096],[-117.7403388542896,34.5137886432926],[-117.74033646148311,34.51351812105264],[-117.74000965023252,34.51352010128089],[-117.740012041988,34.51379062353881],[-117.73968522965045,34.51379260291366],[-117.73969001114015,34.514333647447465],[-117.74001682558874,34.51433166803669],[-117.74001921743404,34.51460219025868],[-117.74034603289772,34.51460020994958],[-117.74034842583895,34.51487073214462],[-117.74067524233568,34.51486875094619],[-117.7406776363549,34.5151392731053],[-117.74100445387573,34.51513729100856],[-117.7410068489819,34.51540781314071],[-117.74166048603577,34.515403846288216]]]},"id":"2_+5622+4308","properties":{"count":21,"date":"2023-07-12","thr":1,"threshold":"TOP2"}},{"type":"Feature","geometry":{"geodesic":false,"type":"Polygon","coordinates":[[[-117.73996421300528,34.50838017597291],[-117.73996182188763,34.508109653472445],[-117.73865466105745,34.50811756404582],[-117.73866182182502,34.508929131771794],[-117.73898861525304,34.508927155379354],[-117.73899100328947,34.50919767790677],[-117.73931779774155,34.50919570061602],[-117.7393154086451,34.508925178106566],[-117.73964220200124,34.50892319996241],[-117.73963742178714,34.50838215495249],[-117.73996421300528,34.50838017597291]]]},"id":"2_+5626+4328","properties":{"count":11,"date":"2023-07-12","thr":1,"threshold":"TOP2"}},{"type":"Feature","geometry":{"geodesic":false,"type":"Polygon","coordinates":[[[-117.73844481412199,34.52137513288199],[-117.7384376521327,34.520563566781966],[-117.73811081323198,34.520565542276096],[-117.73810842701913,34.520295020197835],[-117.73778158915147,34.52029699480263],[-117.73778635949309,34.52083803898609],[-117.73745951946947,34.52084001275545],[-117.73746905630792,34.5219221010595],[-117.73812274476339,34.52191815248772],[-117.7381179720592,34.521377108439005],[-117.73844481412199,34.52137513288199]]]},"id":"2_+5629+4283","properties":{"count":13,"date":"2023-07-12","thr":1,"threshold":"TOP2"}},{"type":"Feature","geometry":{"geodesic":false,"type":"Polygon","coordinates":[[[-117.73551274611059,34.52247497010841],[-117.7355103681263,34.52220444795829],[-117.735183522605,34.52220641569995],[-117.73518114570767,34.52193589352288],[-117.73420061212616,34.52194179145679],[-117.73420535960565,34.52248283592772],[-117.73485905292101,34.522478904765286],[-117.7348614288212,34.52274942695134],[-117.73518827648948,34.52274746003613],[-117.73518589952927,34.52247693787702],[-117.73551274611059,34.52247497010841]]]},"id":"2_+5640+4277","properties":{"count":8,"date":"2023-07-12","thr":1,"threshold":"TOP2"}},{"type":"Feature","geometry":{"geodesic":false,"type":"Polygon","coordinates":[[[-117.73366035692402,34.497596702284284],[-117.73365798713237,34.49732617891245],[-117.73333123859318,34.49732814047371],[-117.73333360732482,34.497598663863506],[-117.73366035692402,34.497596702284284]]]},"id":"2_+5642+4368","properties":{"count":1,"date":"2023-07-12","thr":1,"threshold":"TOP2"}},{"type":"Feature","geometry":{"geodesic":false,"type":"Polygon","coordinates":[[[-117.73279374315933,34.51058769463158],[-117.73246694280532,34.51058965453095],[-117.73246457571759,34.51031913167116],[-117.7318109770128,34.51032304881987],[-117.73181570699312,34.51086409461132],[-117.73148890548028,34.51086605191456],[-117.73149363347531,34.511407097697024],[-117.7318204370992,34.51140514035785],[-117.73182280219267,34.511675663217645],[-117.73149599751775,34.51167762057479],[-117.73150072569246,34.512218666285385],[-117.73117391887057,34.51222062281607],[-117.73117864506897,34.51276166851769],[-117.73085183610011,34.51276362421295],[-117.7308541981932,34.513034147063756],[-117.73118100821308,34.51303219135053],[-117.73118337138416,34.513302714174394],[-117.7315101824371,34.51330075757184],[-117.73151254669514,34.51357128035977],[-117.73183935876318,34.5135693228589],[-117.73183699344514,34.51329880008894],[-117.73216380442622,34.51329684173467],[-117.73216617080428,34.51356736448666],[-117.73249298280945,34.513565405243064],[-117.73249771776642,34.514106450666205],[-117.73282453185568,34.51410449050632],[-117.7328269004436,34.514375013177464],[-117.73609505013964,34.51435536329419],[-117.7360974293097,34.514625885758726],[-117.73707787676973,34.514619973685335],[-117.73708025914678,34.514890496078],[-117.7380607094904,34.514884576081464],[-117.7380583239423,34.51461405374269],[-117.73838513960361,34.51461207867976],[-117.73838275304041,34.51434155635896],[-117.73870956761475,34.51433958044262],[-117.7387071800185,34.51406905812182],[-117.73838036650416,34.51407103402019],[-117.73837320708405,34.51325946693201],[-117.73804639670485,34.513261441896134],[-117.73804401135438,34.512990919485496],[-117.73706358319015,34.51299683906881],[-117.73706120103769,34.5127263165953],[-117.73510035018897,34.51273813203741],[-117.73509797440556,34.51246760942915],[-117.73411755172107,34.51247350528795],[-117.73410568910842,34.511120891770524],[-117.73443249142075,34.51111892745144],[-117.73442299768347,34.51003683649736],[-117.73409619959321,34.51003880072662],[-117.73409382728627,34.50976827793869],[-117.73311343599791,34.509774165344346],[-117.73311106689795,34.50950364247557],[-117.73278427079296,34.50950560318343],[-117.7327866388329,34.50977612606119],[-117.73245984164096,34.50977808590666],[-117.73246220866581,34.510048608793404],[-117.73278900691776,34.510046648929965],[-117.73279374315933,34.51058769463158]],[[-117.73312528197376,34.511126779463645],[-117.73312765127133,34.511397302251574],[-117.73345445473352,34.511395340537604],[-117.73345208438491,34.511124817776626],[-117.73312528197376,34.511126779463645]],[[-117.73312528197376,34.511126779463645],[-117.7331205434864,34.51058573385186],[-117.73279374315933,34.51058769463158],[-117.73279611133401,34.510858217464424],[-117.73246930991999,34.51086017739075],[-117.73247167706161,34.51113070022359],[-117.73312528197376,34.511126779463645]]]},"id":"2_+5644+4323","properties":{"count":207,"date":"2023-07-12","thr":1,"threshold":"TOP2"}},{"type":"Feature","geometry":{"geodesic":false,"type":"Polygon","coordinates":[[[-117.73277716684383,34.50869403446032],[-117.73277953479395,34.508964557382996],[-117.73408671058107,34.508956709494065],[-117.7340843383999,34.508686186661215],[-117.73343075268475,34.508690112307995],[-117.73342601266127,34.508149066516545],[-117.73375280342128,34.50814710416477],[-117.73375043239894,34.507876581269045],[-117.73244327338335,34.507884425349125],[-117.73245037387397,34.50869599423393],[-117.73277716684383,34.50869403446032]],[[-117.73277716684383,34.50869403446032],[-117.73310395977776,34.508692073824335],[-117.73310159080359,34.50842155091064],[-117.73277479892069,34.50842351153765],[-117.73277716684383,34.50869403446032]]]},"id":"2_+5645+4329","properties":{"count":13,"date":"2023-07-12","thr":1,"threshold":"TOP2"}},{"type":"Feature","geometry":{"geodesic":false,"type":"Polygon","coordinates":[[[-117.73342127275457,34.50760802068018],[-117.73340231440339,34.50544383683166],[-117.73307553416265,34.505445798105455],[-117.73307316556576,34.50517527504803],[-117.73241960711448,34.50517919494559],[-117.73242670666187,34.50599076418972],[-117.73308027145525,34.50598684417538],[-117.73308737762322,34.50679841320392],[-117.73276059207345,34.50680037370516],[-117.73276769535782,34.50761194267081],[-117.73342127275457,34.50760802068018]]]},"id":"2_+5645+4339","properties":{"count":17,"date":"2023-07-12","thr":1,"threshold":"TOP2"}},{"type":"Feature","geometry":{"geodesic":false,"type":"Polygon","coordinates":[[[-117.73107874021923,34.538733762743036],[-117.73107637513476,34.53846324104207],[-117.73074946575221,34.53846519772547],[-117.73075182977668,34.538735719444404],[-117.73107874021923,34.538733762743036]]]},"id":"2_+5651+4216","properties":{"count":1,"date":"2023-07-12","thr":1,"threshold":"TOP2"}},{"type":"Feature","geometry":{"geodesic":false,"type":"Polygon","coordinates":[[[-117.72770135954384,34.52630927063349],[-117.72769665344074,34.525768225713406],[-117.72736979342962,34.52577017273094],[-117.72737214540767,34.52604069521343],[-117.7270452843006,34.526042641377565],[-117.72704763525458,34.52631316386905],[-117.72770135954384,34.52630927063349]]]},"id":"2_+5661+4263","properties":{"count":3,"date":"2023-07-12","thr":1,"threshold":"TOP2"}},{"type":"Feature","geometry":{"geodesic":false,"type":"Polygon","coordinates":[[[-117.7304093750751,34.49950994337515],[-117.73040701561408,34.499239419895524],[-117.72909999043848,34.499247226497886],[-117.72909528005941,34.49870617934998],[-117.72811501718522,34.49871202500194],[-117.72811031325604,34.49817097768336],[-117.7290905698061,34.49816513213919],[-117.72908821471988,34.49789460852482],[-117.73039521878505,34.497886802317716],[-117.73039050027623,34.497345755196754],[-117.73006375142262,34.4973477080174],[-117.73006139326415,34.497077184420995],[-117.72973464543463,34.497079136352305],[-117.7297322883721,34.49680861272895],[-117.72907879471632,34.49681251392358],[-117.7290740848942,34.49627146655109],[-117.73005431900434,34.49626561355989],[-117.73004724501402,34.495454042591],[-117.72906702040805,34.49545989540254],[-117.72907173003254,34.496000942846884],[-117.7284182425841,34.49600484043928],[-117.72841588986942,34.495734316681165],[-117.72808914715132,34.49573626414786],[-117.72808444391384,34.49519521655977],[-117.72775770327983,34.495197163110184],[-117.72775535276602,34.49492663928021],[-117.72710187350124,34.494930529722005],[-117.727104221913,34.49520105358791],[-117.72677748118016,34.495202997524224],[-117.72678452341503,34.49601456912194],[-117.72711126730994,34.496012625131726],[-117.72711361584744,34.49628314895272],[-117.72678687089254,34.49628509296089],[-117.72678921839699,34.496555616790864],[-117.72613572629527,34.496559502220066],[-117.7261404171809,34.49710054992492],[-117.72712066162168,34.497094720343824],[-117.72712770768338,34.497906291627125],[-117.72745445893547,34.497904346630804],[-117.72746150844671,34.49871591774343],[-117.72713475402355,34.498717862802636],[-117.7271371028665,34.498988386497864],[-117.72811736919022,34.49898254864327],[-117.72811972123117,34.499253072275614],[-117.72746620827057,34.49925696508897],[-117.72746855823641,34.49952748874826],[-117.7304093750751,34.49950994337515]]]},"id":"2_+5661+4377","properties":{"count":113,"date":"2023-07-12","thr":1,"threshold":"TOP2"}},{"type":"Feature","geometry":{"geodesic":false,"type":"Polygon","coordinates":[[[-117.72689723753105,34.508999699800306],[-117.7268948885893,34.50872917653627],[-117.7265680950535,34.50873112056241],[-117.72656574718971,34.50846059726244],[-117.72623895468698,34.50846254040823],[-117.72623660791017,34.50819201707233],[-117.72590981642252,34.50819395931981],[-117.72591216213932,34.50846448267367],[-117.72558536956471,34.50846642405877],[-117.72558068027809,34.50792537730612],[-117.72590747074165,34.50792343594798],[-117.72590512508773,34.50765291257615],[-117.72557833568418,34.50765485390734],[-117.7255736465772,34.50711380707385],[-117.72524685924877,34.50711574749774],[-117.7252445158047,34.506845224045065],[-117.72491772950033,34.50684716357064],[-117.72491070250987,34.506035593077854],[-117.7239303529213,34.506041406237756],[-117.72393269205345,34.50631192980722],[-117.7242594763366,34.50630999294065],[-117.72428053943152,34.50874470432918],[-117.7246073331919,34.508742766411586],[-117.72462138299565,34.51036590667851],[-117.72429458290215,34.51036784471289],[-117.72429692358838,34.51063836806675],[-117.7239701224169,34.510640305238745],[-117.72397246207906,34.510910828601595],[-117.72429926431056,34.51090889140265],[-117.72430862749567,34.51199098464743],[-117.7246354339223,34.511989046505256],[-117.72463777584821,34.51225956976031],[-117.72529139071369,34.51225569079898],[-117.72528435868368,34.51144412109671],[-117.72561116290045,34.51144218036739],[-117.72560647292212,34.51090113387525],[-117.7259332750009,34.5108991923105],[-117.72592389119046,34.509817099254356],[-117.72625068901122,34.5098151568901],[-117.7262459951881,34.509274110335085],[-117.7265727908619,34.50927216713539],[-117.72657044294422,34.509001643853395],[-117.72689723753105,34.508999699800306]]]},"id":"2_+5671+4336","properties":{"count":97,"date":"2023-07-12","thr":1,"threshold":"TOP2"}},{"type":"Feature","geometry":{"geodesic":false,"type":"Polygon","coordinates":[[[-117.72714180065118,34.49952943386136],[-117.72713945174536,34.4992589101841],[-117.7261591819721,34.499264740241316],[-117.72615449058341,34.49872369273408],[-117.72386720813012,34.49873726532581],[-117.72387188474153,34.499278313102536],[-117.72321837097245,34.499282183206475],[-117.72322070721202,34.499552707117296],[-117.72714180065118,34.49952943386136]]]},"id":"2_+5671+4363","properties":{"count":26,"date":"2023-07-12","thr":1,"threshold":"TOP2"}},{"type":"Feature","geometry":{"geodesic":false,"type":"Polygon","coordinates":[[[-117.72498098508073,34.514151293073986],[-117.72497864187024,34.51388076991775],[-117.72367138654627,34.51388852130965],[-117.72367372552571,34.51415904454674],[-117.72498098508073,34.514151293073986]]]},"id":"2_+5672+4307","properties":{"count":4,"date":"2023-07-12","thr":1,"threshold":"TOP2"}},{"type":"Feature","geometry":{"geodesic":false,"type":"Polygon","coordinates":[[[-117.72134172525199,34.50903262983775],[-117.7213393942496,34.508762106241335],[-117.72101260018378,34.50876403540934],[-117.72101493012617,34.5090345590327],[-117.72134172525199,34.50903262983775]]]},"id":"2_+5680+4326","properties":{"count":1,"date":"2023-07-12","thr":1,"threshold":"TOP2"}},{"type":"Feature","geometry":{"geodesic":false,"type":"Polygon","coordinates":[[[-117.72054999714246,34.53095079093077],[-117.72054766679584,34.53068026825962],[-117.71989390731956,34.53068412363119],[-117.7198985638087,34.53122516904535],[-117.72022544567585,34.531223241763804],[-117.72022311636228,34.5309527190747],[-117.72054999714246,34.53095079093077]]]},"id":"2_+5684+4245","properties":{"count":3,"date":"2023-07-12","thr":1,"threshold":"TOP2"}},{"type":"Feature","geometry":{"geodesic":false,"type":"MultiPolygon","coordinates":[[[[-117.7190634534939,34.51012821067567],[-117.71906112975887,34.50985768698044],[-117.71873433125539,34.50985961012075],[-117.7187366539304,34.51013013382496],[-117.7190634534939,34.51012821067567]]],[[[-117.7190634534939,34.51012821067567],[-117.7190681010448,34.51066925801222],[-117.72102891043626,34.510657700503366],[-117.72103124059424,34.510928224036896],[-117.72135804310422,34.5109262947072],[-117.72134871842987,34.50984420057308],[-117.72036832346738,34.50984998570554],[-117.72037065142449,34.51012050931992],[-117.7190634534939,34.51012821067567]]]]},"id":"2_+5687+4322","properties":{"count":19,"date":"2023-07-12","thr":1,"threshold":"TOP2"}},{"type":"Feature","geometry":{"geodesic":false,"type":"Polygon","coordinates":[[[-117.71858555876386,34.6445866359823],[-117.71858089107273,34.64404560047656],[-117.71825356696498,34.6440475288271],[-117.71824656885535,34.64323597541129],[-117.71791924790966,34.64323790282758],[-117.71791691632336,34.64296738498038],[-117.7166076364932,34.64297508576121],[-117.71661229117672,34.643516121599326],[-117.7162849690183,34.64351804463183],[-117.71628962170757,34.64405908046097],[-117.71596229738422,34.64406100265805],[-117.71596927345817,34.64487255636132],[-117.71826056536206,34.64485908212613],[-117.71825823253609,34.644588564368775],[-117.71858555876386,34.6445866359823]]]},"id":"2_+5697+3830","properties":{"count":44,"date":"2023-07-12","thr":1,"threshold":"TOP2"}},{"type":"Feature","geometry":{"geodesic":false,"type":"Polygon","coordinates":[[[-117.71763621266781,34.64837966650185],[-117.7176338815576,34.648109148870255],[-117.71730654141493,34.64811107486721],[-117.71730421140067,34.64784055719968],[-117.71664953315448,34.647844406534574],[-117.71664720530516,34.64757388881314],[-117.71566519088684,34.64757965615896],[-117.7156628662535,34.64730913837465],[-117.71533552911119,34.6473110590446],[-117.71533320557378,34.64704054122435],[-117.71500586946453,34.647042461004965],[-117.71500122459959,34.64650142529261],[-117.7146738905924,34.64650334414796],[-117.7146762119469,34.64677386203108],[-117.71434887684376,34.646775780033025],[-117.71435119716519,34.647046297916155],[-117.71336918847811,34.64705204670278],[-117.71337150564645,34.64732256463082],[-117.71304416828853,34.64732447915629],[-117.71304648442381,34.647594997102296],[-117.71271914597895,34.64759691076538],[-117.71272146108117,34.647867428711386],[-117.71304880058605,34.64786551503034],[-117.71305343300932,34.64840655085049],[-117.71338077460729,34.648404636253154],[-117.71339236150901,34.6497572254981],[-117.71306501459303,34.64975914019425],[-117.7130673309978,34.65002965802348],[-117.71273998298587,34.65003157185724],[-117.71274229836656,34.65030208969545],[-117.7124149492497,34.65030400267581],[-117.71241726359735,34.650574520523],[-117.71208991339353,34.65057643264099],[-117.71209454004962,34.65111746833537],[-117.71111248288047,34.651123199524],[-117.7111147930599,34.65139371741611],[-117.71144214655156,34.651391807876294],[-117.71144445782696,34.651662325732474],[-117.71177181234269,34.65166041529434],[-117.71177412471403,34.651930933114585],[-117.71242883578466,34.65192710957032],[-117.71242652128431,34.651656591786015],[-117.71308123010917,34.65165276475629],[-117.71307891351574,34.65138224699893],[-117.71406097331696,34.651376499928084],[-117.71406329310838,34.65164701763155],[-117.71471800161882,34.6516431818163],[-117.71472032355722,34.651913699465865],[-117.71635709961235,34.65190409447223],[-117.71635477234695,34.6516335769125],[-117.71668212640454,34.651631653296086],[-117.71665884489308,34.648926477276554],[-117.71698618828766,34.64892455297742],[-117.7169838592436,34.64865403532786],[-117.71731120154224,34.64865211016634],[-117.71730887146511,34.64838159252576],[-117.71763621266781,34.64837966650185]]]},"id":"2_+5703+3817","properties":{"count":210,"date":"2023-07-12","thr":1,"threshold":"TOP2"}},{"type":"Feature","geometry":{"geodesic":false,"type":"Polygon","coordinates":[[[-117.71516154403577,34.66516712926047],[-117.71515921951023,34.66489661223074],[-117.71384959401732,34.66490428762518],[-117.71385655491873,34.66571583892097],[-117.71418396452813,34.66571392133225],[-117.7141816431377,34.66544340426659],[-117.71450905165118,34.665441485815485],[-117.7145067292187,34.66517096875881],[-117.71516154403577,34.66516712926047]]]},"id":"2_+5706+3749","properties":{"count":7,"date":"2023-07-12","thr":1,"threshold":"TOP2"}},{"type":"Feature","geometry":{"geodesic":false,"type":"Polygon","coordinates":[[[-117.71334138491937,34.643805830542206],[-117.71333906815528,34.64353531245247],[-117.71301174569143,34.64353722669946],[-117.71301406138654,34.643807744816144],[-117.71334138491937,34.643805830542206]]]},"id":"2_+5708+3828","properties":{"count":1,"date":"2023-07-12","thr":1,"threshold":"TOP2"}},{"type":"Feature","geometry":{"geodesic":false,"type":"Polygon","coordinates":[[[-117.71531926496922,34.64541743406035],[-117.71531461835258,34.6448763982402],[-117.71498729075037,34.64487831785911],[-117.71498496855146,34.6446077999131],[-117.71400298874522,34.64461355345182],[-117.71400066977127,34.64434303543395],[-117.7136733441723,34.64434495149553],[-117.71367102628531,34.644074433450704],[-117.71236172783307,34.64408208886661],[-117.71236404146205,34.64435260699228],[-117.71334601853741,34.64434686668575],[-117.7133506522812,34.644887902784376],[-117.71367798003612,34.644885987558226],[-117.71368029801295,34.6451565055761],[-117.71400762680094,34.64515458944265],[-117.7140099458737,34.645425107424586],[-117.71433727569475,34.64542319040181],[-117.71433959586346,34.645693708356795],[-117.71499425753574,34.645689871634254],[-117.714991935247,34.64541935372418],[-117.71531926496922,34.64541743406035]]]},"id":"2_+5710+3826","properties":{"count":22,"date":"2023-07-12","thr":1,"threshold":"TOP2"}},{"type":"Feature","geometry":{"geodesic":false,"type":"Polygon","coordinates":[[[-117.7177481423839,34.661364498679035],[-117.7177458097825,34.661093981631346],[-117.71741841859753,34.66109590855356],[-117.71741142417999,34.660284357275735],[-117.71708403614811,34.66028628326371],[-117.71708170580149,34.660015766126186],[-117.71675431881165,34.66001769122482],[-117.71675198956098,34.65974717405136],[-117.71642460360421,34.65974909825169],[-117.7164222754405,34.65947858105128],[-117.71609489051679,34.6594805043443],[-117.71609023642614,34.658939469871626],[-117.71576285359552,34.658941392248366],[-117.71576052765961,34.658670874967115],[-117.71543314586205,34.658672796454525],[-117.7154168726022,34.65677917504557],[-117.71607162127631,34.65677533146888],[-117.71606929452295,34.656504814115756],[-117.71639666775059,34.65650289102935],[-117.71639433996415,34.656232373685214],[-117.71672171209585,34.65623044973642],[-117.71671938327636,34.655959932392285],[-117.71639201221366,34.65596185632311],[-117.71638502913285,34.65515030417392],[-117.71671239700653,34.65514838029699],[-117.7167100683128,34.65487786291692],[-117.71703743509951,34.65487593818659],[-117.71702578677998,34.653523351151506],[-117.7166984253113,34.65352527578302],[-117.71669376832807,34.6529842408522],[-117.71571169012037,34.65299000935685],[-117.7157093648672,34.652719491806096],[-117.71538200646177,34.6527214128713],[-117.71538433065493,34.65299193043103],[-117.71505697116253,34.65299385063385],[-117.71505929432264,34.653264368202564],[-117.7147319337343,34.653266287543],[-117.71473425586134,34.6535368051207],[-117.71407953246582,34.65354064119646],[-117.71408185249979,34.653811158801105],[-117.71309976397943,34.65381690639297],[-117.71309744713447,34.65354638872544],[-117.71277008529748,34.653548302819715],[-117.71277240107344,34.65381882049623],[-117.7121176751806,34.65382264607068],[-117.71211998886348,34.65409316377414],[-117.71146526071587,34.654096985872116],[-117.71146757230566,34.65436750361151],[-117.71114020712693,34.65436941335794],[-117.71114482826736,34.65491044882775],[-117.71081746092369,34.654912357738745],[-117.71081977047433,34.65518287546915],[-117.7104924020437,34.65518478351777],[-117.71049471056126,34.655455301266144],[-117.71016734103468,34.655457208452376],[-117.71016964851918,34.65572772620075],[-117.70984227789666,34.655729632533586],[-117.70985150390005,34.656811703482184],[-117.70952412899257,34.65681360900653],[-117.70951260188271,34.655461020192774],[-117.70983997147216,34.65545911475826],[-117.70982843981683,34.65410652573789],[-117.71015580406132,34.65410461952184],[-117.71015118948756,34.65356358387237],[-117.70982382737209,34.653565490043505],[-117.70981921504413,34.6530244543042],[-117.70916449498135,34.65302826394254],[-117.7091621909913,34.6527577460145],[-117.70948954997165,34.652755841648975],[-117.70948724495751,34.65248532372992],[-117.70981460284193,34.652483418511004],[-117.70981229679474,34.65221290059194],[-117.71013965359218,34.65221099451064],[-117.71013734650293,34.651940476609546],[-117.71046470220445,34.651938569665866],[-117.71046008599576,34.6513975338547],[-117.7107874395413,34.651395626075576],[-117.71078513042187,34.6511251081655],[-117.71013042542384,34.65112892281644],[-117.71012811846036,34.65085840486145],[-117.71111017271897,34.650852681631896],[-117.7110870728828,34.64814750197419],[-117.7114144136094,34.64814559266794],[-117.71141210272927,34.64787507465905],[-117.71173944235991,34.647873164490406],[-117.71173019490475,34.646791092391965],[-117.71140285952313,34.646793002479754],[-117.71140054879571,34.64652248440798],[-117.71041854566022,34.64652820935332],[-117.71042085318963,34.646798727487976],[-117.71009351769125,34.646800634063354],[-117.71009582419659,34.64707115219801],[-117.70976848759327,34.64707305791998],[-117.70977079306553,34.64734357606362],[-117.70944345537525,34.647345480923214],[-117.70944806428064,34.64788651721049],[-117.70912072443438,34.64788842123465],[-117.70912302786749,34.648158939378284],[-117.7081410049511,34.64816464622257],[-117.70814330523112,34.648435164411126],[-117.7078159631301,34.648437064949825],[-117.7078136639101,34.648166546743305],[-117.70715898175624,34.6481703451527],[-117.70715668469218,34.647899826892285],[-117.70486530361254,34.64791309351783],[-117.70488133156942,34.64980672202347],[-117.70422663609355,34.649810504847096],[-117.70422892379715,34.650081023197345],[-117.70357422608446,34.6500848025445],[-117.70357651169499,34.65035532091271],[-117.70390386162931,34.650353431665835],[-117.7039061483268,34.6506239500071],[-117.70423349930317,34.65062205985293],[-117.70423807491699,34.6511630964636],[-117.70391072182059,34.651164986653704],[-117.70391529544014,34.651706023246405],[-117.70326058490849,34.65170980106642],[-117.7032628696297,34.651980319389715],[-117.70162608743907,34.651989748645924],[-117.70162152865069,34.6514487118017],[-117.70129417424276,34.651450594984944],[-117.70128961770018,34.650909558059865],[-117.7016169699791,34.650907674921534],[-117.70161241143327,34.65036663797849],[-117.70128506128336,34.65036852108089],[-117.70128278311088,34.65009800257793],[-117.70095543399403,34.65009988478201],[-117.70095771109752,34.65037040330294],[-117.70030301064496,34.65037416511497],[-117.70030528565536,34.650644683671835],[-117.69965058295703,34.650648441998406],[-117.69965512880067,34.65118947913908],[-117.69932777528207,34.651191357031244],[-117.6993300471933,34.65146187559709],[-117.69867533792826,34.651465628776315],[-117.69868214745458,34.65227718452775],[-117.69900950528508,34.65227530831543],[-117.69901177625307,34.65254582686331],[-117.69868441735356,34.65254770308461],[-117.69868668728849,34.65281822163249],[-117.69803196727062,34.652821971478964],[-117.69802969946471,34.65255145289515],[-117.69639290422157,34.652560812046836],[-117.69639516670945,34.65283133072048],[-117.69508572571254,34.65283880229616],[-117.69508798397835,34.65310932104167],[-117.69476062259051,34.65311118675268],[-117.69476287982326,34.65338170550717],[-117.69443551733947,34.6533835703558],[-117.69444228602836,34.654195126583346],[-117.69476965170117,34.65419326167183],[-117.69477190905069,34.654463780372424],[-117.69542664243548,34.65446004787242],[-117.69542890194097,34.654730566528094],[-117.69706574017748,34.65472121980909],[-117.69706347535397,34.65445070125223],[-117.69771820830756,34.654446956445305],[-117.697715941382,34.65417643791539],[-117.69837067208981,34.65417268964097],[-117.69837294114438,34.65444320813495],[-117.69870030751788,34.654441332659246],[-117.69870938827268,34.65552340642856],[-117.69903675886825,34.65552153000064],[-117.69904811581024,34.656874121850706],[-117.6993754916969,34.656872244443626],[-117.69938003681291,34.65741328106328],[-117.69970741479263,34.6574114027489],[-117.69970968846455,34.6576819210183],[-117.70003706747734,34.657680041796624],[-117.70003934223621,34.657950560039076],[-117.70200362206216,34.65793926615881],[-117.70200134092525,34.65766874803314],[-117.70232871972244,34.657666862666986],[-117.70232643754348,34.65739634454132],[-117.70298119292801,34.6573925712039],[-117.70298347723597,34.657663089284654],[-117.70331085594334,34.657661201277456],[-117.70331314133827,34.65793171933126],[-117.70462266012929,34.657924158436096],[-117.70462037047633,34.65765364046314],[-117.70560250605944,34.65764796062221],[-117.70560021324441,34.65737744268518],[-117.70756447719714,34.65736605938662],[-117.7075713748751,34.65817761280243],[-117.707243994434,34.658179512272135],[-117.70724629265688,34.65845003007441],[-117.70691891111981,34.65845192868173],[-117.70692120830962,34.65872244649299],[-117.70430214642818,34.65873760389254],[-117.70430443513789,34.65900812183855],[-117.70397705120233,34.65901001257663],[-117.70398848989102,34.660362602216836],[-117.7043158791446,34.660360711379944],[-117.70432503489974,34.66144278280465],[-117.7046524283754,34.66144089101554],[-117.70466387908355,34.662793479919124],[-117.70597347397086,34.66278590359988],[-117.70597576845674,34.66305642126741],[-117.70630316816671,34.663054524968764],[-117.70630546374854,34.663325042609344],[-117.70663286449157,34.663323145412384],[-117.70664664500735,34.66494625086959],[-117.7063192378773,34.66494814817435],[-117.70632842124665,34.66603021831446],[-117.70534618691175,34.666035905198186],[-117.70534847964592,34.66630642275792],[-117.70502106707207,34.66630831664908],[-117.7050233587642,34.666578834217795],[-117.70436853140664,34.66658261939501],[-117.7043708210057,34.66685313698169],[-117.70371599139337,34.66685691868243],[-117.70371827889036,34.66712743630504],[-117.70339086297477,34.66712932584836],[-117.70339314943871,34.667399843479956],[-117.70372056642329,34.667397953909685],[-117.70372285398315,34.66766847150535],[-117.70437768997351,34.66766468969682],[-117.70437997968934,34.667935207238585],[-117.70601707445775,34.66792573722581],[-117.70600559957595,34.666573149858344],[-117.70633301311099,34.66657125330816],[-117.70633071716983,34.6663007358203],[-117.70698554203007,34.666296940123814],[-117.7069878401092,34.666567457584726],[-117.70764266697269,34.666563658339896],[-117.70764496720778,34.66683417573793],[-117.70797238165912,34.66683227477703],[-117.70798388861976,34.66818486151568],[-117.7076564688504,34.668186762575395],[-117.70765876926517,34.66845727990157],[-117.70733134839988,34.6684591800989],[-117.70733824665277,34.669270732077415],[-117.70701082256252,34.6692726314483],[-117.70702461349876,34.67089573518074],[-117.70735204397603,34.67089383569307],[-117.70735664333232,34.6714348701388],[-117.7083389409625,34.671429166285904],[-117.70833203239695,34.670617614774514],[-117.70865946168846,34.6706157117924],[-117.70865485400478,34.67007467742752],[-117.70898228113133,34.67007277360099],[-117.70897997626992,34.669802256418556],[-117.7093074023095,34.66980035172964],[-117.70930970823093,34.670070868894115],[-117.71061941632394,34.67006324127208],[-117.71061248586643,34.66925168998528],[-117.7109399096243,34.66924978093954],[-117.71093759846569,34.66897926383795],[-117.71126502112762,34.66897735392982],[-117.71124883646861,34.667083734003086],[-117.71157625163859,34.667081823349356],[-117.71156931262912,34.66627027182899],[-117.71189672458313,34.6662683603578],[-117.71189441057686,34.665997843184336],[-117.71222182143492,34.66599593085076],[-117.71221950639558,34.66572541367731],[-117.71287432590186,34.66572158641402],[-117.71286969165502,34.66518055211202],[-117.71319709923422,34.665178637200285],[-117.71319478108671,34.66490812004479],[-117.71352218756999,34.664906204270665],[-117.71351986839841,34.66463568713314],[-117.71417467913712,34.66463185298876],[-117.71417235787246,34.66436133586921],[-117.7144997621279,34.66435941749895],[-117.71449743983018,34.66408890038838],[-117.71482484298969,34.66408698115574],[-117.71481787307818,34.66327542981503],[-117.71449047310769,34.663277348984785],[-117.71448815092675,34.6630068318293],[-117.71547034756834,34.6630010717239],[-117.71546802222532,34.662730554613326],[-117.71579541997697,34.66272863284744],[-117.71579076726974,34.66218759861731],[-117.71644555842518,34.66218375251635],[-117.71644322998299,34.66191323542374],[-117.71677062445578,34.6619113110707],[-117.71676829498051,34.66164079398708],[-117.71709568835736,34.66163886878064],[-117.71709335785802,34.66136835169702],[-117.7177481423839,34.661364498679035]],[[-117.70782975906097,34.650060173964356],[-117.70782286096079,34.64924861951548],[-117.70684082491103,34.649254316038125],[-117.70684771345314,34.650065870666666],[-117.70782975906097,34.650060173964356]]]},"id":"2_+5716+3817","properties":{"count":2582,"date":"2023-07-12","thr":1,"threshold":"TOP2"}},{"type":"Feature","geometry":{"geodesic":false,"type":"Polygon","coordinates":[[[-117.71204596630965,34.64543659111887],[-117.71203902831527,34.64462503679576],[-117.71171170146765,34.64462694761118],[-117.71170707841381,34.64408591129696],[-117.71007045435363,34.64409545201613],[-117.71007276054455,34.644365970276546],[-117.70941810857408,34.64436978044489],[-117.7094227168147,34.64491081701065],[-117.70975004493793,34.64490891232173],[-117.70975235015868,34.645179430564184],[-117.7104070084443,34.64517561851836],[-117.71040931583,34.64544613670691],[-117.71073664598342,34.64544422935],[-117.71073895445608,34.645714747511605],[-117.71106628565154,34.645712839247395],[-117.7110639761099,34.64544232111274],[-117.7113913062094,34.64544041199513],[-117.71139361681107,34.64571093011182],[-117.71172094794366,34.6457090200959],[-117.711718636273,34.64543850199718],[-117.71204596630965,34.64543659111887]]]},"id":"2_+5717+3826","properties":{"count":34,"date":"2023-07-12","thr":1,"threshold":"TOP2"}},{"type":"Feature","geometry":{"geodesic":false,"type":"Polygon","coordinates":[[[-117.71030122612429,34.671147217798925],[-117.71029891687908,34.670876700742255],[-117.70931662619287,34.67088242030668],[-117.70932585056134,34.6719644886861],[-117.70998071957376,34.67196067637078],[-117.7099737948565,34.67114912521872],[-117.71030122612429,34.671147217798925]]]},"id":"2_+5720+3727","properties":{"count":9,"date":"2023-07-12","thr":1,"threshold":"TOP2"}},{"type":"Feature","geometry":{"geodesic":false,"type":"Polygon","coordinates":[[[-117.70729864988523,34.510196893508706],[-117.70729636416691,34.50992636913076],[-117.70664276491415,34.509930151595064],[-117.70664504852142,34.510200676008935],[-117.70729864988523,34.510196893508706]]]},"id":"2_+5724+4322","properties":{"count":2,"date":"2023-07-12","thr":1,"threshold":"TOP2"}},{"type":"Feature","geometry":{"geodesic":false,"type":"Polygon","coordinates":[[[-117.70813038223812,34.608396441189896],[-117.70812808543458,34.6081259212137],[-117.7071465338732,34.608131614322744],[-117.70714882749671,34.60840213435284],[-117.70813038223812,34.608396441189896]]]},"id":"2_+5725+3959","properties":{"count":3,"date":"2023-07-12","thr":1,"threshold":"TOP2"}},{"type":"Feature","geometry":{"geodesic":false,"type":"Polygon","coordinates":[[[-117.71372857411413,34.49771475980419],[-117.71372165793984,34.49690318610442],[-117.71339490960726,34.496905094332696],[-117.71338338853408,34.495552471158376],[-117.71305664544767,34.49555437841647],[-117.71305203934503,34.49501332902278],[-117.71207181623025,34.49501904543413],[-117.71207411609704,34.495289570198345],[-117.71174737394487,34.49529147394403],[-117.71175197166623,34.495832523463484],[-117.71142522736709,34.49583442637373],[-117.71142292954846,34.49556390160053],[-117.7110961862734,34.495565803612465],[-117.71109388953275,34.495295278812314],[-117.71044040501282,34.49529908017717],[-117.71043811041015,34.49502855532312],[-117.7097846278755,34.49503235316657],[-117.70978004300005,34.49449130334169],[-117.71010678216982,34.494489404896065],[-117.71010448872597,34.49421887998812],[-117.71043122680878,34.49421698068011],[-117.71042204909881,34.493134880994404],[-117.71009531523809,34.49313678021258],[-117.710093021938,34.49286625524175],[-117.70911282331129,34.49287194761418],[-117.70911053320918,34.492601422571475],[-117.70878380133375,34.49260331826825],[-117.70878151231861,34.492332793189625],[-117.70780131965672,34.492338474970914],[-117.70779903383958,34.49206794982042],[-117.7081257637028,34.492066056791636],[-117.70812347685259,34.49179553165911],[-117.70845020562885,34.49179363776794],[-117.70844791776355,34.491523112644394],[-117.70877464545285,34.49152121789983],[-117.70877235656347,34.49125069277628],[-117.7090990831658,34.4912487971873],[-117.70909679325234,34.490978272072745],[-117.70877006770104,34.490980167643755],[-117.70876777886556,34.490709642502246],[-117.70811432978417,34.49071343099424],[-117.70811204309567,34.49044290579883],[-117.70680514877766,34.490450472227614],[-117.7068028663382,34.49017994695136],[-117.70614942110159,34.49018372488815],[-117.706151701439,34.490454250209325],[-117.70451808255785,34.490463679860795],[-117.70452035764012,34.49073420526282],[-117.70288673273127,34.49074361317506],[-117.70289581228234,34.491825715052656],[-117.70322254154368,34.49182383513927],[-117.70322481256557,34.492094360559264],[-117.70355154285099,34.49209247975656],[-117.70355381495983,34.49236300514061],[-117.70420727755189,34.492359240876176],[-117.70421182607251,34.49290029154548],[-117.70453855943916,34.49289840806579],[-117.7045408347999,34.49316893336002],[-117.70552103786429,34.49316327762089],[-117.70553243095448,34.49451590363388],[-117.70520569135353,34.494517789844444],[-117.70522163556049,34.49641146588894],[-117.70489488853946,34.49641335136289],[-117.70489944218946,34.49695440158303],[-117.70457269303044,34.49695628622155],[-117.70457496884933,34.49722681133611],[-117.70424821860334,34.49722869512123],[-117.70424366911253,34.496687644847185],[-117.70391692095063,34.49668952771602],[-117.70391010010556,34.49587795214775],[-117.70423684510538,34.495876069332816],[-117.70423457049922,34.495605544146386],[-117.70456131441209,34.495603660478054],[-117.70455676316956,34.495062610087224],[-117.70390327953898,34.495066376480665],[-117.70390100607366,34.49479585123136],[-117.70292078356077,34.494801494205426],[-117.70292759454233,34.495613070088105],[-117.70260085047676,34.49561494939063],[-117.70260311980981,34.49588547467587],[-117.70194962948676,34.49588923069377],[-117.70197230337776,34.49859448328569],[-117.70131879182752,34.49859823618644],[-117.70132105727087,34.49886876141779],[-117.70066754348383,34.49887251086002],[-117.70066980684308,34.49914303611831],[-117.70034304885363,34.499144909545855],[-117.7003407865454,34.49887438427858],[-117.70001402958,34.498876256816786],[-117.70000498486561,34.497794155523096],[-117.70033173760892,34.497792283056754],[-117.70032268915755,34.496710181646286],[-117.69999594062733,34.49671205403178],[-117.6999823751862,34.49508890143997],[-117.70063585954443,34.49508515601321],[-117.70063133375118,34.49454410512831],[-117.70030459370108,34.49454597824145],[-117.70030007013564,34.494004927266715],[-117.69997333216064,34.49400679946356],[-117.69997107147836,34.49373627394476],[-117.69964433452745,34.49373814525228],[-117.69964207493213,34.49346761969754],[-117.69898860305149,34.49347135965356],[-117.69899086053577,34.49374188524423],[-117.698664123495,34.49374375392867],[-117.69866186707075,34.493473228320035],[-117.69833513105408,34.49347509611514],[-117.69833062038846,34.49293404481702],[-117.69800388645587,34.49293591169584],[-117.69799261559943,34.4915832831496],[-117.69733915819066,34.491587014113485],[-117.69734366221772,34.49212806564517],[-117.69701693135738,34.49212992984701],[-117.6970191823648,34.49240045560836],[-117.69734591428515,34.49239859138855],[-117.69735267064017,34.49321016855583],[-117.69702593556673,34.493212032838514],[-117.69703043784209,34.49375308425342],[-117.69670370062167,34.49375494770068],[-117.69671045110171,34.494566524796085],[-117.69638371069227,34.49456838742588],[-117.69639270753544,34.49565049012992],[-117.69606596286798,34.49565235196021],[-117.69606371466331,34.495381826279704],[-117.69541022734961,34.49538554728128],[-117.69540798129191,34.49511502155586],[-117.69508123864567,34.49511688072714],[-117.69507225892438,34.49403477762784],[-117.69343856634545,34.4940440600095],[-117.693443045597,34.494585111765765],[-117.69311630488212,34.494586965654946],[-117.69312525952245,34.49566906910459],[-117.69279851455855,34.49567092220326],[-117.69280298994732,34.496211973887654],[-117.69149600134216,34.49621937766748],[-117.69149823485938,34.49648990357256],[-117.6911714865807,34.49649175235033],[-117.69117371907384,34.49676227825541],[-117.69052022031562,34.49676597323279],[-117.69052245072467,34.49703649916482],[-117.68823519674798,34.49704940419151],[-117.68822185903875,34.49542624763813],[-117.68854860336484,34.49542440680147],[-117.6885463794596,34.49515388068079],[-117.6888731227077,34.49515203898174],[-117.68887089777837,34.49488151287005],[-117.68952438205575,34.49487782689379],[-117.68952660909613,34.49514835296956],[-117.6898533522544,34.49514650864743],[-117.68985558037275,34.49541703468726],[-117.69050906870154,34.495413343392975],[-117.69050683846318,34.49514281738908],[-117.69083358153162,34.49514097044387],[-117.69083135026916,34.49487044444896],[-117.69017786622534,34.49487413741411],[-117.69017117895976,34.494062559240724],[-117.68984444005949,34.49406440435337],[-117.68983775621649,34.493252826009304],[-117.68951102045133,34.493254670196684],[-117.68950879362656,34.49298414404007],[-117.6888553241085,34.4929878297648],[-117.68885754883122,34.493258355957344],[-117.68853081297624,34.493260197530624],[-117.68853970793249,34.49434230225588],[-117.68788622768854,34.49434598292309],[-117.68789067112424,34.49488703529021],[-117.6875639288463,34.494888874348206],[-117.68756837029673,34.49542992670634],[-117.68724162588082,34.49543176492891],[-117.68724606533698,34.49597281726908],[-117.68495883882179,34.495985660626424],[-117.68496326362643,34.496526713182185],[-117.68463651475487,34.496528544487724],[-117.68464093755627,34.49706959702552],[-117.68496768853888,34.49706776568405],[-117.68496990104451,34.49733829192151],[-117.68562340503092,34.49733462657057],[-117.68562119041427,34.49706410037803],[-117.68660144301174,34.4970585958613],[-117.68660587859617,34.4975996481296],[-117.68693263151914,34.497597811515014],[-117.68693485041179,34.49786833760874],[-117.68791511214513,34.497862822446976],[-117.68791733423578,34.498133348477815],[-117.68824408914402,34.49813150832387],[-117.68824631231266,34.49840203432777],[-117.68857306825397,34.49840019327551],[-117.68857751679211,34.498941245211434],[-117.68890427480852,34.49893940325188],[-117.68890872558346,34.499480455097974],[-117.69086928571937,34.499469384781435],[-117.69086705398081,34.49919885897517],[-117.69021353616932,34.499202552533205],[-117.6902090770131,34.49866150081288],[-117.6905358338168,34.498659654505474],[-117.69053360322808,34.49838912864531],[-117.69086035895378,34.498387281484504],[-117.69085366419625,34.49757570388604],[-117.69216067414538,34.497568306726805],[-117.69216961743099,34.49865040986204],[-117.69184286077103,34.49865226054423],[-117.69184733048246,34.49919331207592],[-117.69152057167553,34.499195161913704],[-117.69152280552512,34.49946568768404],[-117.7117818598554,34.49934934417664],[-117.7117795605815,34.499078819583104],[-117.71210631751096,34.499076915567926],[-117.71210401721298,34.49880639097439],[-117.71243077305547,34.49880448611479],[-117.71242847172442,34.498533961530235],[-117.71275522648894,34.498532055808255],[-117.71275292413382,34.498261531232686],[-117.71340643144401,34.49825771720158],[-117.71340182261947,34.49771666809535],[-117.71372857411413,34.49771475980419]],[[-117.69739771996589,34.498620680216526],[-117.69739546721574,34.49835015474263],[-117.69706871208292,34.498352019384654],[-117.69707096378204,34.49862254486752],[-117.69739771996589,34.498620680216526]]]},"id":"2_+5725+4395","properties":{"count":1459,"date":"2023-07-12","thr":1,"threshold":"TOP2"}},{"type":"Feature","geometry":{"geodesic":false,"type":"Polygon","coordinates":[[[-117.70708778717976,34.63978427340239],[-117.70708549107691,34.639513754764685],[-117.7064308768177,34.63951754843996],[-117.70643317080054,34.6397880671136],[-117.70708778717976,34.63978427340239]]]},"id":"2_+5728+3843","properties":{"count":2,"date":"2023-07-12","thr":1,"threshold":"TOP2"}},{"type":"Feature","geometry":{"geodesic":false,"type":"Polygon","coordinates":[[[-117.70486196451174,34.531312878573395],[-117.70485968487502,34.53104235498597],[-117.70420592033224,34.53104612641896],[-117.70420819785792,34.53131665004232],[-117.70486196451174,34.531312878573395]]]},"id":"2_+5732+4244","properties":{"count":2,"date":"2023-07-12","thr":1,"threshold":"TOP2"}},{"type":"Feature","geometry":{"geodesic":false,"type":"Polygon","coordinates":[[[-117.70301616212318,34.506163546582655],[-117.70301161908228,34.505622496955404],[-117.70268483596693,34.505624376958615],[-117.70268937689679,34.5061654266218],[-117.70301616212318,34.506163546582655]]]},"id":"2_+5736+4338","properties":{"count":2,"date":"2023-07-12","thr":1,"threshold":"TOP2"}},{"type":"Feature","geometry":{"geodesic":false,"type":"Polygon","coordinates":[[[-117.70416862002688,34.48776030826023],[-117.70416634632801,34.487489782705495],[-117.70383963402685,34.48749166493652],[-117.70383736141495,34.487221139345856],[-117.70416407265608,34.487219257141774],[-117.70415270476363,34.48586662910757],[-117.70349929280063,34.485870392464705],[-117.70349702141941,34.485599866784206],[-117.70284361144168,34.48560362661096],[-117.70284134220745,34.48533310087656],[-117.7025146382247,34.48533497946043],[-117.70251917462704,34.485876030947196],[-117.7021924685063,34.485877908695635],[-117.7022038047601,34.48723053729578],[-117.70187709333929,34.48723241426268],[-117.70188389228345,34.48804399133114],[-117.7022106068753,34.48804211430135],[-117.70221287430392,34.488312639954906],[-117.70351973656105,34.48830512304125],[-117.70351746491033,34.48803459746855],[-117.70384417934947,34.48803271607295],[-117.7038419066747,34.48776219050923],[-117.70416862002688,34.48776030826023]]]},"id":"2_+5736+4413","properties":{"count":57,"date":"2023-07-12","thr":1,"threshold":"TOP2"}},{"type":"Feature","geometry":{"geodesic":false,"type":"Polygon","coordinates":[[[-117.70414887230808,34.64061287380599],[-117.70414429906582,34.6400718362521],[-117.70348968000063,34.64007561419787],[-117.70349196447928,34.64034613301524],[-117.70381927509435,34.640344244469055],[-117.70382156066894,34.64061476325948],[-117.70414887230808,34.64061287380599]]]},"id":"2_+5737+3841","properties":{"count":3,"date":"2023-07-12","thr":1,"threshold":"TOP2"}},{"type":"Feature","geometry":{"geodesic":false,"type":"Polygon","coordinates":[[[-117.70647905689796,34.645198438089146],[-117.70647217320676,34.644386882750936],[-117.70614484689813,34.64438877861839],[-117.70614255345428,34.644118260124415],[-117.70516057754674,34.64412394239079],[-117.70515370697093,34.64331238668427],[-117.70482638479456,34.64331427894949],[-117.70482409572551,34.64304376033873],[-117.7031874897035,34.64305320844159],[-117.70318977345451,34.64332372714219],[-117.70286245109847,34.64332561415225],[-117.70286473381641,34.64359613286183],[-117.70253741036443,34.64359801900952],[-117.70254197377014,34.64413905643765],[-117.70155999685647,34.6441447097154],[-117.7015645540099,34.64468574720641],[-117.70221920956466,34.64468197916007],[-117.70221692884995,34.64441146045948],[-117.70287158215892,34.64440768893666],[-117.70287386500263,34.644678207601316],[-117.7032011926767,34.64467632050142],[-117.70320347661637,34.64494683913913],[-117.7035308053235,34.644944951140914],[-117.70353766050218,34.6457565069193],[-117.7038649923624,34.64575461798683],[-117.70386270621289,34.64548409942997],[-117.70615402096992,34.64547085245058],[-117.70615172740929,34.645200334010504],[-117.70647905689796,34.645198438089146]]]},"id":"2_+5738+3830","properties":{"count":83,"date":"2023-07-12","thr":1,"threshold":"TOP2"}},{"type":"Feature","geometry":{"geodesic":false,"type":"Polygon","coordinates":[[[-117.70232230345162,34.57921233604488],[-117.70232002795612,34.578941814442736],[-117.70199295812549,34.57894369606291],[-117.70199068371696,34.57867317442483],[-117.7013365460769,34.57867693500617],[-117.70133881836541,34.57894745668018],[-117.70101174843596,34.57894933567728],[-117.70101401969141,34.57921985736028],[-117.70134109067189,34.57921797834522],[-117.7013433630143,34.57948849999229],[-117.70199750701443,34.57948473930315],[-117.701995232552,34.57921421769201],[-117.70232230345162,34.57921233604488]]]},"id":"2_+5742+4068","properties":{"count":8,"date":"2023-07-12","thr":1,"threshold":"TOP2"}},{"type":"Feature","geometry":{"geodesic":false,"type":"Polygon","coordinates":[[[-117.70325939182004,34.53510963092097],[-117.7032571170432,34.53483910741439],[-117.70293021983282,34.534840989456775],[-117.70292567248,34.53429994236277],[-117.70096430129115,34.534311216021955],[-117.70096883595976,34.53485226334054],[-117.70129573334978,34.53485038654432],[-117.7012980017935,34.53512091016768],[-117.70162490020762,34.53511903248212],[-117.70162943928695,34.53566007965698],[-117.7022832402564,34.53565632158193],[-117.70228096857875,34.53538579803942],[-117.70260786796304,34.53538391770384],[-117.70260559527028,34.53511339417031],[-117.70325939182004,34.53510963092097]]]},"id":"2_+5742+4232","properties":{"count":23,"date":"2023-07-12","thr":1,"threshold":"TOP2"}},{"type":"Feature","geometry":{"geodesic":false,"type":"Polygon","coordinates":[[[-117.70189644119999,34.64522490103808],[-117.70189416148241,34.64495438233748],[-117.70156683262256,34.64495626594294],[-117.70156911128014,34.645226784652515],[-117.70189644119999,34.64522490103808]]]},"id":"2_+5743+3823","properties":{"count":1,"date":"2023-07-12","thr":1,"threshold":"TOP2"}},{"type":"Feature","geometry":{"geodesic":false,"type":"Polygon","coordinates":[[[-117.7009144513416,34.64523054926729],[-117.70091217482202,34.6449600305128],[-117.70058484587234,34.6449619114772],[-117.7005871213319,34.64523243024966],[-117.7009144513416,34.64523054926729]]]},"id":"2_+5746+3823","properties":{"count":1,"date":"2023-07-12","thr":1,"threshold":"TOP2"}},{"type":"Feature","geometry":{"geodesic":false,"type":"Polygon","coordinates":[[[-117.700373493073,34.580846742811424],[-117.70036895446978,34.58030569950831],[-117.70004187915943,34.58030757597215],[-117.70004641563365,34.580848619311205],[-117.700373493073,34.580846742811424]]]},"id":"2_+5746+4062","properties":{"count":2,"date":"2023-07-12","thr":1,"threshold":"TOP2"}},{"type":"Feature","geometry":{"geodesic":false,"type":"Polygon","coordinates":[[[-117.70130646554045,34.6917595943257],[-117.70130190207186,34.69121856098491],[-117.70097439115045,34.69122044517427],[-117.70097211052558,34.69094992846793],[-117.70064460064621,34.69095181176796],[-117.70064915979391,34.69149284520757],[-117.70097667180228,34.691490961871615],[-117.70097895249003,34.69176147855998],[-117.70130646554045,34.6917595943257]]]},"id":"2_+5747+3653","properties":{"count":4,"date":"2023-07-12","thr":1,"threshold":"TOP2"}},{"type":"Feature","geometry":{"geodesic":false,"type":"Polygon","coordinates":[[[-117.6987656940279,34.50591739386668],[-117.69875892076658,34.50510581863079],[-117.69843213936703,34.50510768723438],[-117.69842762612323,34.504566636987285],[-117.69810084680776,34.504568504674594],[-117.69809408032873,34.50375692915124],[-117.69776730415737,34.5037587959043],[-117.69776504977229,34.503488270690916],[-117.69711149944177,34.50349200154701],[-117.69710924720366,34.503221476279734],[-117.6958021504054,34.50322892744568],[-117.69580439842143,34.50349945278483],[-117.6954776230855,34.50350131341138],[-117.69547987007745,34.503771838759505],[-117.6948263172137,34.503775557425456],[-117.69482856212156,34.50404608280053],[-117.69450178458474,34.50404794083993],[-117.69450851631694,34.504859516947185],[-117.6948352970248,34.50485765885389],[-117.69483754204944,34.505128184175064],[-117.6951643237724,34.50512632519243],[-117.695166569884,34.505396850486655],[-117.69549335264001,34.50539499060571],[-117.6954955998296,34.50566551587299],[-117.6958223836097,34.50566365509373],[-117.69582463189522,34.50593418032507],[-117.6974585556017,34.50592486325945],[-117.69746080919627,34.506195388383],[-117.69844116623189,34.50618978759382],[-117.69843890946626,34.505919262524166],[-117.6987656940279,34.50591739386668]]]},"id":"2_+5757+4347","properties":{"count":99,"date":"2023-07-12","thr":1,"threshold":"TOP2"}},{"type":"Feature","geometry":{"geodesic":false,"type":"Polygon","coordinates":[[[-117.6957429746137,34.5354232209289],[-117.69573847365886,34.534882173053354],[-117.6954115757568,34.53488403497348],[-117.69541607460057,34.53542508288495],[-117.6957429746137,34.5354232209289]]]},"id":"2_+5759+4230","properties":{"count":2,"date":"2023-07-12","thr":1,"threshold":"TOP2"}},{"type":"Feature","geometry":{"geodesic":false,"type":"Polygon","coordinates":[[[-117.6957931586467,34.50214682595437],[-117.69578866294701,34.501605775132354],[-117.69513512703446,34.501609495244594],[-117.69514186429129,34.50242107156745],[-117.69546863543209,34.50241921189311],[-117.69546638859285,34.5021486864821],[-117.6957931586467,34.50214682595437]]]},"id":"2_+5759+4353","properties":{"count":5,"date":"2023-07-12","thr":1,"threshold":"TOP2"}},{"type":"Feature","geometry":{"geodesic":false,"type":"Polygon","coordinates":[[[-117.69463541210939,34.55950725136143],[-117.69463091427171,34.558966205498116],[-117.69430392210943,34.5589680655767],[-117.69430167429103,34.5586975426091],[-117.6939746831528,34.55869940179835],[-117.69398367036604,34.5597814936777],[-117.69431066573532,34.559779634407604],[-117.69430841782707,34.55950911147595],[-117.69463541210939,34.55950725136143]]]},"id":"2_+5764+4142","properties":{"count":6,"date":"2023-07-12","thr":1,"threshold":"TOP2"}},{"type":"Feature","geometry":{"geodesic":false,"type":"Polygon","coordinates":[[[-117.69477126407828,34.53651089999693],[-117.69476676922301,34.5359698521124],[-117.69443986700902,34.53597171148131],[-117.69443537438158,34.53543066350696],[-117.6941084742427,34.535432521968566],[-117.69411071948294,34.5357030459782],[-117.69378381826608,34.535704903577425],[-117.69378157408586,34.53543437954983],[-117.69280087340871,34.53543994704744],[-117.692805355463,34.535980995210444],[-117.69247845306934,34.535982849333195],[-117.6924806930814,34.536253373414695],[-117.69313449996176,34.5362496642619],[-117.69313674212077,34.53652018828951],[-117.69346364657157,34.53651833237911],[-117.69347037639035,34.537329904345135],[-117.69379728398525,34.537328047509476],[-117.69379503962536,34.53705752355374],[-117.6941219461333,34.537055665855696],[-117.69411970074033,34.53678514190894],[-117.6944466061613,34.53678328335751],[-117.69444435974428,34.536512759410755],[-117.69477126407828,34.53651089999693]]]},"id":"2_+5767+4228","properties":{"count":27,"date":"2023-07-12","thr":1,"threshold":"TOP2"}},{"type":"Feature","geometry":{"geodesic":false,"type":"Polygon","coordinates":[[[-117.69278966880303,34.53408732644231],[-117.69278070565566,34.53300522973003],[-117.69212692408982,34.53300893668195],[-117.69212020838357,34.532197363916424],[-117.69179332073128,34.532199216026946],[-117.69178660846558,34.53138764309074],[-117.6914597239484,34.53138949426701],[-117.69144630656758,34.52976634795443],[-117.69111942835659,34.52976819815154],[-117.69112613375017,34.530579771420115],[-117.69079925234118,34.53058162079078],[-117.69081265757677,34.53220476710336],[-117.69113954531889,34.53220291762491],[-117.69114625151198,34.53301449056111],[-117.68983868766163,34.5330218834803],[-117.68984538143103,34.533833456524306],[-117.68951848723002,34.5338353026251],[-117.68952071748636,34.53410582696711],[-117.6891938221894,34.5341076722145],[-117.6892027392981,34.53518976954662],[-117.68887583974313,34.535191613985525],[-117.68888252471801,34.53600318691275],[-117.68855562196504,34.53600503053419],[-117.68855784929286,34.536275554840266],[-117.68888475310585,34.53627371120086],[-117.68888698152064,34.536544235471005],[-117.6892138863577,34.53654239094227],[-117.68921611585947,34.53681291517648],[-117.68954302172061,34.53681106974943],[-117.68954525230933,34.53708159396568],[-117.69019906607079,34.53707790045256],[-117.69020129880649,34.537348424614905],[-117.69085511456221,34.53734472756242],[-117.69085734943589,34.53761525167087],[-117.69118425832436,34.53761340181512],[-117.6911775506131,34.536801829498756],[-117.69150445630358,34.53679997881655],[-117.69149774569077,34.535988406446286],[-117.690843940625,34.53599210681356],[-117.69083723662379,34.53518053421871],[-117.69051033722154,34.535182383032414],[-117.69050140319756,34.53410028599674],[-117.69082829836876,34.534098437254904],[-117.69082382942089,34.533557388705624],[-117.69180450843068,34.53355183734175],[-117.69180674606218,34.53382236156698],[-117.69213364006556,34.533820509348665],[-117.69213587878403,34.53409103354694],[-117.69278966880303,34.53408732644231]]]},"id":"2_+5772+4249","properties":{"count":124,"date":"2023-07-12","thr":1,"threshold":"TOP2"}},{"type":"Feature","geometry":{"geodesic":false,"type":"Polygon","coordinates":[[[-117.69186269651574,34.540585463299074],[-117.69185598147425,34.53977389149475],[-117.69152906418653,34.53977574325492],[-117.69152682695926,34.539505219272236],[-117.69119991069563,34.5395070701341],[-117.69119320235556,34.53869549806926],[-117.69152011544814,34.5386936472613],[-117.69151340420653,34.53788207514256],[-117.6908595843455,34.53788577577034],[-117.69086405424557,34.53842682393334],[-117.69053714215012,34.53842867297162],[-117.690552780337,34.540322341299586],[-117.69087969983457,34.540320492135535],[-117.69088193504062,34.54059101610924],[-117.69186269651574,34.540585463299074]]]},"id":"2_+5773+4219","properties":{"count":27,"date":"2023-07-12","thr":1,"threshold":"TOP2"}},{"type":"Feature","geometry":{"geodesic":false,"type":"Polygon","coordinates":[[[-117.69024932988317,34.661793816776516],[-117.69024708661026,34.66152329813881],[-117.68959229696398,34.66152700348274],[-117.6895945381079,34.661797522156384],[-117.69024932988317,34.661793816776516]]]},"id":"2_+5780+3762","properties":{"count":2,"date":"2023-07-12","thr":1,"threshold":"TOP2"}},{"type":"Feature","geometry":{"geodesic":false,"type":"Polygon","coordinates":[[[-117.68694816438753,34.49949149395551],[-117.68694594531522,34.499220967924664],[-117.6866191860681,34.49922280466501],[-117.6866214040894,34.49949333070484],[-117.68694816438753,34.49949149395551]]]},"id":"2_+5785+4362","properties":{"count":1,"date":"2023-07-12","thr":1,"threshold":"TOP2"}},{"type":"Feature","geometry":{"geodesic":false,"type":"Polygon","coordinates":[[[-117.68727048443898,34.498948604300075],[-117.68726826436954,34.49867807826923],[-117.68661475012435,34.49868175253145],[-117.68661696808276,34.49895227860722],[-117.68727048443898,34.498948604300075]]]},"id":"2_+5785+4364","properties":{"count":2,"date":"2023-07-12","thr":1,"threshold":"TOP2"}},{"type":"Feature","geometry":{"geodesic":false,"type":"Polygon","coordinates":[[[-117.68828495419801,34.661804922369896],[-117.68828048045314,34.661263884869896],[-117.68762569257655,34.661267579622695],[-117.6876279273065,34.66153809841312],[-117.68730053225879,34.66153994449594],[-117.68730499967951,34.662080982085776],[-117.687959794006,34.662077288967915],[-117.68795755814418,34.661806770222405],[-117.68828495419801,34.661804922369896]]]},"id":"2_+5786+3763","properties":{"count":7,"date":"2023-07-12","thr":1,"threshold":"TOP2"}},{"type":"Feature","geometry":{"geodesic":false,"type":"Polygon","coordinates":[[[-117.68784133475052,34.64773977846884],[-117.68783686622487,34.64719873966628],[-117.68750952757338,34.64720058564131],[-117.68751399397003,34.6477416244798],[-117.68784133475052,34.64773977846884]]]},"id":"2_+5786+3815","properties":{"count":2,"date":"2023-07-12","thr":1,"threshold":"TOP2"}},{"type":"Feature","geometry":{"geodesic":false,"type":"Polygon","coordinates":[[[-117.68826656978943,34.54060578510421],[-117.68826211632853,34.540064736833415],[-117.68793519765741,34.540066578990604],[-117.687926295326,34.5389844822334],[-117.68759938085002,34.5389863234294],[-117.68759715639679,34.53871579919518],[-117.68727024295386,34.53871763950184],[-117.68726579625728,34.53817659095256],[-117.68693888488946,34.53817843034294],[-117.68693666264609,34.53790790603686],[-117.68660975231134,34.5379097445379],[-117.68660753114595,34.537639220195885],[-117.68628062184426,34.537641057798616],[-117.68627840176583,34.53737053342965],[-117.68595149348822,34.53737237014305],[-117.6859470555502,34.53683132132428],[-117.68562014935668,34.536833157130374],[-117.68561571364648,34.53629210822177],[-117.68528880953706,34.53629394311159],[-117.68528659278239,34.536023418625845],[-117.68561349583182,34.536021583754],[-117.68560684257645,34.53521001026982],[-117.68527994269807,34.53521184508777],[-117.6852821593629,34.53548236960945],[-117.68495525839758,34.53548420357399],[-117.68495968969704,34.53602525262633],[-117.68397898027929,34.536030749363654],[-117.68398119280289,34.53630127392126],[-117.68332738426064,34.536304934079936],[-117.68332959470014,34.536575458664494],[-117.68267578392108,34.53657911535568],[-117.6826779922765,34.53684963996718],[-117.68169727272574,34.53685511850464],[-117.68170168317532,34.53739616779952],[-117.68300931765121,34.53738886119046],[-117.68300710818188,34.53711833662387],[-117.68366092312912,34.537114678109106],[-117.68366313470949,34.53738520263977],[-117.68399004319372,34.53738337205288],[-117.68399446857329,34.537924421042334],[-117.68366755796903,34.53792625166515],[-117.68366976963922,34.53819677615988],[-117.68399668130348,34.538194945519095],[-117.68400774540369,34.539547567723226],[-117.68335391148402,34.539551228322075],[-117.68335612227388,34.539821752762904],[-117.68302920421361,34.53982358176876],[-117.68302699447479,34.53955305730996],[-117.68171932616835,34.539560364502925],[-117.68172594277245,34.54037193805897],[-117.68205286306952,34.54037011252062],[-117.68205506971813,34.540640636997374],[-117.68238199103929,34.54063881056071],[-117.68238419878385,34.54090933501052],[-117.68369188800307,34.54090202045137],[-117.68369409999666,34.541172544811346],[-117.68598256240503,34.541159710509014],[-117.68598478183668,34.54143023473425],[-117.68631170597854,34.54142839774237],[-117.68630948548689,34.541157873535106],[-117.68761717752682,34.54115051689887],[-117.68761495284004,34.54087999275448],[-117.68794187471813,34.54087815142375],[-117.6879396489983,34.54060762728835],[-117.68826656978943,34.54060578510421]],[[-117.68531763002461,34.53981076035725],[-117.68531097869165,34.538999187331214],[-117.68498406398209,34.53900102152933],[-117.68498628000911,34.53927154589829],[-117.68465936420363,34.539273379243],[-117.68466157919758,34.539543903620945],[-117.6849884960541,34.53954207026725],[-117.68499071213503,34.539812594609266],[-117.68531763002461,34.53981076035725]]]},"id":"2_+5790+4229","properties":{"count":231,"date":"2023-07-12","thr":1,"threshold":"TOP2"}},{"type":"Feature","geometry":{"geodesic":false,"type":"Polygon","coordinates":[[[-117.68819087714174,34.5314079579519],[-117.6881886514129,34.53113743341226],[-117.68786176762336,34.53113927494961],[-117.6878595429725,34.53086875037403],[-117.68753266021604,34.53087059102205],[-117.68752821312418,34.53032954180802],[-117.6872013324518,34.53033138153975],[-117.68719022051631,34.52897875819476],[-117.6875170959066,34.52897691855286],[-117.68751042593358,34.528165344457825],[-117.68685668146816,34.52816902275349],[-117.68685446031176,34.52789849799825],[-117.68652758908965,34.527900335816575],[-117.68652536902918,34.527629811025406],[-117.68587162860618,34.52763348399405],[-117.68586941068371,34.52736295915797],[-117.68456193371843,34.52737029453108],[-117.68456414740983,34.52764081944802],[-117.68391040663649,34.52764448192435],[-117.68391261825278,34.527915006859246],[-117.68423948970845,34.5279131760388],[-117.68424170240272,34.52818370094675],[-117.68391482988704,34.52818553178516],[-117.68391704155724,34.5284560567021],[-117.68359016795459,34.528457886687114],[-117.68359237860071,34.52872841160405],[-117.6832655039111,34.52873024072668],[-117.68327434254299,34.52981234035848],[-117.68425497920617,34.529806850142926],[-117.68425055348524,34.52926580046177],[-117.68457743019606,34.529263968671145],[-117.68457078867269,34.52845239411797],[-117.6848976621855,34.52845056150988],[-117.68490209195782,34.52899161119103],[-117.6858827186587,34.52898610801279],[-117.68588715488993,34.52952715753224],[-117.68621403250803,34.52952532135784],[-117.68621847096708,34.530066370787466],[-117.68589159123792,34.530068207006785],[-117.68589380944785,34.53033873172609],[-117.686220690246,34.5303368954888],[-117.6862251288847,34.53087794485555],[-117.68589824597551,34.53087978112877],[-117.68590268261995,34.53142083047754],[-117.68557579756379,34.53142266590635],[-117.68558023221397,34.53196371524615],[-117.68525334501982,34.5319655498485],[-117.68525556132532,34.53223607451391],[-117.68492867304421,34.53223790825388],[-117.6849308883346,34.53250843292827],[-117.68525777766675,34.53250659917033],[-117.68525999403514,34.532777123817766],[-117.68558688440933,34.5327752891705],[-117.68558910186468,34.533045813782],[-117.6862428846163,34.533042141819465],[-117.6862495435041,34.53385371548331],[-117.68657643801055,34.53385187813211],[-117.68657865876271,34.5341224026448],[-117.6872324497968,34.534118725283385],[-117.68722800410632,34.53357767632987],[-117.68755489746292,34.53357583637355],[-117.68755044977819,34.533034787402066],[-117.68787734098781,34.53303294660134],[-117.68786399230116,34.531409799507216],[-117.68819087714174,34.5314079579519]]]},"id":"2_+5792+4258","properties":{"count":162,"date":"2023-07-12","thr":1,"threshold":"TOP2"}},{"type":"Feature","geometry":{"geodesic":false,"type":"Polygon","coordinates":[[[-117.68494418065197,34.53413158073206],[-117.68493974975675,34.53359053151803],[-117.6842859625405,34.53359419655455],[-117.68429038919568,34.534135245849434],[-117.68494418065197,34.53413158073206]]]},"id":"2_+5793+4235","properties":{"count":4,"date":"2023-07-12","thr":1,"threshold":"TOP2"}},{"type":"Feature","geometry":{"geodesic":false,"type":"Polygon","coordinates":[[[-117.68524004777969,34.5303424015686],[-117.68523783167181,34.530071876813366],[-117.68393031219824,34.530079205925226],[-117.68393252407506,34.53034973076131],[-117.68425940504389,34.530347899770184],[-117.68426161800765,34.530618424570335],[-117.68491538196652,34.530614759938054],[-117.6849131668917,34.53034423517383],[-117.68524004777969,34.5303424015686]]]},"id":"2_+5794+4248","properties":{"count":6,"date":"2023-07-12","thr":1,"threshold":"TOP2"}},{"type":"Feature","geometry":{"geodesic":false,"type":"Polygon","coordinates":[[[-117.68420724889442,34.64370224104572],[-117.68420058257755,34.642890681665094],[-117.68256397240532,34.642899852970075],[-117.68256618916895,34.64317037286543],[-117.68223886597748,34.64317220450334],[-117.68224329747457,34.64371324429404],[-117.68191597213612,34.64371507509652],[-117.6819181868606,34.643985594991875],[-117.6815908604262,34.64398742493198],[-117.68159750159923,34.64479898460905],[-117.68192483122264,34.64479715461505],[-117.68192704606389,34.6450676744565],[-117.68290903794349,34.6450621791475],[-117.68290681990423,34.644791659350965],[-117.68323414941086,34.64478982584455],[-117.68322971130218,34.64424878626046],[-117.68355703865285,34.644246951909636],[-117.68355259854091,34.643705912307574],[-117.68420724889442,34.64370224104572]]]},"id":"2_+5801+3831","properties":{"count":41,"date":"2023-07-12","thr":1,"threshold":"TOP2"}},{"type":"Feature","geometry":{"geodesic":false,"type":"Polygon","coordinates":[[[-117.6829783877397,34.5336015161263],[-117.68297617868359,34.533330991389036],[-117.6826492859648,34.53333281907436],[-117.68264707799567,34.53306229431014],[-117.68232018630994,34.533064121106136],[-117.68231797941878,34.532793596305986],[-117.68166419806853,34.53279724722998],[-117.68166860764673,34.53333829689316],[-117.68134171481115,34.533340121084045],[-117.68134612238612,34.533881170729266],[-117.68101922740357,34.53388299408472],[-117.68102143018044,34.53415351890283],[-117.68232901414406,34.534146220180986],[-117.68232680713612,34.53387569542575],[-117.68265370200189,34.53387386857585],[-117.68265149396987,34.53360334383858],[-117.6829783877397,34.5336015161263]]]},"id":"2_+5801+4238","properties":{"count":18,"date":"2023-07-12","thr":1,"threshold":"TOP2"}},{"type":"Feature","geometry":{"geodesic":false,"type":"Polygon","coordinates":[[[-117.68399185420631,34.49761430965911],[-117.68398080766818,34.496261678148436],[-117.68332731182947,34.49626533461503],[-117.68332951896318,34.496535860978256],[-117.68300276994788,34.49653768791798],[-117.68299394578786,34.49545558231238],[-117.68266720095872,34.49545740830887],[-117.68265838149688,34.49437530244276],[-117.68069793723465,34.49438623960203],[-117.6806957387697,34.49411571299626],[-117.68004225922643,34.49411935169418],[-117.68003786660842,34.49357829836587],[-117.68036460428698,34.493576479493015],[-117.6803602096747,34.493035426155714],[-117.68068694521527,34.493033606447426],[-117.68068474690303,34.49276307977878],[-117.68101148135663,34.49276125921709],[-117.68100708270195,34.492220205879796],[-117.68133381501757,34.49221838447369],[-117.68132941436862,34.49167733112741],[-117.68067595393252,34.4916809729874],[-117.680673755764,34.49141044626486],[-117.67871338007018,34.49142135077036],[-117.6787177637769,34.49196240443105],[-117.67839103228773,34.4919642188303],[-117.67839541400019,34.492505272482],[-117.67806868036405,34.49250708603683],[-117.67807306009124,34.49304813967956],[-117.67774632431711,34.49304995239895],[-117.67775070205003,34.493591006023706],[-117.67742396413792,34.49359281790767],[-117.67742615198479,34.493863344729036],[-117.67709941299469,34.49386515575959],[-117.67710378667621,34.49440620938436],[-117.67645030437512,34.49440982889426],[-117.67645248914975,34.49468035572461],[-117.67612574690776,34.49468216419498],[-117.67612793065831,34.49495269102532],[-117.6744942136991,34.4949617203336],[-117.67450074929313,34.49577330104921],[-117.6738472559787,34.495776906761],[-117.67384943246189,34.49604743368118],[-117.67286918909909,34.496052835754035],[-117.67287788265305,34.4971349435156],[-117.67255113058349,34.49713674253568],[-117.6725554754201,34.49767779637604],[-117.67288222959172,34.497675997329004],[-117.67288440311047,34.49794652421325],[-117.67321115831515,34.497944724267896],[-117.6732198568907,34.49902683161623],[-117.67387337564543,34.49902322895871],[-117.67387555247896,34.49929375573516],[-117.67518259386914,34.499286539864926],[-117.67518477494271,34.49955706655154],[-117.68204675674443,34.49951895348644],[-117.68204235029236,34.49897790086779],[-117.68236910889269,34.49897607638945],[-117.68236249626811,34.49816449742555],[-117.68268925167942,34.498162672120756],[-117.68268704647708,34.497892145793465],[-117.68301380080143,34.497890319635275],[-117.68301159457502,34.49761979331697],[-117.68399185420631,34.49761430965911]]]},"id":"2_+5809+4391","properties":{"count":627,"date":"2023-07-12","thr":1,"threshold":"TOP2"}},{"type":"Feature","geometry":{"geodesic":false,"type":"Polygon","coordinates":[[[-117.6774672091884,34.539313491400975],[-117.67746282581406,34.53877244180067],[-117.67713591145485,34.5387742549782],[-117.67714029271816,34.53931530461444],[-117.6774672091884,34.539313491400975]]]},"id":"2_+5815+4216","properties":{"count":2,"date":"2023-07-12","thr":1,"threshold":"TOP2"}},{"type":"Feature","geometry":{"geodesic":false,"type":"Polygon","coordinates":[[[-117.67802990824096,34.648876856316555],[-117.67802330082662,34.64806529659457],[-117.67736861534,34.64806893505893],[-117.6773708156555,34.648339455017165],[-117.67704347180276,34.64834127295577],[-117.6770456710852,34.648611792914004],[-117.67737301599793,34.64860997496641],[-117.6773752163763,34.648880494897696],[-117.67802990824096,34.648876856316555]]]},"id":"2_+5817+3812","properties":{"count":7,"date":"2023-07-12","thr":1,"threshold":"TOP2"}},{"type":"Feature","geometry":{"geodesic":false,"type":"Polygon","coordinates":[[[-117.6774124254308,34.53255036788473],[-117.67739708925752,34.53065669194804],[-117.67707020660885,34.5306585045776],[-117.67706801690247,34.53038797938219],[-117.67674113528685,34.530389791122424],[-117.67673894665843,34.53011926589108],[-117.67641206607588,34.530121076732996],[-117.6764142536353,34.53039160198231],[-117.67608737196578,34.53039341197981],[-117.67609393167061,34.53120498770977],[-117.6757670467941,34.531206796880824],[-117.6757779749253,34.53255942294771],[-117.67610486508389,34.532557613677845],[-117.67610705186176,34.532828138837324],[-117.67643394304444,34.532826328687115],[-117.6764361309003,34.53309685381066],[-117.67676302311604,34.533095042771116],[-117.67676740103761,34.53363609295533],[-117.67644050670185,34.533637904039786],[-117.67644269464753,34.5339084291274],[-117.67709648539416,34.53390480605118],[-117.677085535389,34.53255218064904],[-117.6774124254308,34.53255036788473]]]},"id":"2_+5817+4248","properties":{"count":46,"date":"2023-07-12","thr":1,"threshold":"TOP2"}},{"type":"Feature","geometry":{"geodesic":false,"type":"Polygon","coordinates":[[[-117.67646895226855,34.53715472928944],[-117.67646457570343,34.536613679383706],[-117.67613766971652,34.53661548979443],[-117.67613548253439,34.53634496480563],[-117.67580857758055,34.53634677431804],[-117.67581076370266,34.5366172993248],[-117.67548385765286,34.53661910798382],[-117.6754860427509,34.53688963299956],[-117.67581294985172,34.53688782432259],[-117.6758151360367,34.5371583493024],[-117.67646895226855,34.53715472928944]]]},"id":"2_+5819+4225","properties":{"count":6,"date":"2023-07-12","thr":1,"threshold":"TOP2"}},{"type":"Feature","geometry":{"geodesic":false,"type":"Polygon","coordinates":[[[-117.67612892117668,34.535533389758385],[-117.67612454708194,34.53499233967299],[-117.6757976474012,34.53499414909557],[-117.6758020193849,34.535535199225876],[-117.67612892117668,34.535533389758385]]]},"id":"2_+5819+4230","properties":{"count":2,"date":"2023-07-12","thr":1,"threshold":"TOP2"}},{"type":"Feature","geometry":{"geodesic":false,"type":"Polygon","coordinates":[[[-117.67477984497332,34.53040064319327],[-117.6747689338652,34.52904801636281],[-117.67411518075798,34.5290516265482],[-117.67411300074441,34.52878110111025],[-117.6737861252014,34.52878290486446],[-117.6737904831624,34.52932395576732],[-117.67346360548142,34.52932575868609],[-117.67347013946747,34.530137334999964],[-117.67314325858847,34.53013913709229],[-117.67314543558369,34.530409662530246],[-117.67281855361774,34.53041146376917],[-117.67282290558698,34.5309525146361],[-117.67314978966398,34.53095071335226],[-117.67315196674903,34.5312212387453],[-117.67445950700063,34.53121402481543],[-117.6744573256935,34.53094349948527],[-117.67413044173328,34.53094530426356],[-117.67412826150412,34.53067477891543],[-117.67445514441332,34.53067297415511],[-117.67445296316006,34.53040244880699],[-117.67477984497332,34.53040064319327]]]},"id":"2_+5825+4253","properties":{"count":34,"date":"2023-07-12","thr":1,"threshold":"TOP2"}},{"type":"Feature","geometry":{"geodesic":false,"type":"Polygon","coordinates":[[[-117.67965669308079,34.52712715235708],[-117.67963691408266,34.52469242500549],[-117.679310054889,34.524694243357324],[-117.67930785842728,34.52442371801818],[-117.67865414207913,34.52442735206283],[-117.6786519477554,34.52415682667877],[-117.6779982334015,34.52416045719304],[-117.67799604122474,34.523889931755086],[-117.67636176010556,34.52389899264813],[-117.67636394700023,34.52416951817592],[-117.6750565173492,34.524176751212956],[-117.6750543346856,34.5239062256133],[-117.67472747825875,34.5239080316672],[-117.67472311512344,34.52336698039603],[-117.6743962607717,34.52336878554262],[-117.6743897194554,34.52255720848315],[-117.67406286825674,34.5225590126955],[-117.67406504760555,34.52282953841193],[-117.67341134299838,34.52283314425847],[-117.6734091657606,34.5225626185061],[-117.67308231447211,34.52256442009537],[-117.67307361003057,34.521482316897256],[-117.673400457088,34.52148051537087],[-117.67339610292687,34.52093946373139],[-117.6737229478463,34.520937661378554],[-117.67372076975514,34.52066713555432],[-117.67339392588673,34.52066893789817],[-117.67338957190526,34.52012788618682],[-117.67371641365364,34.5201260838789],[-117.67371205766892,34.519585032158574],[-117.67403889727932,34.51958322901522],[-117.67403671828085,34.51931270315505],[-117.67436355680428,34.5193108991583],[-117.67434829718543,34.517417217912566],[-117.67467512828878,34.517415413161224],[-117.67467076654587,34.51687436130615],[-117.67499759550225,34.516872555719374],[-117.67499541362018,34.51660202979633],[-117.67466858571484,34.51660383535615],[-117.67466422415158,34.516062783429206],[-117.67433739833034,34.51606458808173],[-117.6743330389949,34.51552353607394],[-117.67400621525775,34.51552533981018],[-117.67399967963676,34.51471376164578],[-117.67367285903472,34.514715564465746],[-117.6736706816083,34.514445038363036],[-117.67301704244339,34.51444864133496],[-117.67301486715496,34.514178115187335],[-117.67268804858311,34.51417991534828],[-117.67268587438166,34.513909389173705],[-117.67235905683388,34.51391118843634],[-117.67235688371937,34.513640662225825],[-117.67203006720467,34.51364246059913],[-117.67203223926815,34.5139129868276],[-117.67170542165749,34.51391478433852],[-117.67170759268791,34.514185310575975],[-117.67138077400826,34.5141871072335],[-117.6713851140389,34.51472815969044],[-117.67105829321227,34.51472995551253],[-117.67106263124865,34.515271007969474],[-117.67040898528349,34.51527459706243],[-117.67040248459799,34.51446301826022],[-117.66974884485816,34.51446660374195],[-117.66975100960934,34.51473713006026],[-117.66942418863002,34.51473892150755],[-117.66943284370913,34.51582102671789],[-117.66975966890156,34.515819235198734],[-117.66976183380547,34.51608976145416],[-117.67008866003096,34.51608796903669],[-117.67009949022783,34.51744060003533],[-117.67042632169948,34.51743880665666],[-117.67042848888511,34.51770933280429],[-117.67010165635344,34.51771112620092],[-117.670103822506,34.517981652357534],[-117.66977698888736,34.51798344489178],[-117.6697921453886,34.5198771277455],[-117.6694653043409,34.51987891953415],[-117.66946746861599,34.52014944562788],[-117.66914062649032,34.52015123656313],[-117.6691471163062,34.52096281481736],[-117.66947396161191,34.520961023828214],[-117.66947829041361,34.52150207589889],[-117.66915144300583,34.521503866923965],[-117.6691579332619,34.52231544499853],[-117.66948478384072,34.52231365391057],[-117.66948694837632,34.5225841798965],[-117.66981379997921,34.52258238791921],[-117.66981596560177,34.52285291387819],[-117.67046967083776,34.52284932727357],[-117.6704718385983,34.52311985316966],[-117.67079869224038,34.52311805854234],[-117.6708095367564,34.52447068778927],[-117.67113639564464,34.52446889219176],[-117.6711385656869,34.52473941798006],[-117.6714654256082,34.52473762149322],[-117.67146759673743,34.525008147254574],[-117.67179445768281,34.5250063498784],[-117.67179662989899,34.52527687560382],[-117.67212349187744,34.52527507732933],[-117.67212783851069,34.52581612872627],[-117.67245470256424,34.52581432954449],[-117.67246340042114,34.52689643211378],[-117.67279026866981,34.526894631979786],[-117.67279244426366,34.52716515757944],[-117.67311931354541,34.52716335655611],[-117.67311713690053,34.52689283097442],[-117.67442460950899,34.52688561819439],[-117.67443333318346,34.52796772014385],[-117.67476020549253,34.527965914691826],[-117.67476675172263,34.52877749096078],[-117.67607425334667,34.5287702601875],[-117.67607206701794,34.52849973484835],[-117.67574519270563,34.52850154383076],[-117.67574300746388,34.528231018464666],[-117.67541613418462,34.52823282655774],[-117.67541395002084,34.52796230115571],[-117.67508707777465,34.527964108359456],[-117.67508052863403,34.527152532027614],[-117.67540739770917,34.52715072487778],[-117.67540521366216,34.526880199430835],[-117.67573208165932,34.526878391427594],[-117.67572552652692,34.52606681505983],[-117.67801357946523,34.52605413491738],[-117.67801577188452,34.52632466025653],[-117.67834263752809,34.52632284529134],[-117.67834483102537,34.526593370603536],[-117.678671697702,34.52659155474004],[-117.67867389228624,34.52686208002528],[-117.67900075998695,34.52686026327245],[-117.67900295565815,34.52713078852176],[-117.67965669308079,34.52712715235708]],[[-117.67441806706081,34.526074041611025],[-117.67441370556944,34.52553299049257],[-117.67375997988778,34.525536598450145],[-117.67375780130253,34.525266072841504],[-117.67310407761514,34.525269677259715],[-117.67310625408935,34.52554020291327],[-117.6727793911497,34.525542003828804],[-117.67278156659982,34.52581252948236],[-117.67408902241877,34.52580532049322],[-117.67409120211794,34.52607584606592],[-117.67441806706081,34.526074041611025]],[[-117.67045883247522,34.521496697568494],[-117.67045666488535,34.52122617160053],[-117.67012981861843,34.52122796523073],[-117.67013198514829,34.52149849122564],[-117.67045883247522,34.521496697568494]]]},"id":"2_+5830+4309","properties":{"count":697,"date":"2023-07-12","thr":1,"threshold":"TOP2"}},{"type":"Feature","geometry":{"geodesic":false,"type":"Polygon","coordinates":[[[-117.67317202045199,34.49307523878842],[-117.67316549838657,34.49226365749789],[-117.67283876534333,34.49226545705696],[-117.67283441955449,34.491724402767446],[-117.67250768859533,34.491726201419226],[-117.67250551680135,34.49145567423854],[-117.67185205689526,34.491459268892065],[-117.67185422657819,34.491729796108686],[-117.6715274955292,34.491731592146365],[-117.67152966419705,34.49200211937197],[-117.67087619989819,34.492005708860184],[-117.67087836647296,34.49227623610375],[-117.67055163323208,34.492278029554285],[-117.67055596436042,34.49281908405041],[-117.67088269972132,34.49281729056394],[-117.67088486638592,34.49308781778056],[-117.67317202045199,34.49307523878842]]]},"id":"2_+5830+4391","properties":{"count":35,"date":"2023-07-12","thr":1,"threshold":"TOP2"}},{"type":"Feature","geometry":{"geodesic":false,"type":"Polygon","coordinates":[[[-117.67331662557805,34.673250825597805],[-117.67331443639269,34.672980306519925],[-117.6729869953602,34.67298211468486],[-117.6729848072708,34.672711595571045],[-117.67232992724502,34.67271520922394],[-117.6723342991838,34.67325624749649],[-117.67331662557805,34.673250825597805]]]},"id":"2_+5833+3721","properties":{"count":5,"date":"2023-07-12","thr":1,"threshold":"TOP2"}},{"type":"Feature","geometry":{"geodesic":false,"type":"Polygon","coordinates":[[[-117.66866939126793,34.66543099457993],[-117.66866287104406,34.664619435495744],[-117.66800805410698,34.66462302519955],[-117.66800588288791,34.66435250543895],[-117.66735106796304,34.66435609159441],[-117.66735323706207,34.66462661138196],[-117.66702582849472,34.66462840316163],[-117.66703666906713,34.66598100202753],[-117.66769149681993,34.665977417417174],[-117.66768932651715,34.66570689770148],[-117.66834415202418,34.66570330961464],[-117.66834197961934,34.6654327899259],[-117.66866939126793,34.66543099457993]]]},"id":"2_+5848+3752","properties":{"count":23,"date":"2023-07-12","thr":1,"threshold":"TOP2"}},{"type":"Feature","geometry":{"geodesic":false,"type":"Polygon","coordinates":[[[-117.66663513784665,34.49284053775077],[-117.66663083203285,34.492299482823455],[-117.66597736476956,34.49230304613476],[-117.66597951555194,34.49257357363884],[-117.66565278081985,34.49257535400092],[-117.66565493056919,34.492845881513986],[-117.66598166636128,34.49284410113394],[-117.66598381719757,34.493114628620056],[-117.66631055401373,34.4931128473417],[-117.66630840211744,34.492842319873546],[-117.66663513784665,34.49284053775077]]]},"id":"2_+5848+4388","properties":{"count":6,"date":"2023-07-12","thr":1,"threshold":"TOP2"}},{"type":"Feature","geometry":{"geodesic":false,"type":"Polygon","coordinates":[[[-117.66771971337013,34.669494172571284],[-117.66771754269905,34.66922365301729],[-117.66739011606656,34.66922544598273],[-117.66738794648244,34.66895492639281],[-117.66706052088301,34.66895671845993],[-117.6670648579582,34.66949775764876],[-117.66771971337013,34.669494172571284]]]},"id":"2_+5849+3735","properties":{"count":3,"date":"2023-07-12","thr":1,"threshold":"TOP2"}},{"type":"Feature","geometry":{"geodesic":false,"type":"Polygon","coordinates":[[[-117.66607417836369,34.504476771924764],[-117.66607202632366,34.50420624495069],[-117.66574524620869,34.504208026085315],[-117.66574309524664,34.50393749908429],[-117.66541631616472,34.503939279329586],[-117.66541846606677,34.50420980634858],[-117.66509168590687,34.5042115857315],[-117.66509383478484,34.50448211275947],[-117.66542061600474,34.504480333358586],[-117.66542276596965,34.50475086035063],[-117.66574954821364,34.50474908006042],[-117.66574739719769,34.504478553077355],[-117.66607417836369,34.504476771924764]]]},"id":"2_+5850+4345","properties":{"count":5,"date":"2023-07-12","thr":1,"threshold":"TOP2"}},{"type":"Feature","geometry":{"geodesic":false,"type":"Polygon","coordinates":[[[-117.66731447183804,34.49608329899076],[-117.66730585050864,34.49500118980987],[-117.66665236225171,34.49500475698393],[-117.66665020909777,34.49473422961459],[-117.6663234659844,34.494736011872114],[-117.66631700987331,34.4939244296653],[-117.66501004978066,34.493931549730206],[-117.6650164932345,34.4947431321616],[-117.66468974997741,34.49474491004433],[-117.66469189679823,34.49501543751248],[-117.66305817479946,34.49502431393648],[-117.66306031637411,34.4952948414765],[-117.66273357082632,34.49529661415798],[-117.6627357113769,34.49556714171596],[-117.66208221809839,34.49557068449178],[-117.66209077212602,34.49665279471472],[-117.66241752300083,34.49665102369512],[-117.66241966263512,34.49692155120819],[-117.66274641453401,34.49691977929027],[-117.66275069600347,34.497460834235554],[-117.66307744998645,34.49745906141034],[-117.66307959181263,34.49772958885154],[-117.66340634681968,34.497727815137],[-117.66340848973283,34.49799834254226],[-117.66569578138487,34.497985901944574],[-117.66569363107858,34.49771537466507],[-117.6666738953362,34.497710029931675],[-117.66666743511081,34.496898448174015],[-117.66699418664139,34.49689666490139],[-117.66698772350547,34.49608508308983],[-117.66731447183804,34.49608329899076]]]},"id":"2_+5851+4382","properties":{"count":163,"date":"2023-07-12","thr":1,"threshold":"TOP2"}},{"type":"Feature","geometry":{"geodesic":false,"type":"Polygon","coordinates":[[[-117.66500360658735,34.493119967199995],[-117.66500145891312,34.49284943965998],[-117.66467472304018,34.49285121742592],[-117.66467257644395,34.49258068985896],[-117.66401910672825,34.492584242722856],[-117.66402339571661,34.49312529791967],[-117.66500360658735,34.493119967199995]]]},"id":"2_+5854+4387","properties":{"count":5,"date":"2023-07-12","thr":1,"threshold":"TOP2"}},{"type":"Feature","geometry":{"geodesic":false,"type":"Polygon","coordinates":[[[-117.66461677511971,34.48554696889581],[-117.66461248351726,34.485005913097126],[-117.6639590728568,34.485009464963895],[-117.66396336025514,34.485550520834444],[-117.66461677511971,34.48554696889581]]]},"id":"2_+5854+4415","properties":{"count":4,"date":"2023-07-12","thr":1,"threshold":"TOP2"}},{"type":"Feature","geometry":{"geodesic":false,"type":"Polygon","coordinates":[[[-117.66824939333524,34.49039686723933],[-117.66824507748726,34.48985581227608],[-117.66726490545967,34.48986116855283],[-117.66726275074268,34.48959064099485],[-117.66628258161666,34.48959598935744],[-117.66628043009764,34.48932546173658],[-117.66366665293314,34.48933968547214],[-117.66366879601696,34.48961021323673],[-117.66399551932248,34.48960843830946],[-117.66399980768202,34.49014949376678],[-117.66432653306263,34.49014771793221],[-117.66433082364999,34.4906887732997],[-117.66498427854349,34.49068521893562],[-117.66498642599312,34.49095574657445],[-117.66563988288088,34.490952188679984],[-117.6656420324685,34.491222716264915],[-117.66596876191849,34.491220935983684],[-117.66596661127984,34.49095040841672],[-117.6666200680059,34.49094684528508],[-117.66661791528314,34.49067631774506],[-117.6672713697724,34.49067275114592],[-117.66726921497454,34.49040222363286],[-117.66824939333524,34.49039686723933]]]},"id":"2_+5855+4399","properties":{"count":58,"date":"2023-07-12","thr":1,"threshold":"TOP2"}},{"type":"Feature","geometry":{"geodesic":false,"type":"MultiPolygon","coordinates":[[[[-117.6619988402197,34.48502009960651],[-117.66199242833265,34.48420851538746],[-117.66231913068047,34.484206745185325],[-117.66231699238466,34.483936217106326],[-117.66329709609536,34.483930901307666],[-117.66329495466445,34.48366037327357],[-117.66362165479343,34.48365859961293],[-117.66361951233841,34.48338807157884],[-117.66394621138043,34.4833862970648],[-117.6639376376258,34.482304184883525],[-117.6642643324188,34.48230240956998],[-117.6642600436101,34.4817613534479],[-117.6645867362651,34.48175957728994],[-117.66458459084565,34.481489049228905],[-117.66425789924168,34.48149082535992],[-117.66425361060367,34.480949769165974],[-117.66294685233552,34.48095686484162],[-117.6629382922712,34.47987475201357],[-117.66261160684765,34.479876523679955],[-117.66261374577228,34.48014705192964],[-117.66228705927074,34.480148822733646],[-117.66228919716231,34.480419350983325],[-117.66098244664661,34.480426425557546],[-117.66098458035204,34.480696953870115],[-117.6606578916047,34.48069872034424],[-117.66066002427705,34.480969248656805],[-117.66098671408439,34.480967482164715],[-117.66099951708942,34.48259065168079],[-117.66067282095794,34.482592418280674],[-117.66067708674281,34.48313347472614],[-117.66035038846437,34.4831352404906],[-117.6603525203462,34.48340576871333],[-117.66067921967567,34.48340400293091],[-117.66068348563122,34.48394505930451],[-117.66101018703581,34.48394329260581],[-117.66101445521919,34.48448434889857],[-117.66134115870787,34.48448258129256],[-117.6613432938955,34.48475310939852],[-117.66166999840826,34.48475134091217],[-117.66167213467386,34.48502186899117],[-117.6619988402197,34.48502009960651]]],[[[-117.6619988402197,34.48502009960651],[-117.66200097757226,34.485290627649576],[-117.66298109718315,34.4852853142045],[-117.6629789566685,34.48501478621533],[-117.6619988402197,34.48502009960651]]]]},"id":"2_+5858+4434","properties":{"count":137,"date":"2023-07-12","thr":1,"threshold":"TOP2"}},{"type":"Feature","geometry":{"geodesic":false,"type":"Polygon","coordinates":[[[-117.66190483492083,34.431724071231585],[-117.66189843669717,34.43091247991585],[-117.66157194182426,34.43091424661455],[-117.6615740734905,34.431184777083075],[-117.66092108156175,34.43118830790232],[-117.660927470407,34.431999899343815],[-117.66060097124911,34.43200166350029],[-117.66060522850898,34.43254272443733],[-117.66027872722209,34.43254448775837],[-117.66028298249667,34.43308554867745],[-117.66126249260064,34.433080256001425],[-117.66125396953794,34.43199813431598],[-117.66158046864192,34.431996368416776],[-117.66157833689483,34.43172583798419],[-117.66190483492083,34.431724071231585]]]},"id":"2_+5860+4615","properties":{"count":19,"date":"2023-07-12","thr":1,"threshold":"TOP2"}},{"type":"Feature","geometry":{"geodesic":false,"type":"Polygon","coordinates":[[[-117.66334207269348,34.48961198729263],[-117.6633399306607,34.48934145951008],[-117.66268648603494,34.48934500495389],[-117.66268434614014,34.489074477126415],[-117.66333778866382,34.48907093170955],[-117.66333564669391,34.48880040390004],[-117.66235548603002,34.4888057206599],[-117.66235334724914,34.48853519278751],[-117.66137318949578,34.4885405016332],[-117.6613753251146,34.4888110295595],[-117.66104860474658,34.48881279744398],[-117.66105073933234,34.48908332537925],[-117.66072401788634,34.48908509241033],[-117.66073041865224,34.4898966761892],[-117.66040369401722,34.48989844239383],[-117.66040582660872,34.49016897031114],[-117.66073255230376,34.49016720408854],[-117.66073468597322,34.4904377319789],[-117.66204159268798,34.49043065825808],[-117.66203945479641,34.490160130439584],[-117.66301963136947,34.49015481603331],[-117.66301534933407,34.489613760468195],[-117.66334207269348,34.48961198729263]]]},"id":"2_+5862+4402","properties":{"count":43,"date":"2023-07-12","thr":1,"threshold":"TOP2"}},{"type":"Feature","geometry":{"geodesic":false,"type":"Polygon","coordinates":[[[-117.66142658838359,34.49530369615229],[-117.66141804336607,34.494221585534085],[-117.6610913019056,34.49422335377789],[-117.66109770745952,34.495034936811166],[-117.66077096280105,34.49503670422852],[-117.66077309699155,34.49530723190328],[-117.66142658838359,34.49530369615229]]]},"id":"2_+5863+4381","properties":{"count":5,"date":"2023-07-12","thr":1,"threshold":"TOP2"}},{"type":"Feature","geometry":{"geodesic":false,"type":"Polygon","coordinates":[[[-117.66206938791034,34.493947518784566],[-117.66206511140857,34.49340646345301],[-117.66173837317305,34.49340823338565],[-117.66173623601811,34.493137705683935],[-117.66108276155931,34.493141242899185],[-117.66108703167406,34.493682298365485],[-117.66043355288538,34.49368583214917],[-117.66043141992557,34.49341530439356],[-117.66010468153735,34.49341706996039],[-117.66010894538186,34.49395812550754],[-117.66206938791034,34.493947518784566]]]},"id":"2_+5863+4385","properties":{"count":12,"date":"2023-07-12","thr":1,"threshold":"TOP2"}},{"type":"Feature","geometry":{"geodesic":false,"type":"Polygon","coordinates":[[[-117.66127314707805,34.434432907832],[-117.66126888520084,34.433891847137495],[-117.66094237870372,34.433893612291094],[-117.66094024886107,34.43362308190342],[-117.66028723788804,34.43362660955161],[-117.66029362119069,34.434438200777514],[-117.66062012984376,34.43443643733072],[-117.66061800099823,34.434165906952025],[-117.66094450857334,34.434164142660805],[-117.66094663847886,34.43443467302153],[-117.66127314707805,34.434432907832]]]},"id":"2_+5864+4605","properties":{"count":7,"date":"2023-07-12","thr":1,"threshold":"TOP2"}},{"type":"Feature","geometry":{"geodesic":false,"type":"Polygon","coordinates":[[[-117.66030426058538,34.435790852572154],[-117.66029787686053,34.4349792615349],[-117.65997136606946,34.43498102413729],[-117.65996498575821,34.434169432938326],[-117.65963847809327,34.434171194615445],[-117.65964485525144,34.43498278587729],[-117.65931834440649,34.43498454673694],[-117.65932896831423,34.43633719867531],[-117.65965548441433,34.43633543772582],[-117.65965335853325,34.43606490738307],[-117.65997987355537,34.4360631455712],[-117.65997774664123,34.43579261522844],[-117.66030426058538,34.435790852572154]]]},"id":"2_+5866+4603","properties":{"count":15,"date":"2023-07-12","thr":1,"threshold":"TOP2"}}]}